Other,English
Abbasside,Abbasid
Abdère,Abdera
Abou-Bakre,Abu Bakr
Absalon,Absalom
"Abyssinie, Ethiopie",Abyssinia
Acadie,Acadia
Acarnanie,Acarnania
Achab,Achab
Achantis,Ashanti
Achaï,Achaia
Achaïe,Achaea
Achille,Achilles
Actéon,Actaeon
Adhérbal,Adherbal
Admète,Admetus
Afrique Occidental Allemande,German West Africa
Afrique Oriental Allemande,German East Africa
Agamemnon,Agamemnon
Agrigente,Agrigentum
Agrippine,Agrippina
Agésilas,Agesilaus
Ahura Mazda,Ahura Mazda
Ajax,Ajax
Akhenaton,Akhenaton
Akkadien,Akkadian
Aladin,Aladdin
Alaric,Alaric
Albanais(lang.),Albanian(ling.)
Albe,Alba
Alcée,Alcaeus
Alexandre,Alexander
Alexandre Nevsky,Aleksandr Nevski
Alexandre(Prince de Moscou),Aleksandr(Prince of Moscow)
Alexandres Sèvères,Severus Alexander
Alexandrie,Alexandria
Alexie (Tsar),Aleksei(Czar)
Allemand(lang.),German(ling)
Almohade,Almohad
Almoravides,Almoravids
Alphée,Alpheus
Ammien Marcelin,Ammianus
Amorite,Amorite
Amérique centrale,Central America
Anastase,Anastasius
Anatolie,Anatolia
Anaxagore,Anaxagoras
Anchise,Anchises
Ancien Anglais,Old English
Ancien Frison,Old Frisian
Ancien Perse,Old Persian
Ancien Saxon,Old Saxon
Ancyre,Ancyra
Andalousie,Andalusia
Andrinople,Adrianople
Andromaque,Andromache
Andromède,Andromeda
André III,Andrei III
Anglais Moderne(lang.),Modern English
Anglo-Français,Anglo-French
Anglo-Indien,Anglo-Indian
Anglo-Irlandais,Anglo-Irish
Anglo-Latin,Anglo-Latin
Anglo-Normand,Anglo-Norman
Anglo-Saxon(lang.),Anglo-Saxon(ling)
Anne(Tsarevna),Anna Ioannovna
Antigone,Antigonus
Antioche,Antioch
Antiochus III,Antiochus III
Antisthène,Antisthenes
Antoine,Antony
Antonin,Antoninus
Antonin le Pieux,Antonius Pius
Antonins,Antonines
Antée,Antaeus
Apennins,Apennines
Aphrodite,Aphrodite
Apollodore,Apollodorus
Apollon,Apollo
Appien,Appian
Apulée,Apuleius
Aqueduc,Aqueduct
Aquilée,Aquileia
Arabe,Arab
Arabie,Arabia
Arabie Pétrée(l'),Arabia Petraea
Arbèles,Arbela
Arcadie,Arcadia
Archiduc Maximillien(l'),Archiduke Maximillian
Archimède,Archimedes
Architecture Gothique,Gothic Architecture
Arcésilas,Arcesilaus
"Argolide, Argolide",Argolis
Ariane,Ariadne
Arianisme,Ariansim
Arioviste,Ariovistus
Aristarches,Aristarchus
Aristophane,Aristophanes
Aristote,Aristotle
Arlequin²,Harlequin
Armes de la Guerre Civil,Weapons of the Civil War
Armistice,Armistice
Armorique,Armorica
Arménie,Armenia
Arménien,Armenian
Arménien,Armenian(ling.)
Art Nouveau,Art Nouveau
Artaban,Artabanus
Artémise,Artemisia
Ascagne,Ascanius
Ashkalon,Ascalon
Asiatique,Asian
Asie,Asia
Asie Mineure,Asia Minor
Assise,Assisi
Assyrie,Assyria
Assyrien(lang.anc.),Assyrian(ling.)
Atalante,Atalanta
Athalie,Athalia
Athanase,Athanasius
Athènes,Athens
Athéna,Athena
Atlantide,Atlantis
Atlas,Atlas
Atrée,Atreus
Attale,Attalus
Attique,Attica
Augias,Augeas
Auguste,Augustus
Aulide,Aulis
Aulu-Gelle,Aulus Gellius
Aulule Gelle,Gellius
Aurélien,Aurelian
Ausone,Ausonius
Ausonie,Ausonia
Austrasie,Austrasia
Aventin(l'),The Aventine
"Averne(l'), Averne(l')",Averno
Avestan(lang.),Avestan(ling.)
Avicenne,Avicenne
Axoum,Axum
Azincourt,Agincourt
Açoka,Asoka
Aïda,Aïda
Baal,Baal
Babylonien,Babylonian(ling)
"Babylonien, Babylonien",Babylonian
Bactre,Bactra
Bactriane,Bactria
Balthazar,Belshazzar
Baltique(langue),Baltic(lang.)
Balto-Slave,Balto-Slavic
Barberousse,Barbarossa
Barca,Barca
Bari,Bari
Barka,Barka
Baroque,Baroque
Bas-Allemand,Low German
Bas-Franconien,Low Franconian
Bas-Latin,Low Latin
Basilique Saint Pierre,Saint Peter Church
Basse Californie,Lower California
Basse Égypte,Lower Egypt
Bataille d'Actium,Battle of Actium
Bataille d'Allalia 390.av.jc,Battle of Allia 390BC
Bataille d'Héraclée 280 av.jc,Battle of Heraclea 280 B.C
Bataille de Benevent 275 av.jc,Battle of Beneventum 275 BC
"Bataille de Cannes 216 av.jc, Cannes",Battle of Cannae 216 BC
Bataille de Chéronée,Battle of Chaeronea
Bataille de Drépante 249 av.jc,Battle of Drepanum 249 BC
Bataille de Horseshoe,Battle of Horseshoe(1814)
Bataille de Lépante(la),Battle of Lepanto 1571
Bataille de Marathon(la),Battle of Marathon 490 BC
Bataille de Plassey,Battle of Plassey 1757
Bataille de Sedan(la),Battle of Sedan 1870
Bataille de Tannenberg(la),Battle of Tannenberg 1914
"Bataille de Thapse 46 av.jc, Thapse",Battle of Thapsus 46 BC
Bataille de la Marne(la),Battle of the Marne 1914
Bataille des Îles Aégates -240,Battle of Aegates Islands
Bataille du Métaure 207 av.jc,Battle of Metaurus 207 BC
"Bataille du lac Trasimène, Bataille du Trasimène",Battle of Lake Trasimene 217BC
Batavia,Batavia
Baton-Rouge:fondé en 1803,Baton Rouge
Bellone,Bellona
Belzébuth,Beelzebub
Bengali(lang.),Bengali(ling.)
Bethsabée,Bathsheba
Bithynie,Bithynia
Boadicée,Boadicea
Boccace,Boccaccio
Bocchus,Bocchus
Bohémien,Bohemian
Booz,Boaz
Booz,Booz
Boris Godounof,Boris Godunov
Borysthène,Borysthenes
Borée,Boreas
Bosphore(le),Bosphorus(The)
Bothnie,Bothnia
Boëce,Boethius
Bragance,Braganza
Brandebourg,Brandenburg
Breton(lang.),Breton(ling.)
Briarée,Briareus
Brésilien,Brazilian
Bucéphale,Bucephalus
Bulgare(langue),Bulgarian(ling.)
Burgonde,Burgundian
Byzance,Byzantium
Bélisaire,Belisarius
Béotie,Boeotia
Béthanie,Bethany
Bétique(la),Baetica
Bône,Bona
Caaba,Kaaba
Cafrerie,Kaffraria
Calabre,Calabria
Calendrier Lunaire Musulman,Moslem Lunar Calendar
Calicut,Calciut
Califat,Caliphate
Calife,Caliphs
Caligula,Caligula
Callimaque,Callimachus
Callisthène,Callisthenes
Calvin,Calvin
Camargue,Camargue
Cambodge,Cambodia
Cambyse,Cambyses
Campagne de Tulahoma,Tullahoma Campaign
Campagne de Vicksburg,Vicksburg Campaign
Campagne de la Shenandoah,Shenandoah Valley Campaign
Campanie,Campania
Canadien Français,Canadian French
Canal de Suez,Suez Canal
Candie,Candia
Canée(la),Canea
Capoue,Capua
Cappadoce,Cappadocia
Capricorne,Capricorn
Caracalla,Caracalla
Carie,Caria
Carmanie,Carmania
Carmen,Carmen
Caron,Charon
Carpates,Carpathian mountains
Carpates,Carpathians
Carrache,Carracci
Carrare,Carrara
Carrhes,Carrhae
Carthage,Carthage
Carthagène,Cartagena
Carthagène,Carthago Nova
Cassandre,Cassandra
Caste,Caste
Castillan,Castilian
Castille,Castile
Catalogne,Catalonia
Catane,Catania
Catherine Ier,Ekaterian Alekseevna I
Catilina,Catilina
Catilina,Catiline
Caton,Cato
Caton l'Ancien,Cato(elder)
Catulle,Catulius
Catulle,Catullus
Catulle,Catulus
Caucase,Caucasus
Caïn,Cain
Caïphe,Caiaphas
Celte,Celt
Celtibère,Celtiberian
Celtique,Celtic(ling.)
Cendrillon,Cinderella
Cent Jours(les),Hundred Days
Cerbère,Cerberus
Cettigne,Cetinje
Ceylan,Ceylon
Chalcédoine,Chalcedon
Chaldaïque,Chaldaic
Chaldaïque(adj.),Chaldaic(adj)
Chaldée,Chaldea
Chaldéen,Chaldean
Champenois,Champenois
Chanaan,Canaan
Chandragupta,Chandragupta
Charlemagne,Charlemagne
Charles IX,Charles IX
Charles Martel,Charles Martel
Charles le Simple,Charles the Simple
Charybde,Charybdis
Chavin,Chavin
Chemin de Fer Transcontinental,Transcontinental Railroad
Cheval de Troie,Trojan Horse
Chinois,Chinaman
Christophe Colomb,Christopher Colombus
Chrysodtôme,Chrysostom
Chute de Constantinople(la),Constantinople fell
Chypriote,Cyprian
Chypriote,Cypriote
Chéronée,Chaeronaea
Cicéron,Cicero
Cilicie,Cilicia
Cimbre,Cimbri
Cimbres(les),Cimbri(The)
Cinghalais,Singhalese
Circassien,Circassian
Cirta,Cirta
Cité du Vatican(la),Vatican City
Civilisation Minoenne,Minoan Civilization
Civilisation Olmèques,Olmec Civilization
Claude,Claudius
Claudes le Gothique,Claudius II Gothicus
Claudien,Claudian
Claudius Macer,Clodius Macer
Clotaire,Clotharius
Cléopâtre,Cleopatra
Clérical,Clerical
Cnossos,Knossos
Cochinchine,Cochin China
Cocyte,Cocytus
Code Justininen(le),Codex Justinianus
Colchide,Colchis
Colisée(le),Colosseum
Colomb,Columbus
Colonie d' Angola(la),Colony of Angola
Colonnes d'Hercules(les),Pillars of Hercules(The)
Commission Sanitaire,Sanitary Commission
Commodes,Commodus
Commènes(les),Comneni
Compagnie des Indes(la),East India Company
Compositeur,Composer
Concerto Brandebourgeois,Brandenburg Concerto
Congrès de Berlin,Berlin Congress 1878
Conrad III,Conrad III
Conrad III Duc de Souabe,Conrad III Duke of Swabia
Constance,Constantius
Constance Chlore,Constantius I Chlorus
Constantin,Konstantin
Constantin le Grand,Constantine I the Great
Consulat(le),First Consul
Contes d'Hoffman(les),Tales of Hoffmann
Contreverse,Controversy
Convèrsion,Conversion
Coran,Koran
Corcyre,Corcyra
Cordou,Cordova
Cordova,Corduba(Rom Empire)
Corfou,Corfu
Corinthe,Corinth
Coriolan,Coriolanus
Cornouailles,Cornwall
Corse,Corsica
Costa-ricain,Costa Rican
Cottiennes(les Alpes),Cottian Alps(The)
Crassus,Crassus
Crimée,Crimea
Croate,Croat
Croate,Croatian
Croatie,Croatia
Croisade,Crusade
Croisade des Albigeois,Albigensian crusade
Crète,Crete
Crètes,Creta
Crémone,Cremona
Ctésiphon,Ctesiphon
Cubain,Cuban
Cubisme,Cubism
Culte,Cults
Culte Secret,Secret Ceremony
Cumes,Cumae
Cupidon,Cupid
Curaçao,Curaçao
Cybèle,Cybele
Cyclades,Cyclades
Cyrus,Cyrus
Cyrénaïque,Cyrenaica
Cythère,Cythera
Céphalonie,Cephalonia
Cérès,Ceres
Césaire,Caesarius
César,Caesar
Césarienne,Caesariensis
Côte d'Or(la),Gold Coast
Dace,Dacian
Dacie,Dacia
Dadaisme,Dadaism
Dadaïste,Dadaist
"Dalmate, Dalmatien",Dalmatian
Dalmatie,Dalmatia
Damas,Damascus
Damiette,Damietta
Damoclès,Damocles
Danois,Dane
Danois(lang.),Danish(ling.)
Danse des Sabres(la),Sabre Dance
Danube,Danube
Darius Ier,Darius I
Delphes,Delphi
Deuxième Guerre de L'Opium,Second Opium War/1857-58
Deuxième Guerre des Balkans,Second Balkan War 1913
Deuxième République Grècque,Second Greek Republic
Deuxième Symphonie,Second Symphonie
Diademes,Diadumenianus
Diane,Diana
Dictature Nazi(la),Nazi Dictatorship
Didon,Dido
Didon et Enée,Dido and Aeneas
Dimitri,Dmitri
Diogène,Diogenes
Dmitri I (Tsar),Dmitri I(czar)
Dominicain,Dominican
Domitien,Domitian
Domitien,Domitianus
Donatisme,Donatism
Douma,Duma
Drangiane,Drangiana
Dravidien,Dravidian
Drusus,Drusus
Dynastie Macédonienne,Macedonian Dynasty
Dynastie Sassanide,Sassanian Dynasty
Dynastie de Kushana,Kushana Dynasty
Dynastie des Carolingiens,Carolingian Dynasty
Dynastie des Gupta,Gupta Dynasty
Dynastie des Habsbourg,Hapsburg Dynasty
Dynastie des Julio-Claudien,Julio-Claudian Dynasty
Dynastie des Maurya,Maurya Dynasty
Dynastie des Romanovs,Romanov Dynasty
Dynastie des Sèvères,Severian Dynasty
Démeter,Demeter
Détroit de la Sonde,Sunda Strait
Dürer,Durer
Ecbatane,Ecbatana
Eden,Eden
Edesse,Edessa
Egypte,Egypt
Elbe,Elba
Electre,Electra
Eliagabale,Elagabalus
Elisabeth(Tsarevna),Elizaveta Petrovna
Elseneur,Elsinore
Elymaïs,Elymais
Empereur d'Allemagne,Emperor of Germany
Empire,Empire
Empire Bulgare,Bulgarian Empire
Empire Han,Han Empire
Empire Inca(L'),Inca Empire
Empire Khmère,Khmer Empire
Empire Mogol(l'),Mogul Empire
Empire Perse,Persian Empire
"Empire Séleucides, Empire des Séleucides",Seleucid Empire
Empire des Almohades,Almohad Empire
Empire des Aïoubites,Empire of the Ayubites
Empire du Songhaï,Songhay Empire
Empédocle,Empedocles
Enceclade,Enceladus
Ennius,Ennius
"Enée, Énée",Aeneas
Eole,Aeolus
"Ephese, Éphèse, èphese",Ephesus
Epire,Epirus
Eros,Eros
Erythrée,Eritrea
Escaut,Scheldt
Eschyle,Aeschylus
Esclavonie,Slavonia
Esculape,Aesculapius
Esquilin,Esquiline
Estonie,Estonia
Estonien,Estonian
Estrémadure,Estremadura
Etat de Malacca,Malacca State
Ethiopien,Ethiopian
"Eubée, Négrepont",Euboea
Euclide,Euclid
Eumée,Eumaeus
Euphrate,Euphrates
Euripide,Euripides
Europe,Europa
Europe,Europe
Européen,European
Euryale,Euryalus
Eusèbe,Eusebius
Excommunié,Excommunicated
Expressionisme,Expressionism
Fabien,Fabian
Fasciste,Fascist
Faust,Faust
Ferdinand Magellan,Ferdinand Magellan
Ferrare,Ferrara
Fiesque,Fieschi
Fiesque,Fiesco
"Fillipin, Phillipin",Phillipians
Finno-Ougrien,Finno-Ugric
Finnois(lang.),Finnish(ling)
Fionie,Fuhnen
Firdoussi,Firdausi
Flamand(lang.),Flemish(ling.)
Flandre néerlandaise,Dutch Flanders
Flandre-orientale,East Flanders
"Flavien, Flaviens(les)",Flavian
Flessingue,Flushing
Flore,Flora
Florentin,Fiorentine
Florissant(e),Flourished
Formose,Formosa
Founan,Funan
Franc,Frankish
Franciscain,Franciscan
"Francisco Pizarre, Pizarre",Francisco Pizarro
Franconie,Franconia
Français(lang.),French(ling.)
François I,Franz I
François Ier,François I
François-Joseph,Franz-Josef I
François-Joseph II,Franz II
Frederique Ier,Friedrich I
Frioul,Friuli
Frise,Friesland
Frison(lang.),Frisian(ling)
Front Occidental,Western Front
Frédégonde,Fredegond
Frédérique II De Sicile,Frederick II King of Sicilia
Frédérique II Hohenstaufen,Frederick II Hohenstaufen
"Frédérique II, Frédérique le Grand",Friedrich II the Great
Frédérique Ier Barberousse,Frederick I Barbarossa
Fulvie,Fulvia
Fédor IV(Tsar),Fedor IV(Czar)
Fédor Ier,Fedor I
Féodalisme,Feudalism
Gabaon,Gibeon
Gaius Gracches,Gaius Gracchus
Galatie,Galatia
Galba,Galba
Galice,Galicia
Galien,Galen
Galilée(Palestine),Galilea
Galilée(Palestine),Galilee
"Galilée, Gallilé",Galileo
Gallad,Gilead
Gallien,Gallienus
Gallois(lang.),Welsh(ling.)
Galère,Galerius
Gange,Ganges
Garibaldi,Garibaldi
Gascogne,Gascony
Gaules,Gaul
Gaulois(lang.),Gaulish(ling.)
Gaza,Gaza
Gaëlique(lang.),Gaelic(ling.)
Genève,Geneva
Germanie,Germania
"Germanique(lang), Germanique(lang)",Germanic(ling.)
Gessen,Goshen
Geta,Geta
Ghanéen,Ghanaian
Ghâtes(les),Ghauts(the)
Glinka,Glinka
Go Daïgo,Godaigo
Goa,Goa
Gogol,Gogol
Gordien II,Gordian II
Gordien III,Gordian III
Gordien Ier,Gordian I
Gothie,Gothland
Gothique,Gothic(ling.)
Goualior,Gwalior
Gouvernement Provisoire,Provisional Government
Grande Catherine(la),Ekaterina Alekseevna II
Grande Colombie(la),Greater Colombia
Grande Muraille de Chine(la),Great Wall of China
Grands Princes de Moscou,Grand Princes of Moscow
Granique(le),Granicus(the)
Gratien,Gratian
Groningue,Groningen
"Grècque(lang.), Grècque(lang.)",Greek(ling.)
Grégoire,Gregorius
Grégoire,Gregory
Gueldre,Guelders
Guerchin(le),Guercino
Guerre Anglo-Américaine,War of 1812
Guerre Civile,Civil War
Guerre Civile Russe,Russian Civil War
Guerre Franco-Prussienne(la),Franco-Prussian War 1870-71
Guerre Hispano-Américaine,Spanish-American War 1898
Guerre Puniques,Punic Wars
Guerre Russo-Japonaise(la),Russo-Japanese War 1904-05
Guerre Sainte,Holy War
Guerre de Crimée,Crimean War
Guerre de Succéssion d'Éspagne,Queen's Ann War
Guerre de Trente Ans(la),Thiry Years War 1618-48
Guerre de Troie,Trojan War
Guerre des Boërs(la),Boer War 1899-1902
Guerre du Nord(la),Great Northen War 1700-21
Guerre du Pacifique(la),War of the Pacific 1879-84
Guerre du Paraguay,Paraguayan War 1865-70
Guerre du Péloponnèse,Peloponnesian War
Guerre non-déclaré,Undeclared War
Guerres Israëlo-Arabe,Arab-Israeli Wars
Guilde,Guilds
Guilde Hanséatique,Hanseatic League
Guillaume d'Orange,William of Orange
Guyenne,Guienne
Gédéon,Gideon
Géorgie,Georgia
Gépides(les),Gepidae(the)
Gênes,Genova
Habsbourg,Hapsburg
Hadrien,Hadrian
Hagia Sophia,Hagia Sophia
Halicarnasse,Halicarnassus
Hammourabi,Hammurabi
Han,Han
Hannon,Hanno
Hanse(la),Hanse(the)
Harappe,Harappa
Haroun El Rachid,Harun-Al-Rachid
Harpale,Harpalus
Harpocrate,Harpocrates
Hasdrubal,Hasdrubal
Hasdrubal Barca,Hasrdubal Barca
Hatra,Hatra
Haut Allemand,High German
Haut Niger,Upper Niger
Haute Californie,Upper California
Haute Égypte,Upper Egypt
"Haïtien, Haïtien",Haitian
Hebreu(lang.),Hebrew(ling.)
Hellespont,Hellespontus
"Hellènique(lang.), Hellènique(lang.)",Hellenic(ling.)
Helvétie,Helvetia
Henri II,Henri II
Henri III,Henri III
Henry VI D' Hochenstaufen,Henry VI of Hohenstaufen
Herculanum,Herculaneum
Hernando Cortez,Hernando Cortés
Herzégovine,Herzegovina
Hideyoshi,Hideyoshi
Hilaire,Hilarius
Hilaire,Hilary
Hindoustan,Hindustan
Hindoustani,Hindustani
Hipparque,Hipparchus
Hippocrate,Hippocrates
Hippolyte,Hipoolytus(masc)
Hippolyte,Hippolyta(fem)
Hippomène,Hippomenes
Hippone,Hippo Regius
Hittites,Hittites
Hiéron,Hiero
Hollandais,Dutchman
Hollande,Holland
Holopherne,Holophernes
Hombourg,Homburg
Homère,Homer
Hongrie,Hungary
Hongrois(lang.),Hungarian(ling.)
Horace,Horace
Horaces(les),The Horatii
Huguenot,Huguenot
Humanisme,Humanism
Hun,Hun
Huningue,Huningen
Huns,Huns
Hyacinthe,Hyacinthus
Hygie,Hygeia
Hyksos,Hyksos
Hymen,Hymen
Hymette,Hymettus(mount)
Hyrcan,Hyrcanus
Hyrcanie,Hyrcania
Hécube,Hecuba
Hégire,Hejira
Héjaz,Hejaz
Héliodore,Heliodorus
Héliogabale,Heliogabalus
Hélène de Troie,Helen of Troy
Héraclide,Heraclides
Héracliens(les),Heraclians
Héraclite,Heraclitus
Héraclée,Heraclea
Hérode,Herod
Hérodote,Herodotus
Hésiode,Hesiod
Ibérie,Iberia
Icare,Icarus
Icaria,Icaria
Icarie,Nikaria
Iconoclaste,Iconoclast
Idoménée,Idomeneus
Ignace,Ignatius
Iliade,Iliad
Ilion,Ilion
Ilion,Ilium
Ilion,Troy
Illyrie,Illyria
Impératrice des Indes,Empress of India
Indien d'Amérique,Native American
Indien(lang.),Indian(ling.)
Indo-Européen,Indo-European
Indonésien(lang.),Indonesian
Inquisition,Inquisition
Inter Règne,Interregnum
Ionie,Ionia
Ionien,Ionian
Iphicrate,Iphicrates
Iphigénie,Iphigenia
Iranien,Iranian(ling.)
Iraouaddy,Irrawaddy
Irlandais(lang.),Irish(ling.)
Isaurie,Isauria
Isaurien,Isaurian
Iscariote,Iscariot
Isis,Isis
Islamisé,Islamized
Islandais,Icelandic(ling.)
Ismaël,Ishmael
Isthme de Suez,Suez Isthmus
Istrie,Istria
Italien(lang.),Italian(ling.)
Ithaque,Ithaca
Iule,Iulus
Ivan II,Ivan II
Ivan III le Grand,Ivan III the Great
"Ivan IV, Ivan le Terrible",Ivan IV the Terrible
Ivan Ier,Ivan I
Ivan Tourgeniev,Ivan Turgenev
Ivan V(Tsar),Ivan V(Czar)
Ivan VI,Ivan VI(Czar)
Jacques Ier,James the First
Jamblique,Iamblichus
Japet,Japetus
Japhet,Japheth
Japonais(lang.),Japanese(ling.)
Jean II,John II
Jean Sans Terre,John Lackland
Jeanne D'Arc,Joan of Arc
Joad,Jehoiada
Joseph II,Josef II
Josué,Joshua
Jovien,Jovian
Juan Sebastian El Cano,Juan Sebastiàn Del Cano
Juda,Judah
Judée,Judaea
Judée,Judea
Jugurtha,Jugurtha
Jules César,Julius Caesar
Julie,Julia
Julien,Julian
Julio-Claudiens,Julio-Claudians
Junon,Juno
Jupiter,Jove
Jupiter,Jupiter
Justinien Ier,Justinian I
Juvénal,Juvenal
Jézabel,Jezebel
Kairouan,Kairwan
Kaiser Guillaume II,Kaiser Wilhelm II
Kaiser Guillaume Ier,Kaiser Wilhelm I
Karnatic,Carnatic
Kassite,Kassite
Kazhar,Khazar
Khadijites,Karijites
Kouban,Kuban
Kouch,Kush
L'Affaire Dreyfusse,Dreyfus case
"L'Altaï, Monts Altaï(les)",Altai Monts
L'Après-Midi d'un Faune,L'Après-Midi d'un Faune
L'Edit de Milan,Edict of Milan
L'Empire D'Açoka,Asoka's Empire
L'Empire Latin,The Latin Empire
L'Empire Navale Vénitien,Venetian Naval Empire
L'Inde Anglaise,British India
L'Oxus,Oxus River
L'État Libre D'Orange,Orange Free State
"La Bataille de Trafalgar, Trafalgar",Battle of Trafalgar 1805
La Bohème,La Bohème
La Doctrine Monroe,Monroe Doctrine
La Guerre Mexicano-Américaine,Mexican War 1846-48
La Guerre de l'Opium,Opium War 1839-42
La Guerre du Chaco,Chaco War
La Ligue Hanséatique,The Hanseatic League
La Masion des Jagelons,House Of Jagelioneans
La Mecque,Mekka
La Mer Icarienne,the Icarian Sea
La Révolte des Tai Pings,T'Ai Ping Rebellion 1850-64
La Révolution Française,French Revolution
"La S.D.N., Société des Nations(la)",League of Nations
La Symphonie Fantastique,The Symphonie Fantastique
La Trébie,Trebia 218 Bc
Labiènus,Labienus
Lac des Cygnes(le),Swan Lac
Lagash,Lagash
Laotien(lang.),laotian(ling)
Laponie,Lapland
Latran,Lateran
Le Caire,Cairo
Le Congrès de Vienne,Congress of Vienna 1815
Le Jourdain,Jordan(the)
Les Gens du Livre,Poeples of The Book
"Les Indes Néerlandaises, Les Indes Orientales",East Indies
Les Indes Occidentales,West Indies
Les Îles sous le Vent,the Windward Islands
Letton(lang.),Lettish(ling.)
Leyde,Leyden
Liban,Lebanon
Libye,Libya
Libérien,Liberian
Limbourg,Limburg
Linéaire A,Linea A
Linéaire B,Linea B
Lisbonne,Lisbon
Lithuanie,Lithuania
Lithuanien,Lithuanian
Lithuanien(lang.),Lithuanian(ling.)
Lithurgie,Liturygy
Livie,Livia
Livonie,Livonia
Lixos,Lixus
Lombard,Lombards
Londonien,Londoner
Londres,London
Lorraine,Lorraine
Lorraine,Lothringen
Lothair,Lothair
Louis XIV,Louis the Fourteenth
Louis le Pieu,Louis the Pious
Louvain,Louvain
Lucain,Lucan
Lucilius,Lucilius
Lucrèce,Lucretius
Lusitanie(la),Lusitania
"Luther, Martin Luther",Martin Luther
Luthérianisme,Lutherianism
Luxembourg,Luxemburg
Luxemburgeois,Luxemburger
Lycie,Lycia
Lydie,Lydia
Léon Tolstoï,Leo Tolstoy
Lépide,Lepidus
Machiavel,Machiavelli
Macrin,Macrinus
Macédoine,Macedon
Macédoniens,Macedonians
Madame Butterfly,Madam Butterfly
"Madone, Sainte-Vierge",Madonna
Mahomet,Mohammed
Maison des Hohenstauffen,Hohenstaufen House
Maison des Valois,House of Valois
Majorien,Majorian
Malte,Malta
Mamelouk,Mameluk
Mandchourie,Manchuria
Mansoura,Mansurah
Mantoue,Mantua
Marathon,Marathon
Marc-Antoine,Mark Antony
Marc-Aurèle,Marcus Aurelius
Marciane,Marciana
Marcien,Marcian
Margiane,Margiana
Marie,Mary
Marie-Thèrèse,Maria Theresa
Marine,Navy
Maroc,Morocco
Marocain,Moroccan
Marseillaise( la ),Marseillaise( the )
Martial,Martial
Massilia,Massalia
Mathusalem,Methuselah
"Maure, More",Moor
Mauretanie,Mauretania
Mauretanie,Mauritania
Mayas,Mayan
Memphis,Memphis(Egypt)
Merv,Merv
Messie,Messiah
Michel(Tsar),Mikhail(Tsar)
Michelange,Michelangelo
Minoen,Minoan
Minoéns,Minoans
Mitanni,Mitanni
Mithra,Mithras
Mithridates VI,Mithridate VI
Mitsuhito(l'Empereur),Mutsuhito(Emperor)
Mogol,Mogul
Monarchie Réstauré,Monarchy Restored
Monopole,Monopoly
Moravie,Moravia
Moravien,Moravian
Morphée,Morpheus
Mosaïque,Mosaic
Moussorgsky,Mussorgsky
Mouvement Majeur d'Art,Major Art Movement
Moyen Anglais,Middle English
Moyen-Age,Middle Ages
Moyen-Indien,Middle-Indian
Moyen-Néerlandais,Middle Dutch
Moyen-Orient,Near East
Moïse,Moses
Munda 45 av.jc,Munda 45 Bc
Mycenes,Mycenae
Mycénien,Mycenaean
Mystères,Mysteries
Médicis,Medicis
Médie,Media
Médiéval,Medieval
Mérovingien,Merovingian
Méroë,Meroe
Mésie,Mesia
Mésopotamie,Mesopotamia
Méssaline,Messalina
Méssine,Messina
Métaure,Metaurus 207 BC
Nabatéen,Nabatean
Nabouchadounosor,Nebuchadnezzar
Nankin,Nanking
Napoléon,Napoleon
Nazi,Nazi
Nazisme,Nazism
Nerva,Nerva
Nerviens,Nervii
Nicomède,Nicomedia
Nicosie,Nicosia
Nicée,Nisa
Nicéphore Phocas,Nicephoras II Phocas
Nippour,Nippur
Nord,Northern
Norvégien(lang.),Norwegian(ling.)
Nouvelle Écosse,Nova Scotia
Nubie,Nubia
Numance 133 av.jc,Numantia 133 BC
Numidie,Numidia
Néerlandais(lang.),Dutch(ling)
Néo-Classicisme,Neoclassicism
Néo-Classique,neoclassic
Néron,Nero
Occupation Allié(l'),Allied Occupation
Octaves,Octavian
Octavie,Octavia
Oda Nobunaga,Oda Nobunaga
Odoacre,Odoacer
Oedipe,Oedipus
Olmèques,Olmec
Olympe,Olympus
Oman,Oman
Omeyade,Ummayad
Ontario,Ontario
Opèrette,Operetta
Orange,Orange
Orangiste,Orangeman
Orcades,Orkney Islands
Orcades,Orkneys
Ornithologiste,Ornithologist
Orphée,Orpheus
Ostende,Ostend
Ostrogoth,Ostrogoth
Othon,Otho
Othon IV Guelfe,Otto IV of House Of Welf
Ougrien,Ugrian
Our,Ur
Ourouk,Uruk
Ovide,Ovid
Paix d'Augsbourg(la),Peace of Augsburg[1555]
Palmyre,Palmyra
Palèrme,Palermo
Pamphyllie,Pamphylla
Panphlagonie,Paphlagonia
Papauté,Papacy
Pape Léon III,Pope Leo III
Pape Léon X,Pope LEO X
Pape Pie VI,Pope Pius VI
Parthe,Parthian
Parthie,Parthia
Parthénon,Parthenon
Partition de la Pologne(la),Partition of Poland
Pataliputka,Pataliputka
Paul De Tharse,Paul of Tarsus
Payen,Pagan
Perse,Persius
Perse(lang.),Persian(ling.)
Pertinax,Pertinax
Petrarque,Petrarch
Pharisiens,Pharisees
Philistin,Philistine
Phillipe II,Phillip II of Spain
Phillipe V de Macédoine,Philip V of Macedonia
Phillipe VI,Phillipe VI
"Phillipe de Macédoine, Phillipe II de Macédoine",Philip II of Macedonia
Phillipe de Souab,Philip Of Swabia
Phillipe l'Arabe,Philip I the Arab
Phrygie,Phrygia
Phénicien,Phoenician
Pierre II,Peter II Alekseevich
Pierre III,Peter III Fedorovich
Pierre le Grand,Peter I the Great
Pison,Piso
Platée,Platae
Plaute,Plautus
"Pline, Pline l'Ancien",Pliny
Plotine,Plotina
Politburo,politboro
Pompé le Grand,Pompey the Great
Pompée,Pompey
Ponce Pilate,Pontius Pilate
Pont,Pontus
Pont-Euxin,Euxine Sea
Pop Art,Pop Art
Poppée,Poppaea
Porto,Oporto
Posséssions Portugaises(les),Portuguese Possession
Post-Impréssionisme,Postimpressionism
Post-Impréssioniste,Postimpressionist
"Pouille, Pouilles",Apulia
Premier Empire,First Empire
Premier Triumvirat,First Triumvirate
Première Croisade,First Crusade
Première Guerre des Balkans,First Balkan War 1912-13
Première République Grècque,First Greek Republic
Proche-Orient,Middle East
Proto-Chinois,Proto-Chinese
Provençale(lang.),Provençal(ling.)
Présbytérien,Presbyterian
"Ptolémé I, Ptolémé le Grand",Ptolemy I
Ptolémée III,Ptolemy III
Punique,Punic
Pydna 188 av.jc,Pydna 188 BC
Pyrrhus,Pyrrhus
Pékin,Peking
Pélléas et Mélisande,Pélléas et Mélisande
Péninsule Malaysienne,Malay Peninsula
Péninsule du Sinaï,Sinai Peninsula
Périclès,Pericles
Période de Nara,Nara Period
Pérouvien,Peruvian
Pérsepolis,Persepolis
Quatrième République,Fourth Republic
Quinte-Curce,Quintus Curtius
Quintillien,Quintillian
Quintillin,Quintilian
Quésteur,Quaestor
Radegonde,Radegund
Raguse,Ragusa
Ramsès,Rameses
Raphaël,Raphael
Ratisbonne,Ratisbon
Ravenne,Ravenna
Reconquista(la),Reconquest(the)
Reggio,Reggio
Renaissance,Renaissance
Revolvers Smith et Wesson,Smith&Wesson revolvers
Rhadamante,Rhadamanthus
Rhin(le),Rhin(the)
Rhodes,Rhodes
Rhodopes,Rhodope
Rhodésie,Rhodesia
Rhée,Rhea
Rhénanie,Rhineland
Rhétie,Rhaetia
Rhétie(la),Raetia
Rhône,Rhone
Roboam,Rehoboam
Rococo,Rococo
Roi de Prusse,King of Prussia
Romagne,Romagna
Romantisme,Romanticism
Rome Impériale,Imperial Rome
Roméo et Juliette,Romeo and Juliette
Roncevaux,Roncesvalles
Rosette,Rosetta
Rotterdam,Rotterdam
Roumain,Rumanian
Roumain(lang.),Romanian(ling.)
Roumanie,Rumania
Roustchouk,Ruschuk
Roxane,Roxana
Roxelane,Roxelana
Royaum Ostrogoth,Ostrogothic Kingdom
Royaume,Kingdom
Royaume Nabatéen,Nabatean Kingdom
Royaume Vandal,Vandal Kingdom
Royaume Wisigoth,Visigoth Kingdom
Royaume d'Aragon,Kingdom of Aragon
Royaume de Bactriane,Kindgom of Bactria
Royaume de Castile-Aragon,Kingdom of Castile and Aragon
Royaume de Castille,Kingdom of Castile
Royaume de Chypre,Kingdom of Cyprus
Royaume de Founan,Kingdom of Funan
Royaume de Jérusalème,Kingdom of Jerusalem
Royaume de Macédoine,Kingdom of Macedon
Royaume de Nicée,Empire of Nicae
Royaume de Prusse,Kingdom of Prussia
Royaume des Deux Siciles,Kingdom of the Two Sicilies
Royaume du Danemark,Kingdom of Denmark
Royaume du Piémont,Piedmont Kingdom
Royaume du Portugale,Kingdom of Portugal
Ruben,Reuben
Rubens,Rubens
Rubicon,Rubicon
Rufin,Rufinus
Ruhr,Ruhr
Rusadir,Rusadir
Réforme(la= religieuse),Reformation
Régulus,Regulus
République Romaine,Roman Republic
République de Novgorod(la),Republic of Novgorod
République de Weimar(la),Weimar Republic
Réstauration des Bourbons,Bourbon Restoration
Révolte des Esclaves,Slaves Revolt
Saba,Sheba
Sabine,Sabina
Sabinius,Sabinius
Sabéens,sabaeans
Sacrale,Sacral
Sagonte,Saguntum
Sahara,Sahara
Saint Empire Romain(le),Holy Roman Empire
Saint-Marin,San Marino
Saint-Pétersbourg,Saint Petersburg
Sainte Thérèse d'Avila,Theresa of Avila
Sainte-Hélène,Saint Helena
Salamine,Salamis
Saldae,Saldae
Salerne,Salerno
Salluste,Sallust
Salomon,Solomon
Salvien,Salvian
Samarcande,Samarkand
Samarie,Samaria
Samarien,Samarian
Sambre,Sambre
San Martin,Jose de San Martin
Sancho-Pança,Sancho Panza
Sanskrit,Sanskrit
Sapho,Sappho
Sara,Sarah
Sardaigne,Sardinia
Sardanaple,Sardanapalus
Sarde,Sardinian
Sardes,Sardis
Sargon II,Sargon II
Sassanides,Sassanid
Saturne,Saturn
Savanarole,Savanarola
Savoie,Savoy
Saxe,Saxe
Saxe,Saxony
Saxe-Cobourg Gotha,Saxe-Coburg-Gotha
Saxon,Saxon
Saïgon,Saigon
Saïs,Sais
Saül,Saul
Scamandre(le),Scamander(the)
Scandinave,Scandinavian
Scandinavie,Scandinavia
Scipion,Scipio
Scipion l'Africain,Scipio Africanus
Scipion l'Asiatique,Scipio Asiaticus
Scythes,Scythian
Scythes,Scythians
Second Triumvirat,Second Triumvirate
Seconde République,Second Republic
Selim Ier,Selim I
Sem,Shem
Septime,Septimus
Septimes Sèvères,Septimus Severus
Serbe(lang.),Serbian(ling.)
Serbo-Croate,Serbo-Croatian
Shapour Ier,Shapur I
Shiite,Shi'ite
Shiouangti,Shih Huang Ti
Sichem,Shechem
Sichée,Sichaeus
Sicile,Sicily
Sidoine Apollinaire,Sidonius Apollinaris
Sidon,Sidon
Sienne,Siena
Siga,Siga
Silistrie,Silistria
Silo,Shiloh
Siloé,Siloam
Silésie,Silesia
Silésien,Silesian
Simon Bolivar,Simón Bolivar
Simonide,Simonides
Siméon,Simeon
Sinaï,Sinai
Sion,Zion
Sisyphe,Sisyphus
Siva,Shiva
Siva,Siva
Sixte,Sextus
Sixte,Sixtus
Sixte Quint,Sixtus the Fifth
Slavon,Old Slavic
Smyrne,Smyrna
Socin,Socinus
Socrate,Socrates
Sodome,Sodome
Sogdiane,Sogdiana
Somalie Italienne,Italian Somaliland
Sonde(îles de la/archipel),Sunda Isles
Song Du Nord,Northern Sung
Sophocle,Sophocles
Sophonisbe,Sophonisba
Souabe,Swabia
Soudan Anglo-Égyptien,Anglo-Egyptian Sudan
Souffiste,Sufi
Soufisme,Sufism
Souleiman,Soleman
Souleïman Le Magnifique,Suleiman I the Magnificient
Sous-Marin,Submersible
Souveraineté,Suzerainty
Soviète Supprême,Suppreme Soviet
Spartacus,Spartacus
Sparte,Sparta
Spartiate,Spartan
St.Jean Baptiste,St.John Baptist
Stace,Statius
Stanislas,Stanislaus
Statistiques,Statistics
Steppes Sibérienne,Siberian Steppes
Stilicon,Stlilicho
Stoïcien,Stoics
Strabon,Strabo
Styrie,Styria
Stésichore,Stesichorus
Suisse,Swiss
Sulpice,Sulpicius
Sultan,Sultan
Sultanat,Sultanate
Sumérien(adj.),Sumerian
Surate,Surat
Surréalisme,Surrealism
Surréaliste,Surrealist
Suse,Susa
Suédois(lang.),Swedish(ling.)
Suétone,Suetonius
Swahili,Swahili
Swahili(lang.),Swahilian
Sylla,Sulla
Symmaque,Symmachus
Symphonie du Nouveau Monde,New World Symphony
Syphax,Syphax
Syracusains,Syracusans
Syriaque,Syriac
Sèvères(les),Severans
Sédjoukide,Seljuk
Sédécias,Zedekiah
Ségeste,Ségesta
Séjan,Sejanus
Séleucie,Seleucia
Sénèque,Seneca
Sénégalais,Senegalese
Sénégambie,Senegambia
Séphora,Zipphora
Sévère(hist.),Severus
Tacite,Tacitus
Tacite(Empereur Romain),Tacitus(roman emperor)
Tage(le),The Tagus
Tahiti,Tahiti
Tahitien(adj.),Tahitian
Taj Mahal,Taj Mahal
Tamerlan,Tamerlane
Tamise(la),Thames(the)
Tancrède,Tancred
Tantale,Tantalus
Taoïsme,Taoism
Taoïst,Taoist
Taoïst(adj.),Taoistic
Tarente,Tarento
Tarente,Tarentum
Tarquin,Tarquin
Tarquin,Tarquinius
Tarquin le Superbe,Tarquin the Proud
Tarquinies,Tarquinia
Tarraconaise(la),Tarraconensis
Tartare(adj.),Tartaric
Tartarie,Tartary
Tatar,Tatar
Tauride,Taurida
Taxila,Taxila
Tchang Kaï-Tchek,Chian Kai Chek
Tchèque(lang.),Czech(ling.)
Terence,Terence
Terpandre,Terpander
Terre Sainte,Holy Land
Terre de Feu,Tierra del Fuego
Tertullien,Tertullian
Tessin,Ticino
Thalie,Thalia
Thamar,Tamar
Thermopyles(les),Thermopyles
Thersite,Thersites
Thoune,Thun
Thrace,Thrace
Thrace(adj),Thracian
Thrasibule,Thrasibulus
Thucydide,Thucydides
Thurgovie,Thurgau
Thuringe,Thuringia
Thyeste,Thyestes
Thèbes,Thebes
Thébaïde,The Thebaid
Thémistocle,Themistocles
Théocrite,Theocritus
Théodat,Theodatus
Théodose,Theodosius
Théodose II,Theodosius II
Théodosie,Theodosia
Théophile,Theophilus
Théophraste,Theophrastus
Théorie de L'Évolution(la),Theory of Evolution(the)
Théramène,Theramenes
Théssalie,Thessalia
Thésée,Theseus
Thévesté,Theveste
Tiberius Gracches,Tiberius Gracchus
Tibetain,Tibetan
Tibre(le),The Tiber
Tibulle,Tibullus
Tibère,Tiberius
Tigrane,Tigranes
Tigranes,Trigranes
Tigre(le),Tigris(the)
Timothée,Timotheus
Timée,Timaeus
Tingitane,Tingitana
Titan,Titan
Titanesque,Titanic
Tite-Live,Livy
Tithon,Tithonus
Titien,Titian
Titus,Titus
Tobie,Tobias
Tocqueville,Tocqueville
Toltèques,Toltec
Tonkin,Tonkin
Tori,Torii
Tosca,Tosca
Toscane,Tuscany
Tour Eiffel(la),Eiffel Tower
Traité de Saragosse,Treaty of Saragossa 1529
Traité de Washington(1875),Treaty of Washington(1875)
Traitée de Gand,Treaty of Ghent(1814)
Traitée de Sèvres(le),Treaty of Sèvres(1920)
Traitée de Versailles(le),Treaty Of Versailles(1919)
Trajan,Trajan
Trajan,Trajanus
Trans-Jordanie,Transjordan
Transylvanie,Transylvania
Triatée de Paris(le),Treaty of Paris
Tribonien,Tribonian
Tribun,Tribune
Tribun(orateur),Powerful Orator
Triple Alliance(la),Triple Alliance
Tripoli,Tripoli
Tripolitaine,Tripoli(Anc.Rom.Prov)
Triptolème,Triptolemus
Troade,Troad
Trogue-Pompée,Trogus Pompeius
Troisième Reich(le),Third Reich
Troisième République,Third Republic
Trèves,Treves
Trébie(la),The Trebia
Trébizonde,Trebizond
Tsars de Russie,Czars of Russia
Tullie,Tullia
Turc(lang.),Turkish(ling.)
Turkestan,Turkestan
Tyndare,Tyndareus
Typhée,Typhoeus
Tyre,Tyre
Tyrtée,Tyrtaeus
Télèphe,Telephus
Télémaque,Telemachus
Ténare,Taenarus
Ukrainien,Ukrainian
Ulpien,Ulpian
Ulysse,Ulysses
Unification de L'Italie,Unification of Italy/1859/61
Union Européenne,European Union
Upsal,Uppsala
Uranie,Urania
Urbain(papes),Urban(Popes)
Urbin,Urbino
Urie,Uriah
Utique,Utica
Valachie,Wallachia
Valence(empereur Romain),Valens
Valentinien,Valentinian
Valère,Valerius
Valérien I,Valerian I
Valérien II,Valerian II
Van Dyck,Van Dyck
Vandal,Vandal
Vandals(les),Vandals
Vanuatu,Vanuatu
Varron,Varro
Varègues,Varangians
Vasili IV,Vasili IV(czar)
Vassili,Vasili(Czar)
Vassili II,Vasili II(Czar)
Vatican,Vatican
Venise,Venice
Venize,Venezia
Vespuce(Améric/Amerigo),Vespucci(Amerigo)
Vichnou,Vishnu
Victor Émmanuel II,Victor Emmanuel II
Vieille Californie,Old California
Vieux Français,Old French
Vindex,Vindex
Virgile,Virgil
"Visigoth, Wisigoth",Visigoth
Vistule,Vistula
Vitellius,Vitellius
Vitruve,Vitruvius
Vitruve,Vitruvus
Viêt-Nam,Vietnam
Volga,Volga
Volubilis,Volubilis
Vosges,Vosges
Vulcain,Vulcan
Vulgate,Vulgate
Vènètes,Veneti
Vénus,Evening Star
Vénus,Venus
Vénétie,Venetia
Vénétien,Venetian
Vénézuéla,Venezuela
Vérone,Verona
Véspasien,Vespasian
Véspasien,Vespasianus
Vésuve(le),Vesuvius
Xanthe(le),Xanthus(the)
Xantippe,Xantippe
Xantippe,Xantippus
Xénocrate,Xenocrates
Xénophane,Xenophanes
Xérxès,Xerxes
Yankee,Yankee
Yaroslav II,Yaroslav II
Yaroslav III,Yaroslav III(Prince of Moscow)
Yemen,Yemen
Youri III,Yuri III
Youri III(Gd Prince de Moscou),Yuri III (Prince of Moscow)
Zama,Zama
Zimbabwe,Zimbabwe
Zopyre,Zopyrus
Zoroastre,Zoroaster
Zosime,Zosimus
Zoulou,Zulu
Zoïle,Zoilus
Zénobie,Zenobia
Zénon,Zenon
Zénon l'Isaurien,Zeno the Isaurian
Zéphire,Zephyrus
abstrait(art),abstract(art)
abyssin,Abyssinian
allégorique,allegorical
amazone,Amazon
andalou,Andalusian
anglican,Anglican
anglo-saxon,Anglo-Saxon
annexion,annexation(hist.)
anou,anu
arabèsque,arabesque
araméen,Aramaic
architecture romane,romanesque architecture
aryen,Aryan
assyrien,Assyrian
astronomie,astronomy
athénien,Athenian
australopithèque,australopithecus
aztèque,Aztec
barrage,dam
bureaucratie,bureaucracy
buste,bust
béant(adj),yawning
cabinet noir,dark-room
calvinisme,calvinism
calédonie,caledonia
"cambodgien, khmer",Cambodian
canadien,Canadian
carolingien,Carolingian
carthaginois,Carthaginian
catalan,Catalan
catalan,Catalonian
celtique,celtic
ceylanais,Ceylonese
chanson de roalnd(la),chanson de roland
chaîne Côtière,Coast Mountains
chilien,Chilean
chimère,chimera
chinois,Chinese
chronique,chronic
"chrétienté, christianisme",christianity
chute,collapse
cimetère,churchyard
colombien,Colombian
commerce,trade
commerce européen,european trade
"condamner, damner",damn
confucius,confucius
copernic,copernicus
corinthien,Corinthian
corse,Corsican
couvent,convent
cuneïforme,cuneiform
daguerréotype,daguerreotype
dais,dais
"dame, demoiselle noble",dame
damnation,damnation
"damné, sacré",damned
"dard, fléchette",dart
dauphin,dauphin
don Quichotte,Don Quixote
"dorien, dorique",Dorian
"dorien, dorique",Doric
démon,daemon
désarmement,disarmement
espéranto,Esperanto
expansion,expansion
fleuve Saint-Laurent,Saint Lawrence River
franc-maçon,Mason
guerre froide(la),cold war(the)
guerres de religion,religious wars
géometrique,geometric
homo erectus,homo erectus
homo habilis,homo-habilus
homo sapiens,homo sapiens
homo sapiens sapiens,homo sapiens sapiens
hérésie,heresy
irrigation,irrigation
jacquerie,jacquerie
"l'Armada, La Formidable Armada",Spanish Armada
l'ordre de Jésus,Jesuit order
la Prise de la Bastille,Storming of Bastille
la contre réforme,counter-reformation
langue maternelle,native language
"langue russe, russe",Russian language
laotien,Laotian
le Levant,the Levant
le concile de Trente,council of Trent
le mur de berlin,the berlin wall
letton,Latvian
libyen,Libyan
livonien,Livonian
mathématique,mathematics
maure,Moorish
maure,Moresque
mencius,mencius
mer Caspienne,Caspian Sea
missionaires,missionaries
monastère,monasterie
monsieur,Lord
montagnes Rocheuses,Rocky Mountains
mosquée,mosque
mousquet,musket
musulman,Mohammedan
musulman,Moslem
musulman,Muslim
nadir,nadir
naïade,naiad
non-déclaré,undeclared
néandertal,neanderthal
océanique,oceanic
océanographie,oceanography
orchestre philarmonique,philarmonic orchestra
orthodoxe,orthodox
paralisé,paralyzed
patrie,native country
peintre paysagiste,landscape painter
peste,plague
peste bubonique,bubonic plague
piétée,piety
pline le Jeune,Pliny(younger)
polonais,Polish(ling)
polytheïste,polytheistic
prospère,prosperous
proto-religieux,proto-religious
ramapithèque,ramapithecus
rançon,ransom
routes des caravanes,caravan routes
russe,Russian
révolte paysanne,peasant uprising
révolution du néolithique(la),neolithic revolution(the)
samedi,Saturday
saoudite,saudi
sarcophage,sarcophagus
sculpteur,sculptor
sionisme,Zionism
sonate,sonata
"soprane, soprano",soprano
sub-saharien,sub-saharan
supérstition,superstition
symphonie,symphonie
séculaire,secularized
tenor,tenor(mus)
trait,dash
tribus Mongoles,Mongol tribes
vallée,dale
vaudeville,vaudeville
viennois,Viennese
vietnamien,Vietnamese
ville marchande,commercial city
vénézuélien,Venezuelan
xénon,xenon
ypéride,Hyperides
zen,Zen
zeppelin,zeppelin
ziggourat (archéologie),ziggurat
zodiacal,zodiacal
zodiaque,zodiac
zone dangereuse,danger zone
"zoroastrien, zoroastrienne",Zoroastrian
zoroastrisme,Zoroastrianism
zouave,Zouave
zélote,Zealot
Âge de Bronze(l'),Bronze Age
Èbre(l'),Ebro
Éaque,Aecus
Édit de Nantes(l'),Edict of Nantes
"Édom, Idumée",Idumea
Égine,Aegina
Égisthe,Aegisthus
Égérie,Egeria
Élide,Elis
Élie,Elijah
"Élie, Élisée",Elisha
Élien,Aelianus
Émile,Aemilius
Émilien,Aemilian
Éole,aeolis
Épictète,Epictetus
Épicure,Epicurus
Épicurien,Epicurians
Épidaure,Epidaurus
Épigones(les),Epigoni(the)
Épiphane,epiphanius
Érasme,Erasmus
Érié,Erie(lake)
Érostrate,Erostratus
Érèbe,Erebus
Érétrie,Eretria
Ésaü,Esau
Ésope,Aesop
État Franc(l'),Frankish State
États Pontificaux(les),Papal States
Étrurie,Etruria
Étéocle,Eteocles
Ézéchiel,Ezekiel
Îles Ionienne,Ionian Isles
école de navigation,navigation school
égyptien,Egyptian
étrusque,Etrurian
étrusque,Etruscan
îles Canaries,Canary Islands
