Other,English
1000,1000
1728,1728
A,A
Aachen,Aachen
Aalborg,Aalborg
Aberdeen,Aberdeen
Abidjan,Abidjan
Acapulco,Acapulco
Accra,Accra
Acre,Acre
Adelaide,Adelaide
Agrigento,Agrigento
Ain,Ain
Akira Kurosawa,Akira Kurosawa
Alabama,Alabama
Alan Turing,Alan Turing
Alaska,Alaska
Albany,Albany
Albert Camus,Albert Camus
Albert Einstein,Albert Einstein
Alberta,Alberta
Albuquerque,Albuquerque
Alexander Pujkin,Alexander Pushkin
Alfred Hitchcock,Alfred Hitchcock
Amman,Amman
Amsterdam,Amsterdam
Anaheim,Anaheim
Anchorage,Anchorage
Andy Warhol,Andy Warhol
Ankara,Ankara
Annapolis,Annapolis
Antakya,Antakya
Antofagasta,Antofagasta
Anton Bruckner,Anton Bruckner
Anton Cehov,Anton Chekhov
Antonio Vivaldi,Antonio Vivaldi
Antwerpen,Antwerp
Apia,Apia
Apollo,Apollo
Arcangelo Corelli,Arcangelo Corelli
Ardennes,Ardennes
Aristoteles,Aristotle
Arizona,Arizona
Arkansas,Arkansas
Arkimedes,Archimedes
Arles,Arles
Arnhem,Arnhem
Arras,Arras
Arthur Rimbaud,Arthur Rimbaud
Astana,Astana
Atlanta,Atlanta
Au,Au
Augusta,Augusta
Aurora,Aurora
Austin,Austin
Avignon,Avignon
B,B
Bagdad,Baghdad
Bahruäns,Bahrain
Baile Átha Cliath,Dublin
Bakı,Baku
Baltimore,Baltimore
Bangalore,Bangalore
Bangladejän,Bangladesh
Banjul,Banjul
Barbadeän,Barbados
Barcelona,Barcelona
Bari,Bari
Barranquilla,Barranquilla
Basel,Basel
Bath,Bath
Baton Rouge,Baton Rouge
Bayonne,Bayonne
Bayän,Bavaria
Belarusän,Belarus
Belgän,Belgium
Belisän,Belize
Belo Horizonte,Belo Horizonte
Beninän,Benin
Beograd,Belgrade
Bergen,Bergen
Berkshire,Berkshire
Berlin,Berlin
Bern,Berne
Beverly Hills,Beverly Hills
Bir,Beer
Birmingham,Birmingham
Bismarck,Bismarck
Blaise Pascal,Blaise Pascal
Bloemfontein,Bloemfontein
Boise,Boise
Bolit,Politics
Bolivän,Bolivia
Bologna,Bologna
Bolzano,Bolzano
Bonn,Bonn
Bordeaux,Bordeaux
Bosnän e Härzegovän,Bosnia and Herzegovina
Boston,Boston
Bot,Bot
Braga,Braga
Brandänburgän,Brandenburg
Brasilän,Brazil
Bratislava,Bratislava
Braunschweig,Braunschweig
Bremen,Bremen
Bremerhaven,Bremerhaven
Brescia,Brescia
Brest,Brest
Bridgetown,Bridgetown
Brindisi,Brindisi
Brisbane,Brisbane
Bristol,Bristol
British Columbia,British Columbia
Brno,Brno
Brugge,Bruges
Brunän,Brunei
Brussel,Brussels
Bucureşti,Bucharest
Budapest,Budapest
Buenos Aires,Buenos Aires
Buffalo,Buffalo
Bulgarän,Bulgaria
Burkinän,Burkina Faso
Bursa,Bursa
Butän,Bhutan
Bydgoszcz,Bydgoszcz
Bängasi,Benghazi
Bäyrut,Beirut
C,C
Calais,Calais
California,California
Calvados,Calvados
Cambridge,Cambridge
Camekeän,Jamaica
Canberra,Canberra
Cannes,Cannes
Canterbury,Canterbury
Cape Town,Cape Town
Caracas,Caracas
Carolus Linnaeus,Carolus Linnaeus
Carson City,Carson City
Ceres,Ceres
Charleroi,Charleroi
Charles Darwin,Charles Darwin
Charles Dickens,Charles Dickens
Charleston,Charleston
Charlie Chaplin,Charlie Chaplin
Charlotte,Charlotte
Chartres,Chartres
Chemnitz,Chemnitz
Chennai,Chennai
Cheyenne,Cheyenne
Chicago,Chicago
Christchurch,Christchurch
Ciddä,Jeddah
Cifazif,Capital
Cilän,Chile
Ciudad de Guatemala,Guatemala City
Ciudad de México,Mexico City
Cleveland,Cleveland
Colorado,Colorado
Columbia,Columbia
Columbus,Columbus
Concord,Concord
Congo,Congo
Connecticut,Connecticut
Corcaigh,Cork
Cornwall,Cornwall
Coventry,Coventry
Cremona,Cremona
Cristoforo Colombo,Christopher Columbus
Cumbria,Cumbria
Curitiba,Curitiba
Cusco,Cusco
Cäsair,Algiers
Cög,Chess
D,D
Dallas,Dallas
Dante Alighieri,Dante Alighieri
Danän,Denmark
Darwin,Darwin
Daugavpils,Daugavpils
Dekul,December
Dekul 31,December 31
Dekul 8,December 8
Del,Day
Delaware,Delaware
Delft,Delft
Delhi,Delhi
Delta,Delta
Denver,Denver
Des Moines,Des Moines
Detroit,Detroit
Deutän,Germany
Devon,Devon
Dhaka,Dhaka
Dijon,Dijon
Dimäjk,Damascus
Dmitriy Mendeleyev,Dmitri Mendeleev
Dnipropetrovsk,Dnipropetrovsk
Dominikeän,Dominica
Dona-Saxän,Lower Saxony
Donatello,Donatello
Donetsk,Donetsk
Dortmund,Dortmund
Dover,Dover
Dresden,Dresden
Dubrovnik,Dubrovnik
Dugäl,Education
Dunkerque,Dunkirk
Durban,Durban
Däuha,Doha
E,E
East Sussex,East Sussex
Edgar Allan Poe,Edgar Allan Poe
Edinburgh,Edinburgh
Edmonton,Edmonton
Eindhoven,Eindhoven
El Paso,El Paso
Elvis Presley,Elvis Presley
Enrico Fermi,Enrico Fermi
Ernest Rutherford,Ernest Rutherford
Espoo,Espoo
Essen,Essen
Essex,Essex
Eukleides,Euclid
F,F
Febul,February
Febul 12,February 12
Febul 14,February 14
Febul 2,February 2
Febul 22,February 22
Febul 29,February 29
Federico Fellini,Federico Fellini
Fernão de Magalhães,Ferdinand Magellan
Ferrara,Ferrara
Ficiyuäns,Fiji
Filipuäns,Philippines
Filosop,Philosophy
Firenze,Florence
Florida,Florida
Fort Worth,Fort Worth
Francisco Goya,Francisco Goya
Frank Lloyd Wright,Frank Lloyd Wright
Frankfort,Frankfort
Frankfurt,Frankfurt
Frankfurt len Main,Frankfurt
Frankfurt len Oder,Frankfurt
Fransän,France
Franz Kafka,Franz Kafka
Franz Schubert,Franz Schubert
Fredericton,Fredericton
Freetown,Freetown
Fresno,Fresno
Friesland,Friesland
Fyodor Mihailovic Dostoyevskiy,Fyodor Dostoevsky
Fösilav,Paleontology
Füsüd,Physics
G,G
Gabunän,Gabon
Gadam,Gardening
Gaillimh,Galway
Galileo Galilei,Galileo Galilei
Gambiyän,The Gambia
Ganän,Ghana
Gap,Gap
Genealog,Genealogy
Genova,Genoa
Genève,Geneva
Geoffrey Chaucer,Geoffrey Chaucer
Geomet,Geometry
Georg Friedrich Händel,George Frideric Handel
Georg Philipp Telemann,Georg Philipp Telemann
Georg Wilhelm Friedrich Hegel,Georg Wilhelm Friedrich Hegel
George Lucas,George Lucas
Georgetown,Georgetown
Georgia,Georgia
Ghent,Ghent
Giacomo Puccini,Giacomo Puccini
Gineyän,Guinea
Gineyän-Bisauän,Guinea-Bissau
Giordano Bruno,Giordano Bruno
Giuseppe Verdi,Giuseppe Verdi
Glasgow,Glasgow
Gloucestershire,Gloucestershire
Graz,Graz
Grenoble,Grenoble
Grikän,Greece
Grusiyän,Georgia
Guayaquil,Guayaquil
Gustav Mahler,Gustav Mahler
Gustul,August
Gustul 1,August 1
Gustul 15,August 15
Gustul 6,August 6
Gvatemän,Guatemala
Göteborg,Gothenburg
H,H
Haidarabad,Hyderabad
Haitiyän,Haiti
Halle,Halle
Hamburg,Hamburg
Hampshire,Hampshire
Hannover,Hanover
Hans Christian Andersen,Hans Christian Andersen
Harrisburg,Harrisburg
Hartford,Hartford
Hawaii,Hawaii
Hector Berlioz,Hector Berlioz
Helena,Helena
Helsinki,Helsinki
Henri Matisse,Henri Matisse
Henrik Ibsen,Henrik Ibsen
Henry Ford,Henry Ford
Hermann Hesse,Hermann Hesse
Hertfordshire,Hertfordshire
Hesän,Hesse
Hierusalem,Jerusalem
Hollywood,Hollywood
Homeros,Homer
Homyel,Gomel
Hondurän,Honduras
Honiara,Honiara
Honolulu,Honolulu
Horatius,Horace
Houston,Houston
I,I
Idaho,Idaho
Ido,Ido
Ieoh Ming Pei,I. M. Pei
Igor Stravinskiy,Igor Stravinsky
Ilio,Troy
Illinois,Illinois
Immanuel Kant,Immanuel Kant
Indiana,Indiana
Indianapolis,Indianapolis
Ingmar Bergman,Ingmar Bergman
Innsbruck,Innsbruck
Interlingua,Interlingua
Iowa,Iowa
Isaac Bashevis Singer,Isaac Bashevis Singer
Isaac Newton,Isaac Newton
Isle of Wight,Isle of Wight
J,J
Jackson,Jackson
Jackson Pollock,Jackson Pollock
Jacksonville,Jacksonville
Jacques Cartier,Jacques Cartier
James Cook,James Cook
James Joyce,James Joyce
James Prescott Joule,James Prescott Joule
James Watt,James Watt
Jean Sibelius,Jean Sibelius
Jean-Jacques Rousseau,Jean-Jacques Rousseau
Jean-Paul Sartre,Jean-Paul Sartre
Jefferson City,Jefferson City
Jena,Jena
Jenav,History
Jimi Hendrix,Jimi Hendrix
Johann Sebastian Bach,Johann Sebastian Bach
Johann Wolfgang von Goethe,Johann Wolfgang von Goethe
Johannes Brahms,Johannes Brahms
Johannes Gutenberg,Johannes Gutenberg
Johannes Kepler,Johannes Kepler
Johannesburg,Johannesburg
John Maynard Keynes,John Maynard Keynes
John Milton,John Milton
John von Neumann,John von Neumann
Jorge Luis Borges,Jorge Luis Borges
Juneau,Juneau
Jveizän,Switzerland
K,K
Kabovärduäns,Cape Verde
Kaenalav,Engineering
Kaenav,Technology
Kahirä,Cairo
Kambocän,Cambodia
Kambrium,Cambrian
Kamerunän,Cameroon
Kampala,Kampala
Kanadän,Canada
Kansas,Kansas
Kansas City,Kansas City
Kappa,Kappa
Katarän,Qatar
Kathmandau,Kathmandu
Katowice,Katowice
Kaunas,Kaunas
Kazakistän,Kazakhstan
Kazan,Kazan
Kent,Kent
Kentucky,Kentucky
Kenyän,Kenya
Kharkiv,Kharkiv
Kiemav,Chemistry
Kingston,Kingston
Kirgistän,Kyrgyzstan
Kiribasuäns,Kiribati
Kolkata,Kolkata
Kolumbän,Colombia
Komoruäns,Comoros
Kongoän,Democratic Republic of the Congo
Kongoän,Republic of the Congo
Konletateor,Set theory
Konömav,Economics
Kostarikän,Costa Rica
Kovätän,Kuwait
Kroasän,Croatia
Kuala Lumpur,Kuala Lumpur
Kubeän,Cuba
Kuväyt,Kuwait City
Kveatora-Gineyän,Equatorial Guinea
Köln,Cologne
København,Copenhagen
Küyiv,Kiev
L,L
L'Aquila,L'Aquila
La Habana,Havana
La Paz,La Paz
La Plata,La Plata
La Spezia,La Spezia
Labkasän,Abkhazia
Lafganistän,Afghanistan
Lalbanän,Albania
Laljerän,Algeria
Lamerikän,United States
Lancashire,Lancashire
Landorän,Andorra
Langolän,Angola
Lansing,Lansing
Lantigeän e Barbudeän,Antigua and Barbuda
Laosän,Laos
Largäntän,Argentina
Larmeniyän,Armenia
Las Vegas,Las Vegas
Lasärbäcän,Azerbaijan
Latviyän,Latvia
Laurasiyop,Laurasia
Lausanne,Lausanne
Laustralän,Australia
Le Corbusier,Le Corbusier
Le Havre,Le Havre
Leeds,Leeds
Leicester,Leicester
Leiden,Leiden
Leipzig,Leipzig
Lekans,Arts
Lekvadorän,Ecuador
Lemiräns Pebalöl Larabänik,United Arab Emirates
Leonardo da Vinci,Leonardo da Vinci
Leonhard Euler,Leonhard Euler
Libatatiän,Free State
Liberän,Liberia
Libreville,Libreville
Lietuvän,Lithuania
Lifav,Biology
Ligtänstän,Liechtenstein
Lille,Lille
Lilongwe,Lilongwe
Lima,Lima
Lincoln,Lincoln
Lincolnshire,Lincolnshire
Lindän,India
Lindäna-Seänuäns,Indonesia
Linglän,England
Linglänapük,English language
Linz,Linz
Lirakän,Iraq
Lireyän,Republic of Ireland
Lirän,Iran
Lisboa,Lisbon
Lisladeän,Iceland
Litaliyän,Italy
Litayel,Light-year
Liverpool,Liverpool
Ljubljana,Ljubljana
Lofüda-Timoreän,East Timor
Loire,Loire
Lomän,Oman
London,London
Long Beach,Long Beach
Lop,Opera
Lordovig,Ordovician
Los Angeles,Los Angeles
Lot,Lot
Louis Pasteur,Louis Pasteur
Louisiana,Louisiana
Louisville,Louisville
Lublin,Lublin
Lubnän,Lebanon
Ludwig Wittgenstein,Ludwig Wittgenstein
Ludwig van Beethoven,Ludwig van Beethoven
Lugandayän,Uganda
Luimneach,Limerick
Lukrayän,Ukraine
Lund,Lund
Luruguyän,Uruguay
Lusbekän,Uzbekistan
Luxämburgän,Luxembourg
Luzern,Lucerne
Lyon,Lyon
Lägüptän,Egypt
Lätiopän,Ethiopia
Lösterän,Austria
Lübän,Libya
M,M
Macarän,Hungary
Macedonia,Macedonia
Madison,Madison
Madrid,Madrid
Mafam,Measurement
Maine,Maine
Malagaseän,Madagascar
Malaysiyän,Malaysia
Maldivuäns,Maldives
Maliyän,Mali
Malteän,Malta
Manchester,Manchester
Manitoba,Manitoba
Mannheim,Mannheim
Mantova,Mantua
Marcel Proust,Marcel Proust
Marco Polo,Marco Polo
Marie Curie,Marie Curie
Marilyn Monroe,Marilyn Monroe
Marjaluäns,Marshall Islands
Mark Twain,Mark Twain
Marlene Dietrich,Marlene Dietrich
Marokän,Morocco
Marseille,Marseille
Marx,Marx Brothers
Maryland,Maryland
Massachusetts,Massachusetts
Mata Hari,Mata Hari
Matemat,Mathematics
Matemat pajäfüköl,Applied mathematics
Mauritän,Mauritania
Maurizeän,Mauritius
Max Planck,Max Planck
Mayenne,Mayenne
Maynila,Manila
Mayul,May
Mayul 1,May 1
Mayul 24,May 24
Memphis,Memphis
Mesopotän,Mesopotamia
Metafüd,Metaphysics
Miami,Miami
Mianmarän,Burma
Michael Faraday,Michael Faraday
Michelangelo,Michelangelo
Michigan,Michigan
Miguel de Cervantes,Miguel de Cervantes
Milano,Milan
Milwaukee,Milwaukee
Minneapolis,Minneapolis
Minnesota,Minnesota
Minsk,Minsk
Missouri,Missouri
Moldovän,Moldova
Monakän,Monaco
Mongolän,Mongolia
Monrovia,Monrovia
Mons,Mons
Montana,Montana
Montenegrän,Montenegro
Monterrey,Monterrey
Montevideo,Montevideo
Montgomery,Montgomery
Montpelier,Montpelier
Montréal,Montreal
Mosambikän,Mozambique
Moskva,Moscow
Mumbai,Mumbai
Mun,Moon
Musig,Music
Mädinä,Medina
Mäkkä,Mecca
Mänamä,Manama
Mäskat,Muscat
Mäxikän,Mexico
Mäzul,March
Mäzul 17,March 17
Mäzul 19,March 19
Mäzul 2,March 2
Mäzul 25,March 25
München,Munich
N,N
NBNL,NATO
Nairobi,Nairobi
Namibiyän,Namibia
Nancy,Nancy
Nantes,Nantes
Napoli,Naples
Nashville,Nashville
Natanolavs,Natural science
Naureän,Nauru
Nebraska,Nebraska
Nedän,Netherlands
Neil Armstrong,Neil Armstrong
Nepalän,Nepal
Nevada,Nevada
New Brunswick,New Brunswick
New Hampshire,New Hampshire
New Jersey,New Jersey
New Mexico,New Mexico
New Orleans,New Orleans
New York,New York
New York,New York City
Newark,Newark
Newfoundland e Labrador,Newfoundland and Labrador
Nice,Nice
Nicolaus Copernicus,Nicolaus Copernicus
Niels Henrik Abel,Niels Henrik Abel
Nigeriyän,Nigeria
Nijmegen,Nijmegen
Nikaraguvän,Nicaragua
Nikola Tesla,Nikola Tesla
Nimav,Zoology
Nolüda-Koreyän,North Korea
Norfolk,Norfolk
Norgän,Norway
North Carolina,North Carolina
North Dakota,North Dakota
North Yorkshire,North Yorkshire
Northwest Territories,Northwest Territories
Nova Scotia,Nova Scotia
Novial,Novial
Novosibirsk,Novosibirsk
Novul,November
Novul 1,November 1
Novul 11,November 11
Novul 2,November 2
Novul 5,November 5
Nula-Seleäns,New Zealand
Nunavut,Nunavut
Nävakjut,Nouakchott
Nürnberg,Nuremberg
O,O
Oakland,Oakland
Odesa,Odessa
Ohio,Ohio
Oklahoma,Oklahoma
Oklahoma City,Oklahoma City
Olympia,Olympia
Omaha,Omaha
Omsk,Omsk
Ontario,Ontario
Oregon,Oregon
Orlando,Orlando
Oscar Wilde,Oscar Wilde
Oslo,Oslo
Ostrava,Ostrava
Ottawa,Ottawa
Ovidius,Ovid
Oxford,Oxford
P,P
Pablo Picasso,Pablo Picasso
Padova,Padua
Pakistän,Pakistan
Palauvuäns,Palau
Paleozoig,Paleozoic
Palermo,Palermo
Panamän,Panama
Papuveän Nula-Gineyän,Papua New Guinea
Paragvän,Paraguay
Paris,Paris
Pennsylvania,Pennsylvania
Perm,Perm
Perth,Perth
Peruvän,Peru
Peter Paul Rubens,Peter Paul Rubens
Philadelphia,Philadelphia
Phnum Pénh,Phnom Penh
Phoenix,Phoenix
Pierre,Pierre
Pisa,Pisa
Pittsburgh,Pittsburgh
Planav,Botany
Pleked Söla,Lord's Prayer
Pleven,Pleven
Plovdiv,Plovdiv
Plzeň,Pilsen
Poitiers,Poitiers
Polän,Poland
Port Louis,Port Louis
Port Vila,Port Vila
Port of Spain,Port of Spain
Port-au-Prince,Port-au-Prince
Portland,Portland
Porto,Porto
Portsmouth,Portsmouth
Portugän,Portugal
Potsdam,Potsdam
Poyümot,Suffix
Praha,Prague
Praia,Praia
Prilul,April
Prilul 14,April 14
Prince Edward Island,Prince Edward Island
Providence,Providence
Proxima Centauri,Proxima Centauri
Publius Vergilius Maro,Virgil
Puertorikeäns,Puerto Rico
Pyöngyang,Pyongyang
Pük,Language
Püthagoras,Pythagoras
Q,Q
Quito,Quito
Québec,Quebec
Québec,Quebec City
R,R
Raffaello,Raphael
Raleigh,Raleigh
Ravenna,Ravenna
Recife,Recife
Regän Pebalöl,United Kingdom
Reims,Reims
Rel,Religion
Rembrandt,Rembrandt
Repüblikän,Republic
Repüblikän Dominiganik,Dominican Republic
Rhode Island,Rhode Island
Richard Wagner,Richard Wagner
Richmond,Richmond
Rio de Janeiro,Rio de Janeiro
Riyad,Riyadh
Roald Amundsen,Roald Amundsen
Robert Schumann,Robert Schumann
Roma,Rome
Roosevelt,Roosevelt
Rostock,Rostock
Rotterdam,Rotterdam
Ruandän,Rwanda
Rudolf Hesse,Rudolf Hess
Rumän,Romania
Rusän,Russia
Rīga,Riga
S,S
Sacramento,Sacramento
Saint Louis,St. Louis
Salem,Salem
Salerno,Salerno
Salomonuäns,Solomon Islands
Salt Lake City,Salt Lake City
Saluda-Kiteän e Neviseän,Saint Kitts and Nevis
Saluda-Vinsenteän e Grenadineäns,Saint Vincent and the Grenadines
Salvador,Salvador
Salvadorän,El Salvador
Salzburg,Salzburg
Samara,Samara
Samovuäns,Samoa
Samuel Beckett,Samuel Beckett
San Antonio,San Antonio
San Diego,San Diego
San Francisco,San Francisco
San Jose,San Jose
San Juan,San Juan
San Marino,San Marino
San Salvador,San Salvador
Sanav,Medicine
Sandro Botticelli,Sandro Botticelli
Sankt-Peterburg,Saint Petersburg
Sanmarinän,San Marino
Santa Fe,Santa Fe
Santiago de Chile,Santiago
Santiago de Cuba,Santiago de Cuba
Santos,Santos
Sappho,Sappho
Sarah Bernhardt,Sarah Bernhardt
Sarajevo,Sarajevo
Saratov,Saratov
Saskatchewan,Saskatchewan
Sauda-Larabän,Saudi Arabia
Saxän,Saxony
Seanakaedav,Oceanography
Seattle,Seattle
Senegalän,Senegal
Setul,September
Setul 11,September 11
Setul 17,September 17
Setul 29,September 29
Sevilla,Seville
Sheffield,Sheffield
Sieraleonän,Sierra Leone
Silur,Silurian
Simone de Beauvoir,Simone de Beauvoir
Singapurän,Singapore
Sipreän,Cyprus
Siracusa,Syracuse
Siyop,Asia
Skopje,Skopje
Skotän,Scotland
Slovakiyän,Slovakia
Sloveniyän,Slovenia
Sofiya,Sofia
Sol,Sun
Somalän,Somalia
Somerset,Somerset
Somme,Somme
Sophokles,Sophocles
South Carolina,South Carolina
South Dakota,South Dakota
Spanyän,Spain
Sperantapük,Esperanto
Split,Split
Springfield,Springfield
Sri-Lankän,Sri Lanka
St. Paul,Saint Paul
Stanley Kubrick,Stanley Kubrick
Stavanger,Stavanger
Stelav,Astronomy
Steven Spielberg,Steven Spielberg
Stockholm,Stockholm
Strasbourg,Strasbourg
Stuttgart,Stuttgart
Stän,Flag
Sudän,Sudan
Suluvän-Nataliän,KwaZulu-Natal
Sulüda-Frikopän,South Africa
Sulüda-Koreyän,South Korea
Suomiyän,Finland
Surinän,Suriname
Surrey,Surrey
Sutuvän,Lesotho
Svasiyän,Swaziland
Svedän,Sweden
Sydney,Sydney
Säceluäns,Seychelles
Särbän,Serbia
Söul,Seoul
Süriyän,Syria
T,T
Tacikistän,Tajikistan
Talav,Geology
Taledav,Geography
Tallahassee,Tallahassee
Tallinn,Tallinn
Tampa,Tampa
Tampere,Tampere
Tansanän,Tanzania
Tarabulus,Tripoli
Tarn,Tarn
Tartu,Tartu
Tayvän,Republic of China
Tayän,Thailand
Tbilisi,Tbilisi
Tehran,Tehran
Telplänovapads,Disambiguation
Tennessee,Tennessee
Texas,Texas
Thessaloniki,Thessaloniki
Thomas Aquinas,Thomas Aquinas
Thomas Edison,Thomas Edison
Timastabäds,Time
Tirana,Tirana
Tivoli,Tivoli
Tjadän,Chad
Tobul,October
Tobul 12,October 12
Tobul 24,October 24
Tocantins,Tocantins
Togoän,Togo
Tonguäns,Tonga
Topeka,Topeka
Torino,Turin
Toronto,Toronto
Toshkent,Tashkent
Toulon,Toulon
Toulouse,Toulouse
Tours,Tours
Trento,Trento
Trenton,Trenton
Trier,Trier
Trinidad,Trinidad
Trinidadeän e Tobageäns,Trinidad and Tobago
Trondheim,Trondheim
Tsyegän,Czech Republic
Tsyelyabinsk,Chelyabinsk
Tucson,Tucson
Tunisän,Tunisia
Turkmenän,Turkmenistan
Tuvaluäns,Tuvalu
Tycho Brahe,Tycho Brahe
Tyrannosaurus,Tyrannosaurus
Türinän,Thuringia
Türkän,Turkey
U,U
Ufa,Ufa
Uppsala,Uppsala
Utah,Utah
Utrecht,Utrecht
V,V
Vaduz,Vaduz
Valence,Valence
Valencia,Valencia
Valletta,Valletta
Vancouver,Vancouver
Vanuatuäns,Vanuatu
Var,Var
Varna,Varna
Vat,Water
Vatikän,Vatican City
Venesolän,Venezuela
Venezia,Venice
Vermont,Vermont
Verona,Verona
Versailles,Versailles
Vesüda-Saharän,Western Sahara
Vichy,Vichy
Victor Hugo,Victor Hugo
Victoria,Victoria
Viengtjan,Vientiane
Vienne,Vienne
Vietnamän,Vietnam
Vilnius,Vilnius
Vincent van Gogh,Vincent van Gogh
Virginia,Virginia
Vladimir Nabokov,Vladimir Nabokov
Vol,World
Volgograd,Volgograd
Voltaire,Voltaire
Vönotav,Archaeology
Vüresod,Internet
Walt Disney,Walt Disney
Warszawa,Warsaw
Washington,Washington
Weimar,Weimar
Wellington,Wellington
West Sussex,West Sussex
West Virginia,West Virginia
Wien,Vienna
Wiesbaden,Wiesbaden
William Butler Yeats,William Butler Yeats
William Shakespeare,William Shakespeare
William Wordsworth,William Wordsworth
Windhoek,Windhoek
Winnipeg,Winnipeg
Wisconsin,Wisconsin
Wolfgang Amadeus Mozart,Wolfgang Amadeus Mozart
Worcestershire,Worcestershire
Wyoming,Wyoming
X,X
Y,Y
Yanul,January
Yanul 1,January 1
Yanul 19,January 19
Yanul 20,January 20
Yanul 6,January 6
Yapän,Japan
Yerevan,Yerevan
Yisraelän,Israel
Yordän,Jordan
York,York
Yukon,Yukon
Yulul,July
Yulul 1,July 1
Yulul 4,July 4
Yunul,June
Yunul 14,June 14
Yunul 21,June 21
Yunul 23,June 23
Yunul 24,June 24
Yunul 29,June 29
Yunul 3,June 3
Yuriy Gagarin,Yuri Gagarin
Yurop,Europe
Yämän,Yemen
Z,Z
Zagreb,Zagreb
Zambiyän,Zambia
Zaragoza,Zaragoza
Zeladel,Holiday
Zimbabiyän,Zimbabwe
Zvanän,Botswana
Zänoda-Frikop,Central African Republic
volapuk,english
Äbu Saby,Abu Dhabi
Århus,Aarhus
İstanbul,Istanbul
