Other,English
1 Ceres,Ceres
1 d'agostu,August 1
1 de mayu,May 1
1 de payares,November 1
1 de xineru,January 1
1 de xunetu,July 1
10,10
100,100
1000,1000
101,101
105,105
11,11
11 de payares,November 11
11 de setiembre,September 11
110,110
115,115
12,12
12 d'ochobre,October 12
12 de febreru,February 12
120,120
125,125
13,13
130,130
135,135
136199 Eris,Eris
14,14
14 d'abril,April 14
14 de febreru,February 14
14 de xunu,June 14
140,140
144,144
145,145
15,15
15 d'agostu,August 15
150,150
155,155
16,16
160,160
165,165
17,17
17 de marzu,March 17
17 de setiembre,September 17
170,170
1728,1728
175,175
18,18
180,180
19,19
19 de marzu,March 19
19 de xineru,January 19
190,190
1Corintios,First Epistle to the Corinthians
2,2
2 de febreru,February 2
2 de marzu,March 2
2 de payares,November 2
20,20
20 de xineru,January 20
200,200
21,21
21 de xunu,June 21
22,22
22 de febreru,February 22
23,23
23 de xunu,June 23
24,24
24 d'ochobre,October 24
24 de mayu,May 24
24 de xunu,June 24
25,25
25 de marzu,March 25
26,26
27,27
28,28
29,29
29 de febreru,February 29
29 de setiembre,September 29
29 de xunu,June 29
3,3
3 de xunu,June 3
30,30
300,300
31,31
31 d'avientu,December 31
32,32
33,33
34,34
35,35
36,36
37,37
38,38
39,39
4,4
4 de xunetu,July 4
40,40
400,400
41,41
42,42
43,43
44,44
45,45
46,46
47,47
48,48
49,49
5,5
5 de payares,November 5
50,50
500,500
51,51
52,52
53,53
54,54
55,55
56,56
57,57
58,58
59,59
6,6
6 d'agostu,August 6
6 de xineru,January 6
60,60
61,61
62,62
63,63
64,64
65,65
66,66
67,67
68,68
69,69
7,7
70,70
71,71
72,72
73,73
74,74
75,75
76,76
77,77
78,78
79,79
8,8
8 d'avientu,December 8
80,80
81,81
82,82
83,83
84,84
85,85
86,86
87,87
88,88
89,89
9,9
90,90
91,91
92,92
93,93
94,94
95,95
96,96
97,97
98,98
99,99
A,A
ASCII,American Standard Code for Information Interchange
Abdome,Abdomen
Abeya,Bee
Abraham Lincoln,Abraham Lincoln
Abril,April
Aceleración,Acceleration
Acimut,Azimuth
Acre,Acre
Acre,Acre
Actor,Actor
Actínidu,Actinide
Acuariu,Aquarium
Adam Smith,Adam Smith
Adolf Hitler,Adolf Hitler
Aerodinámica,Aerodynamics
Afganistán,Afghanistan
Afganistán,Afghanistan
Afrikaans,Afrikaans
Agostu,August
Agricultura,Agriculture
Agricultura,Agriculture
Agua,Water
Agustín d'Hipona,Augustine of Hippo
Al Gore,Al Gore
Alabama,Alabama
Alabarda,Halberd
Alan Turing,Alan Turing
Alaska,Alaska
Albania,Albania
Albania,Albania
Albedu,Albedo
Albert Camus,Albert Camus
Albert Einstein,Albert Einstein
Albuertu,Abortion
"Albuquerque, Nuevu Méxicu",Albuquerque
Alcalde,Mayor
Alcalín,Alkali metal
Alcohol,Alcohol
Aldebarán,Aldebaran
Alemaña,Germany
Alemaña,Germany
Alemán,German language
Alerxa,Allergy
Alexander Graham Bell,Alexander Graham Bell
Alexandru Magno,Alexander the Great
Alfa,Alpha
Alfabetu,Alphabet
Alfabetu cirílicu,Cyrillic alphabet
Alfabetu griegu,Greek alphabet
Alfabetu griegu,Greek alphabet
Alfabetu hebréu,Hebrew alphabet
Alfabetu llatín,Latin alphabet
Alfabetu árabe,Arabic alphabet
Alfred Hitchcock,Alfred Hitchcock
Algaire,Wildcat
Algoritmu,Algorithm
Alimentu,Food
Alpes,Alps
Altair,Altair
Aluminiu,Aluminium
Alzheimer,Alzheimer's disease
Amelia Earhart,Amelia Earhart
Amerigo Vespucci,Amerigo Vespucci
Amperiu,Ampere
Amsterdam,Amsterdam
América Central,Central America
América Llatina,Latin America
América del Sur,South America
Anarquismu,Anarchism
Anchorage,Anchorage
Andalucía,Andalusia
Anders Celsius,Anders Celsius
Andes,Andes
Andorra,Andorra
Andorra,Andorra
Anemómetru,Anemometer
Anestesioloxía y reanimación,Anesthesia
Angola,Angola
Angola,Angola
Animal,Animal
Anime,Anime
"Annapolis, Maryland",Annapolis
Antigua y Barbuda,Antigua and Barbuda
Antipapa,Antipope
Antoine Lavoisier,Antoine Lavoisier
Anton Chekhov,Anton Chekhov
Antropoloxía,Anthropology
Antropoloxía,Anthropology
Antroxu,Carnival
Antártida,Antarctica
Aorta,Aorta
Aparatu dixestivu,Gastrointestinal tract
Apocalipsis,Book of Revelation
Apóstol San Pedru,Saint Peter
Arabia,Arabian Peninsula
Arabia Saudina,Saudi Arabia
Aragón,Aragon
Arcabuz,Arquebus
Arcu la vieya,Rainbow
Argón,Argon
Aries,Aries
Aristóteles,Aristotle
Aritmética,Arithmetic
Arizona,Arizona
Arkansas,Arkansas
Arma,Weapon
Armada,Navy
Armenia,Armenia
Armenia,Armenia
Armeniu,Armenian language
Arqueoloxía,Archaeology
Arqueoloxía,Archaeology
Arquiteutura,Architecture
Arquiteutura,Architecture
Art Decó,Art Deco
Arte,Art
Artemisa,Artemis
Artes,Arts
Artillería,Artillery
Artiodactyla,Even-toed ungulate
Arxelia,Algeria
Arxelia,Algeria
Arxentina,Argentina
Arxentina,Argentina
Ascensión reuta,Right ascension
Asclepiu,Asclepius
Asia,Asia
Asia,Asia
Aspirina,Aspirin
Asteroide,Asteroid
Astrolabiu,Astrolabe
Astroloxía,Astrology
Astroloxía,Astrology
Astronomía,Astronomy
Astronomía,Astronomy
Astrónomu,Astronomer
Atenea,Athena
Atenes,Athens
Atlanta,Atlanta
Atlántida,Atlantis
"Augusta, Maine",Augusta
Auguste Comte,Auguste Comte
Australia,Australia
Australia,Australia
Austria,Austria
Austria,Austria
Automóvil,Automobile
Auvernia,Auvergne
Avena,Avena
Aviación,Aviation
Avientu,December
Axedrez,Chess
Azerbaiyán,Azerbaijan
Azufre,Sulfur
Azul,Blue
Años 1530,1530s
Años 1750,1750s
Años 1760,1760s
Años 1770,1770s
Años 1780,1780s
Años 1790,1790s
Años 1820,1820s
Años 1830,1830s
Años 1840,1840s
Años 1850,1850s
Años 1860,1860s
Años 1870,1870s
Años 1880,1880s
Años 1890,1890s
Años 1900,1900s
Años 1920,1920s
Años 1930,1930s
Años 1940,1940s
Años 1950,1950s
Años 1960,1960s
Años 1970,1970s
Años 1980,1980s
Años 1990,1990s
Añu,Year
Añu bisiestu,Leap year
Añu lluz,Light-year
B,B
Babilonia,Babylonia
Bahrein,Bahrain
Bakunin,Mikhail Bakunin
Balcanes,Balkans
Baltimore,Baltimore
Bancu Mundial,World Bank
Bangladesh,Bangladesh
Barbados,Barbados
Barcelona,Barcelona
Batalla de Lepanto,Battle of Lepanto
Batalla de les Termópiles,Battle of Thermopylae
Baxa Saxonia,Lower Saxony
Belgradu,Belgrade
Belice,Belize
Belice,Belize
Belo Horizonte,Belo Horizonte
Benin,Benin
Benito Mussolini,Benito Mussolini
Benín,Benin
Beriliu,Beryllium
Berlín,Berlin
Bermeyu,Red
Berna,Berne
Beta,Beta
Beverly Hills,Beverly Hills
Bhutan,Bhutan
Biblia,Bible
Biblia,Bible
Bicicleta,Bicycle
Bielorrusia,Belarus
Bielorrusia,Belarus
Bill Gates,Bill Gates
Billete,Banknote
Billy Wilder,Billy Wilder
Biofísica,Biophysics
Biografía,Biography
Biografíes,People
Bioloxía,Biology
Bioloxía,Biology
Bioquímica,Biochemistry
"Bismarck, Dakota del Norte",Bismarck
Bit,Bit
Blogue,Blog
Bob Dylan,Bob Dylan
Bob Marley,Bob Marley
Bolivia,Bolivia
Bolivia,Bolivia
Bolos,Bowling
Bolxevique,Bolshevik
Bordeos,Bordeaux
Borrina,Fog
Boru,Boron
Bosnia-Herzegovina,Bosnia and Herzegovina
Bosnia-Herzegovina,Bosnia and Herzegovina
Bot,Bot
Botsuana,Botswana
Botswana,Botswana
Botánica,Botany
Boxéu,Boxing
Branu,Summer
Brasil,Brazil
Brasil,Brazil
Bratislava,Bratislava
Bretaña,Bretagne
Británicos,British people
Bronce,Bronze
Bruce Lee,Bruce Lee
Brunei,Brunei
Bruseles,Brussels
Bucarest,Bucharest
Buda Gautama,Gautama Buddha
Budapest,Budapest
Budismu,Buddhism
Buelga dactilar,Fingerprint
Bulgaria,Bulgaria
Bulgaria,Bulgaria
Burkina Faso,Burkina Faso
Burkina Faso,Burkina Faso
Bután,Bhutan
Byte,Byte
Bádminton,Badminton
Bélxica,Belgium
Bélxica,Belgium
Bósforo,Bosporus
C,C
Caballu,Horse
Cabaré,Cabaret
Cabu Verde,Cape Verde
Cabu Verde,Cape Verde
Cabu d'Hornos,Cape Horn
Cabu de Bona Esperanza,Cape of Good Hope
Café,Coffee
Calciu,Calcium
California,California
California,California
Camboya,Cambodia
Camboya,Cambodia
Camerún,Cameroon
Camerún,Cameroon
Camín de Santiago,Milky Way
Canadá,Canada
Canadá,Canada
Canal de Suez,Suez Canal
Canal de la Mancha,English Channel
Canaries,Canary Islands
Canaries,Canary Islands
Canidae,Canidae
Capa d'ozonu,Ozone layer
Capitalismu,Capitalism
Caracas,Caracas
Carbonu,Carbon
Cardioloxía,Cardiology
Carlomagno,Charlemagne
Carolina del Norte,North Carolina
Carolina del Sur,South Carolina
"Carson City, Nevada",Carson City
Carta Magna,Magna Carta
Cartografía,Cartography
Castiellu,Castle
Castries,Castries
Cataluña,Catalonia
Cataluña,Catalonia
Catarates del Niágara,Niagara Falls
Catarismu,Catharism
Cebada,Barley
Cecil Rhodes,Cecil Rhodes
Cenozoicu,Cenozoic
Cera,Wax
Cerveza,Beer
Chad,Chad
Chad,Chad
Charles Chaplin,Charlie Chaplin
Charles Darwin,Charles Darwin
Charles de Gaulle,Charles de Gaulle
"Charleston, Virxinia Occidental",Charleston
Chicolate,Chocolate
Chile,Chile
Chile,Chile
China,China
China,People's Republic of China
Chipre,Cyprus
Chipre,Cyprus
Chordata,Chordate
Cibeles,Cybele
Ciencia,Science
Ciencies,Science
Ciencies Polítiques,Political science
Ciencies humanes,Humanities
Ciencies naturales,Natural science
Cilindru,Cylinder
Cinc,Zinc
Cine,Film
Cinturón d'asteroides,Asteroid belt
Ciruxía,Surgery
Citrus limon,Lemon
Ciudá de Dublín,Dublin
Ciudá del Cabu,Cape Town
Claudio Ptolomeo,Ptolemy
Cloru,Chlorine
Codeína,Codeine
Colombia,Colombia
Colombia,Colombia
Color,Color
Colorado,Colorado
"Columbia, Carolina del Sur",Columbia
Coma,Coma
Coma,Comma
Cometa,Comet
Comores,Comoros
Comores,Comoros
Compilador,Compiler
Computadora,Computer
Comunicaciones,Communication
Comunidá de Madrid,Madrid
Comunismu,Communism
Comunismu,Communism
Conciliu Vaticanu Segundu,Second Vatican Council
"Concord, New Hampshire",Concord
Confucio,Confucius
Congo,Republic of the Congo
Connecticut,Connecticut
Consonante,Consonant
Constelación,Constellation
Constitución,Constitution
Continente,Continent
Contratu,Contract
Coordenada,Coordinate system
Corbata,Necktie
Cordal,Mountain range
Corea,Korea
Corea del Norte,North Korea
Corea del Norte,North Korea
Corea del Sur,South Korea
Corea del Sur,South Korea
Cornualles,Cornwall
Corréu electrónicu,E-mail
Corréu puxarra,Spam
Coríu,Duck
Costa,Coast
Costa Rica,Costa Rica
Creta,Crete
Cretácicu,Cretaceous
Cristianismu,Christianity
Cristianismu,Christianity
Cristóbal Colón,Christopher Columbus
Croacia,Croatia
Croacia,Croatia
Cromu,Chromium
Cronos,Cronus
Crucifixón,Crucifixion
Cuadriláteru,Quadrilateral
Cuadráu,Square
Cuba,Cuba
Cuba,Cuba
Cublai Kan,Kublai Khan
Cuchiellu,Knife
Culiebra,Snake
Culombiu,Coulomb
Cultura,Culture
Cultura,Culture
Curitiba,Curitiba
Curuxa,Barn Owl
Cámara web,Webcam
Cáncer,Cancer
Cátodu,Cathode
Cénit,Zenith
César Augustu,Augustus
Círculu,Circle
Códigu fonte,Source code
Códigu postal,Postal code
D,D
DVD,DVD
Daga,Dagger
Dakota del Norte,North Dakota
Dakota del Sur,South Dakota
Dante Alighieri,Dante Alighieri
Danza,Dance
Danza,Dance
Darwin,Darwin
Declinación,Declination
Delaware,Delaware
Delta,Delta
Democracia,Democracy
Demografía,Demography
Demografía,Demography
Densidá,Density
Deporte,Sport
Derechos d'autor,Copyright
Derechu,Law
Desiertu del Sáḥara,Sahara
Deuteriu,Deuterium
Deuteronomiu,Deuteronomy
Diabetes,Diabetes mellitus
Diacríticu,Diacritic
Dialéutica,Dialectic
Diana Spencer,Diana
Diccionariu,Dictionary
Dictadura,Dictatorship
Dimitri Ivánovich Mendeléyev,Dmitri Mendeleev
Dinamarca,Denmark
Dinamarca,Denmark
Dinastía Tang,Tang Dynasty
Dinastía Tolemaica,Ptolemaic dynasty
Dineru,Money
Dinosauriu,Dinosaur
Dios,God
Dixebra,Disambiguation
Diámetru,Diameter
Doha,Doha
Dolmen,Dolmen
Domingu,Sunday
Dominica,Dominica
Dominica,Dominica
Dominiu públicu,Public domain
Dos,2
Drechu,Law
Dresde,Dresden
Druidismu,Druid
Dseta,Zeta
Dubai,Dubai
Día,Day
Dólar australianu,Australian dollar
Dólar canadiense,Canadian dollar
Dólar estaunidense,United States dollar
E,E
Eclíptica,Ecliptic
Ecoloxía,Ecology
Ecoloxía,Ecology
Economía,Economics
Economía,Economics
Economía,Economy
Ecuador,Ecuador
Ecuador,Ecuador
Ecuador celeste,Celestial equator
Edgar Allan Poe,Edgar Allan Poe
Edgar Rice Burroughs,Edgar Rice Burroughs
Edimburgo,Edinburgh
Edmund Hillary,Edmund Hillary
Educación,Education
Educación,Education
Edward Jenner,Edward Jenner
Edá Cuaternaria,Quaternary
Edá Media,Middle Ages
Edá de Bronce,Bronze Age
Edá de Piedra,Stone Age
Edá del Fierro,Iron Age
"El Paso, Texas",El Paso
El Salvador,El Salvador
Electronegatividá,Electronegativity
Electrón,Electron
Elefante,Elephant
Elementu químicu,Chemical element
Elipse,Ellipse
Emiratos Árabes Xuníos,United Arab Emirates
Emisión beta,Beta decay
Enerxía,Energy
Enerxía solar,Solar energy
Enfermedá,Disease
Enrico Fermi,Enrico Fermi
Entalpía,Enthalpy
Eocenu,Eocene
Eos,Eos
Epicuru,Epicurus
Epigrafía,Epigraphy
Epsilon,Epsilon
Equidna,Echidna
Eratóstenes,Eratosthenes
Eris,Eris
Ermu,Desert
Ernesto Guevara de la Serna,Che Guevara
Escandiu,Scandium
Escentricidá,Eccentricity
Escocia,Scotland
Escocia,Scotland
Escorpión,Scorpius
Escuax,Squash
Escultura,Sculpture
Escultura,Sculpture
Esfera celeste,Celestial sphere
Esgrima,Fencing
Esguila,Shrimp
Esguilu,Squirrel
Eslovaquia,Slovakia
Eslovaquia,Slovakia
Eslovenia,Slovenia
Eslovenia,Slovenia
Espada,Sword
Esparta,Sparta
España,Spain
España,Spain
Españoles,Spanish people
Especie,Species
Espectru electromagnéticu,Electromagnetic spectrum
Espeleoloxía,Speleology
Esperanto,Esperanto
Esperteyu,Bat
Espeyu,Mirror
Esposición Universal,Expo
Estación del añu,Season
Estambul,Istanbul
Estaos Confederaos d'América,Confederate States of America
Estaos Federaos de Micronesia,Federated States of Micronesia
Estaos Xuníos d'América,United States
Estaos Xuníos d'América,United States
Estañu,Tin
Estereorradián,Steradian
Estonia,Estonia
Estrechu de Skagerrak,Skagerrak
Estrella,Star
Estructura de datos,Data structure
Estáu Llibre de Baviera,Bavaria
Etimoloxía,Etymology
Etiopía,Ethiopia
Etiopía,Ethiopia
Etna,Mount Etna
Euclides,Euclid
Eufemismu,Euphemism
Eukaryota,Eukaryote
Eurasia,Eurasia
Europa,Europa
Europa,Europe
Europa,Europe
Euru,Euro
Euskadi Ta Askatasuna,ETA
Everest,Mount Everest
Exipto,Egypt
F,F
Faradiu,Farad
Fariña,Flour
Faru,Lighthouse
Fascismu,Fascism
Febreru,February
Feminismu,Feminism
Ferdinand de Saussure,Ferdinand de Saussure
Fernão de Magalhães,Ferdinand Magellan
Ficheru informáticu,Computer file
Fidel Castro,Fidel Castro
Fierro,Iron
Filipines,Philippines
Filipines,Philippines
Filosofía,Philosophy
Filosofía,Philosophy
Finlandia,Finland
Finlandia,Finland
Fisioloxía,Physiology
Fiyi,Fiji
Florida,Florida
Fluorita,Fluorite
Fondu Monetariu Internacional,International Monetary Fund
Fonema,Phoneme
Fonoloxía,Phonology
Fonética,Phonetics
Fonética,Phonetics
Foria,Diarrhea
Formentación,Fermentation
Formiga,Ant
Fotografía,Photography
Fotografía,Photography
Fotosfera,Photosphere
Franceses,French people
Francia,France
Francia,France
Francis Drake,Francis Drake
Francisco Franco,Francisco Franco
Frangüesu,Lammergeier
"Frankfort, Kentucky",Frankfort
Frankfurt,Frankfurt
Franz Kafka,Franz Kafka
Frecuencia,Frequency
Friedrich Engels,Friedrich Engels
Frutu secu,Nut
Fuercia,Force
Función trigonométrica,Trigonometric function
Fundamentalismu relixosu,Fundamentalism
Fungi,Fungus
Furacu prietu,Black hole
Fusu horariu,Time zone
Física,Physics
Física,Physics
Fósforu,Phosphorus
G,G
GNOME,GNOME
Gabón,Gabon
Gai,Gay
Gaia,Gaia
Galaxa,Galaxy
Galera,Galley
Galicia,Galicia
Galicia,Galicia
Galileo Galilei,Galileo Galilei
Gambia,The Gambia
Gamma,Gamma
Ganadería,Animal husbandry
Gante,Ghent
Ganímedes,Ganymede
Gas,Gas
Gas noble,Noble gas
Gatu,Cat
Gaélicu escocés,Scottish Gaelic
George Bernard Shaw,George Bernard Shaw
George Lucas,George Lucas
George Orwell,George Orwell
George Walker Bush,George W. Bush
George Washington,George Washington
Ghana,Ghana
Ghana,Ghana
Giordano Bruno,Giordano Bruno
Giorgio de Chirico,Giorgio de Chirico
Glaciar,Glacier
Glasnost,Glasnost
Globalización,Globalization
Golda Meir,Golda Meir
Googol,Googol
Grafiti,Graffiti
Gramu,Gram
Gramática,Grammar
Gramínea,Poaceae
Gran Bretaña,Great Britain
Gran barrera de coral,Great Barrier Reef
Gran valle del rift,Great Rift Valley
Granada,Granada
Grandes Llagos,Great Lakes
Grau sexaxesimal,Degree
Gravedá,Gravitation
Grecia,Greece
Grecia,Greece
Greenpeace,Greenpeace
Groenlandia,Greenland
Groenlandia,Greenland
Grupu de la tabla periódica,Group
Guadalupe,Guadeloupe
Guatemala,Guatemala
Guernsey,Guernsey
Guerra Civil Española,Spanish Civil War
Guerra de Secesión,American Civil War
Guglielmo Marconi,Guglielmo Marconi
Guillelmu d'Ockham,William of Ockham
Guillermo II d'Alemaña,William II
Guinea,Guinea
Guinea Ecuatorial,Equatorial Guinea
Guinea-Bissáu,Guinea-Bissau
Gurrión,House Sparrow
Gustav Klimt,Gustav Klimt
Güevu,Egg
Güeyu,Eye
H,H
Hachu,Axe
Hacker,Hacker
Hades,Hades
Haití,Haiti
Halóxenu,Halogen
Hamas,Hamas
Hammurabi,Hammurabi
Hannover,Hanover
"Harrisburg, Pennsylvania",Harrisburg
Harry Houdini,Harry Houdini
"Hartford, Connecticut",Hartford
Hawaii,Hawaii
Hectárea,Hectare
"Helena, Montana",Helena
Heliu,Helios
Heliu,Helium
Hemisferiu Norte,Northern Hemisphere
Hemisferiu Sur,Southern Hemisphere
Henri Bergson,Henri Bergson
Henriu,Henry
Henry Ford,Henry Ford
Herat,Herat
Herbert George Wells,H. G. Wells
Herciu,Hertz
Hermanos Marx,Marx Brothers
Herodotu,Herodotus
Herón d'Alexandría,Hero of Alexandria
Hesse,Hesse
Hesse,Hesse
Hestia,Hestia
Hestoria,History
Hexágonu,Hexagon
Hidromiel,Mead
Hidróxenu,Hydrogen
Himalaya,Himalayas
Himnu nacional,National anthem
Hiperión,Hyperion
Hiperión,Hyperion
Hippie,Hippie
Hipócrates,Hippocrates
Hipótesis,Hypothesis
Hiroshima,Hiroshima
Histoloxía,Histology
Historia,History
Holanda,Netherlands
Holanda,Netherlands
Hollywood,Hollywood
Holocenu,Holocene
Homero,Homer
Homo erectus,Homo erectus
Homo habilis,Homo habilis
Homo sapiens neanderthalensis,Neanderthal
Homo sapiens sapiens,Human
Homosexualidá,Homosexuality
Homínidu,Hominidae
Hondures,Honduras
Hong Kong,Hong Kong
Hora,Hour
Horizonte,Horizon
Houston,Houston
Humphrey Bogart,Humphrey Bogart
Hungría,Hungary
Hungría,Hungary
Hécate,Hecate
I,I
IRA,Irish Republican Army
Idioma,Language
Idioma Árabe,Arabic language
Ido,Ido
Iglú,Igloo
Ilesia,Church
Ilesia Católica,Roman Catholic Church
Ilesia ortodoxa,Eastern Orthodox Church
Ilíada,Iliad
Immanuel Kant,Immanuel Kant
Imperialismu,Imperialism
Imperiu Otomanu,Ottoman Empire
Imperiu Romanu,Roman Empire
Independencia,Independence
India,India
India,India
Indira Gandhi,Indira Gandhi
Indonesia,Indonesia
Indonesia,Indonesia
Indumentaria,Clothing
Inercia,Inertia
Informática,Computer science
Inglaterra,England
Inglés,English language
Inglés,English language
Inseutu,Insect
Instrumentu musical,Musical instrument
Insulina,Insulin
Interfaz gráfica d'usuariu,Graphical user interface
Internet,Internet
Internet,Internet
Invertebráu,Invertebrate
Inxeniería,Engineering
Inxeniería,Engineering
Ion,Ion
Iraq,Iraq
Iraq,Iraq
Irlanda,Republic of Ireland
Irlanda del Norte,Northern Ireland
Irlandeses,Irish people
Irán,Iran
Irán,Iran
Isaac Asimov,Isaac Asimov
Isaac Newton,Isaac Newton
Isadora Duncan,Isadora Duncan
Islam,Islam
Islam,Islam
Islamabad,Islamabad
Islandia,Iceland
Islandia,Iceland
Islla,Island
Islla d'Irlanda,Ireland
Islla de Man,Isle of Man
Islla de Wight,Isle of Wight
Islles Baleares,Balearic Islands
Islles Bermudes,Bermuda
Islles Caimán,Cayman Islands
Islles Malvines,Falkland Islands
Islles Marianes del Norte,Northern Mariana Islands
Islles Marshall,Marshall Islands
Islles Salomón,Solomon Islands
Islles britániques,British Isles
Israel,Israel
Israel,Israel
Istmu,Isthmus
Isótopu,Isotope
Italia,Italy
Italia,Italy
Iviernu,Winter
J,J
Jack Lemmon,Jack Lemmon
"Jackson, Mississippi",Jackson
Jacques Cartier,Jacques Cartier
Jacques Derrida,Jacques Derrida
Jacques Offenbach,Jacques Offenbach
Jalalabad,Jalalabad
James Cook,James Cook
James Watt,James Watt
Jazz,Jazz
Jersey,Jersey
Johann Sebastian Bach,Johann Sebastian Bach
Johann Wolfgang von Goethe,Johann Wolfgang von Goethe
Johannes Gutenberg,Johannes Gutenberg
Johannes Kepler,Johannes Kepler
John Dalton,John Dalton
John Maynard Keynes,John Maynard Keynes
John von Neumann,John von Neumann
Joseph Goebbels,Joseph Goebbels
Jules Verne,Jules Verne
"Juneau, Alaska",Juneau
K,K
Kabul,Kabul
Kan,Khan
Kandahar,Kandahar
Karachi,Karachi
Karl Marx,Karl Marx
Karma,Karma
Katowice,Katowice
Katsushika Hokusai,Hokusai
Kazakhistán,Kazakhstan
Kazakhistán,Kazakhstan
Kelvin,Kelvin
Kernel,Kernel
Keña,Kenya
Keña,Kenya
Khmeres Roxos,Khmer Rouge
Kilimanjaro,Mount Kilimanjaro
Kirguistán,Kyrgyzstan
Kiribati,Kiribati
Kneset,Knesset
Kosovo,Kosovo
Kosovo,Kosovo
Kuwait,Kuwait
Kuwait,Kuwait
Kyoto,Kyoto
Kárate,Karate
L,L
L'Habana,Havana
Lambda,Lambda
Lantánidu,Lanthanide
Laos,Laos
"Las Vegas, Nevada",Las Vegas
Laurasia,Laurasia
Lenin,Vladimir Lenin
Leonardo da Vinci,Leonardo da Vinci
Lesotho,Lesotho
Letonia,Latvia
Letonia,Latvia
Lexicoloxía,Lexicology
León Trotsky,Leon Trotsky
Liberia,Liberia
Libia,Libya
Libia,Libya
Liechtenstein,Liechtenstein
Liechtenstein,Liechtenstein
Lincoln,Lincoln
Linux,Linux
Lisboa,Lisbon
Litiu,Lithium
Lituania,Lithuania
Lituania,Lithuania
Llaboratoriu,Laboratory
Llagu,Lake
Llamera,Elm
Llande,Acorn
Llanza,Spear
Llatitú,Latitude
Llatín,Latin
Lleche,Milk
Llei de Boyle-Mariotte,Boyle's law
Lleldu,Yeast
Lleo,Leo
Lletra,Letter
Lletricidá,Electricity
Lleva,Lever
Llevíticu,Leviticus
Lleón de Nemea,Nemean Lion
Llibra,Libra
Llibra esterlina,Pound sterling
Llibru del Mormón,Book of Mormon
Lliga d'Estaos Árabes,Arab League
Llingua,Tongue
Llingua materna,First language
Llinguaxe de programación,Programming language
Llinguaxe de programación C,C
Llingüística,Linguistics
Llingüística,Linguistics
Llinia ecuatorial,Equator
Llista presidentes d'Estaos Uníos,President of the United States
Lliteratura,Literature
Lliteratura,Literature
Llitru,Litre
Llobu,Gray Wolf
Lluna,Moon
Lluna enllena,Full moon
Llundria marina,Sea Otter
Llunes,Monday
Lluvia,Rain
Lluz,Light
Londres,London
Los Ángeles,Los Angeles
Luanda,Luanda
Ludwig van Beethoven,Ludwig van Beethoven
Luxemburgu,Luxembourg
Luxemburgu,Luxembourg
Líbano,Lebanon
Lóxica,Logic
M,M
Macedonia,Macedonia
Macedonia,Macedonia
Macedonia Antigua,Macedon
Machu Picchu,Machu Picchu
Macroeconomía,Macroeconomics
Madagascar,Madagascar
Madagascar,Madagascar
Madeira,Madeira
Madrid,Madrid
Magma,Magma
Magnesiu,Magnesium
Magnoliopsida,Magnoliopsida
Mahoma,Muhammad
Maine,Maine
Malasia,Malaysia
Malcolm X,Malcolm X
Maldives,Maldives
Mallorca,Majorca
Malta,Malta
Malta,Malta
Maltés,Maltese language
Malus domestica,Apple
Malí,Mali
Mamíferu,Mammal
Manchuria,Manchuria
Mancomunidá Británica de Naciones,Commonwealth of Nations
Manhattan,Manhattan
Mantega,Butter
Manuel de Falla,Manuel de Falla
Mao Zedong,Mao Zedong
Mapa,Map
Mar Bermeya,Red Sea
Mar Bálticu,Baltic Sea
Mar Caribe,Caribbean Sea
Mar Exéu,Aegean Sea
Mar Mediterraneu,Mediterranean Sea
Mar Muertu,Dead Sea
Mar Negru,Black Sea
Mar d'Azov,Sea of Azov
Mar d'Irlanda,Irish Sea
Mar de Xapón,Sea of Japan
Mar del Norte,North Sea
Marco Polo,Marco Polo
Marie Curie,Marie Curie
Mariellu,Yellow
Marilyn Monroe,Marilyn Monroe
Marruecos,Morocco
Marruecos,Morocco
Marrón,Brown
Marte,Mars
Martes,Tuesday
Martin Luther King,Martin Luther King
Martinica,Martinique
Martín Lutero,Martin Luther
Marxismu,Marxism
Marxismu,Marxism
Mary Wollstonecraft,Mary Wollstonecraft
Mary Wollstonecraft Shelley,Mary Shelley
Marzu,March
Masa,Mass
Masa atómica,Atomic mass
Mascate,Muscat
Matemátiques,Mathematics
Matemátiques,Mathematics
Materia escuro,Dark matter
Materialismu dialéuticu,Dialectical materialism
Maurice Ravel,Maurice Ravel
Mauricio,Mauritius
Mauritania,Mauritania
Max Weber,Max Weber
Mayu,May
Medicina,Medicine
Medicina,Medicine
Melecina,Medication
Mercuriu,Mercury
Mercuriu,Mercury
Meridianu,Meridian
Meridianu de Greenwich,Prime Meridian
Mes,Month
Mesolíticu,Mesolithic
Mesopotamia,Mesopotamia
Mesozoicu,Mesozoic
Metabolismu,Metabolism
Metaloide,Metalloid
Meteoritu,Meteorite
Meteoroide,Meteoroid
Meteoroloxía,Meteorology
Metru,Metre
Metru cuadráu,Square metre
Metru cúbicu,Cubic metre
Mexica,Aztec
Mezquita,Mosque
Michigan,Michigan
Mickey Mouse,Mickey Mouse
Microbioloxía,Microbiology
Microeconomía,Microeconomics
Micronesia,Micronesia
Miel,Honey
Miguel de Cervantes,Miguel de Cervantes
Mijaíl Gorbachov,Mikhail Gorbachev
Mileniu,Millennium
Milla náutica,Nautical mile
Millón,Million
Minería,Mining
Minos,Minos
Miocenu,Miocene
Mirasol,Sunflower
Mitoloxía,Mythology
Mitoloxía,Mythology
Mitoloxía griega,Greek mythology
Mitoloxía griega,Greek mythology
Mitoloxía romana,Roman mythology
Miércoles,Wednesday
Mnemósine,Mnemosyne
Mohandas Gandhi,Mahatma Gandhi
Moiras,Moirae
Moldavia,Moldova
Moldavia,Moldova
Molécula,Molecule
Moneda,Coin
Monedes,Currency
Mongolia,Mongolia
Mongolia,Mongolia
Mont Blanc,Mont Blanc
Monte,Mountain
Monte Olimpu,Mount Olympus
Montenegru,Montenegro
Montenegru,Montenegro
Montserrat,Montserrat
Morfina,Morphine
Moscú,Moscow
Movimientu,Motion
Mozambique,Mozambique
Mozambique,Mozambique
Muhammad Ali,Muhammad Ali
Mumbai,Mumbai
Munich,Munich
Municipiu,Municipality
Muses,Muse
Mustélidos,Mustelidae
Myanmar,Burma
Myanmar,Burma
Myanmar,Myanmar
México,Mexico
México,Mexico
Mónaco,Monaco
Mónaco,Monaco
Música,Music
Música,Music
Músicu,Musician
N,N
Nacionalismu,Nationalism
Nacionalismu,Nationalism
Nación,Nation
Nadir,Nadir
Namibia,Namibia
Naranxa,Orange
"Nashville, Tennessee",Nashville
Natura,Nature
Nauru,Nauru
Navegador web,Web browser
Nazismu,Nazism
Nebraska,Nebraska
Nefertiti,Nefertiti
Nelson Mandela,Nelson Mandela
Neolíticu,Neolithic
Nepal,Nepal
Nepal,Nepal
Neptunu,Neptune
Neutrín,Neutrino
Neutrón,Neutron
Nevada,Nevada
"Newark, Nueva Jersey",Newark
Newton,Newton
Neñu,Child
Neón,Neon
Nicaragua,Nicaragua
Ninfa,Nymph
Nitróxenu,Nitrogen
Nivel de la mar,Sea level
Nixeria,Nigeria
Noam Chomsky,Noam Chomsky
Non metal,Nonmetal
Norteamérica,North America
Noruega,Norway
Noruega,Norway
Nuedu,Knot
Nueva Orleans,New Orleans
Nueva York,New York
Nueva Zelanda,New Zealand
Nueva Zelanda,New Zealand
Nuevu Testamentu,New Testament
Nuez,Walnut
Numismática,Numismatics
Nyx,Nyx
Nápoles,Naples
Némesis,Nemesis
Níxer,Niger
Númberos,Book of Numbers
Númberu,Number
Númberu Mach,Mach number
Númberu atómicu,Atomic number
O,O
OMS,World Health Organization
ONU,United Nations
OTAN,NATO
Oceanía,Oceania
Ochobre,October
Océanu,Oceanus
Océanu Atlánticu,Atlantic Ocean
Océanu Glacial Árticu,Arctic Ocean
Océanu Pacíficu,Pacific Ocean
Océanu Índicu,Indian Ocean
Ohmiu,Ohm
Oklahoma,Oklahoma
Oligocenu,Oligocene
Omaha,Omaha
Omega,Omega
Omán,Oman
Omán,Oman
Ontoloxía,Ontology
Ophiuchus,Ophiuchus
Orangután,Orangutan
Organización Internacional del Trabayu,International Labour Organization
Organización Mundial del Comerciu,World Trade Organization
Organización de Países Esportadores de Petroleu,OPEC
Organización de les Naciones Uníes,United Nations
Organización del Tratáu del Atlánticu Norte,NATO
Oriente Mediu,Middle East
Origami,Origami
Orson Welles,Orson Welles
Oru,Gold
Osama bin Laden,Osama bin Laden
Oscar Wilde,Oscar Wilde
Osu,Bear
Osu Pardu,Brown Bear
Otto von Bismarck,Otto von Bismarck
Oxetu esnalador non identificáu,Unidentified flying object
Oxíxenu,Oxygen
P,P
Palaos,Palau
Paleocenu,Paleocene
Paleolíticu,Paleolithic
Paleontoloxía,Paleontology
Palermo,Palermo
Palestina,Palestine
Palestina,Palestine
Palomba,Columbidae
Pan,Bread
Panamá,Panama
Panamá,Panama
Panthera tigris,Tiger
Panxea,Pangaea
Papa,Pope
Papúa Nueva Guinea,Papua New Guinea
Paquistán,Pakistan
Paquistán,Pakistan
Paraguay,Paraguay
Paralax,Parallax
Paralelogramu,Parallelogram
Paramaribo,Paramaribo
Parllamentu,Parliament
Parque nacional,National park
Parrocha,Sardine
Partíu Demócrata de los Estaos Xuníos,Democratic Party
Partíu Republicanu de los Estaos Xuníos,Republican Party
Partíu políticu,Political party
París,Paris
Pascal,Pascal
Passeriformes,Passeriformes
Patoloxía,Pathology
Payares,November
País,State
Pega,Magpie
Pena de muerte,Capital punishment
Pentágonu,Pentagon
Península,Peninsula
Península Ibérica,Iberian Peninsula
Pepsi,Pepsi
Pequín,Beijing
Periodismu,Journalism
Periodu de la tabla periódica,Period
Periodu de semidesintegración,Half-life
Perru,Dog
Perú,Peru
Perú,Peru
Pesu,Weight
Petrarca,Petrarch
Pexe,Fish
Pexes,Fish
Pi,Pi
Pie,Foot
Pie,Foot
Pierre Curie,Pierre Curie
Piratería,Piracy
Pitágoras,Pythagoras
Planeta,Planet
Plantae,Plant
Planu,Plane
Plata,Silver
Platón,Plato
Playboy,Playboy
Pleistocenu,Pleistocene
Pleven,Pleven
Pliocenu,Pliocene
Plovdiv,Plovdiv
Plutón,Pluto
Plutón,Pluto
Plátanu,Banana
Plátanu,Musa
Población,Population
Poder executivu,Executive
Policía,Police
Polinesia,Polynesia
Polonia,Poland
Polonia,Poland
Poloniu,Polonium
Polu Norte,North Pole
Polu Sur,South Pole
Polígonu,Polygon
Política,Politics
Política,Politics
Pontes,Bridges
Pop,Pop music
Pornografía,Pornography
Portsmouth,Portsmouth
Portu,Porto
Portugal,Portugal
Portugal,Portugal
Potasiu,Potassium
Potencia,Power
Praga,Prague
Prehistoria,Prehistory
Premios Oscar,Academy Award
Premiu Nobel,Nobel Prize
Premiu Nobel,Nobel Prize
Presa d'agua,Dam
Presidente,President
Presión,Pressure
Primavera,Spring
Primera guerra mundial,World War I
Principal,Fundamental
Prisma,Prism
Prisma,Prism
Programa d'ordenador,Computer software
Programación,Computer programming
Prolog,Prolog
Pronome,Pronoun
Propaganda,Propaganda
Protón,Proton
"Providence, Rhode Island",Providence
Pseudociencia,Pseudoscience
Psicoanálisis,Psychoanalysis
Psicoloxía,Psychology
Pterosauria,Pterosaur
Pucu,Kiss
Puerta,Door
Puerto Rico,Puerto Rico
Puerto Rico,Puerto Rico
Pumarina,Butterfly
Puntu,Point
Puntu d'ebullición,Boiling point
Puntu de fusión,Melting point
Pyongyang,Pyongyang
Pársec,Parsec
Páxaru,Bird
Q,Q
Qatar,Qatar
Qatar,Qatar
Quark,Quark
Quechua,Quechua
Queens,Queens
Quercus robur,Pedunculate Oak
Quesu,Cheese
Quilómetru,Kilometre
Quilómetru por hora,Kilometres per hour
Química,Chemistry
Química,Chemistry
R,R
Racismu,Racism
Radiación gamma,Gamma ray
Radiu,Radius
Raposu,Fox
Rascacielos,Skyscraper
Rea,Rhea
Recife,Recife
Rectángulu,Rectangle
Reggae,Reggae
Reinu Xuníu,United Kingdom
Reinu Xuníu,United Kingdom
Relixón,Religion
Relixón,Religion
Renacimientu,Renaissance
Repertoriu,Calendar
República,Republic
República Centroafricana,Central African Republic
República Checa,Czech Republic
República Checa,Czech Republic
República Democrática Alemana,East Germany
República Democrática del Congo,Democratic Republic of the Congo
República Dominicana,Dominican Republic
República Xunida de Tanzania,Tanzania
República d'Irlanda,Republic of Ireland
Retorrománicu,Romansh
Reuta,Line
Revolución Francesa,French Revolution
Richard Nixon,Richard Nixon
Roald Amundsen,Roald Amundsen
Robert De Niro,Robert De Niro
Robert Falcon Scott,Robert Falcon Scott
Rock,Rock music
Rodes,Rhodes
Rodrigo Díaz de Vivar,El Cid
Roma,Rome
Rombu,Rhombus
Ropa,Clothing
Rosada,Dew
Ruanda,Rwanda
Rublu,Ruble
Rudolf Hess,Rudolf Hess
Rueda,Wheel
Rumanía,Romania
Rumanía,Romania
Rusia,Russia
Rusia,Russia
Ruta de la seda,Silk Road
Río de Janeiro,Rio de Janeiro
Ríu,River
Ríu Amazones,Amazon River
Ríu Danubiu,Danube
Ríu Elba,Elbe
Ríu Lena,Lena River
Ríu Nilu,Nile
S,S
SIDA,AIDS
Sable,Sand
Sablera,Beach
"Sacramento, California",Sacramento
Sadam Husein,Saddam Hussein
Safo,Sappho
Saladín,Saladin
Samoa,Samoa
San Antonio,San Antonio
San Cristuébanu y Nieves,Saint Kitts and Nevis
"San Diego, California",San Diego
San Francisco,San Francisco
"San José, California",San Jose
San Marino,San Marino
San Marino,San Marino
San Vicente y les Granadines,Saint Vincent and the Grenadines
San Xuan d'Acre,Acre
"Santa Fe, Nuevu Méxicu",Santa Fe
Santa Llucía,Saint Lucia
Santos,Santos
Sarayevo,Sarajevo
Saturnu,Saturn
Saxonia,Saxony
Saḥara Occidental,Western Sahara
Saḥara Occidental,Western Sahara
Secale cereale,Rye
Segovia,Segovia
Segunda Guerra Mundial,World War II
Segunda Guerra Mundial,World War II
Segundu,Second
Selene,Selene
Selmana,Week
Selva Prieta,Black Forest
Semiente,Seed
Semiótica,Semiotics
Semántica,Semantics
Semántica,Semantics
Senegal,Senegal
Senáu,Senate
Ser vivu,Organism
Serbia,Serbia
Serbia,Serbia
Serbia y Montenegru,Serbia and Montenegro
Serbia y Montenegru,Serbia and Montenegro
Seronda,Autumn
Setiembre,September
Seychelles,Seychelles
Seúl,Seoul
Siberia,Siberia
Sicilia,Sicily
Sicoloxía,Psychology
Sidra,Cider
Sieglu,Century
Siemens,Siemens
Sierra Leona,Sierra Leone
Sietestrellu,Ursa Major
Sigmund Freud,Sigmund Freud
Siliciu,Silicon
Sindicatu,Syndicate
Sindicatu,Trade union
Singapur,Singapore
Singapur,Singapore
Siria,Syria
Siria,Syria
Sirius,Sirius
Sistema Internacional d'Unidaes,International System of Units
Sistema cardiovascular,Circulatory system
Sistema nerviosu central,Central nervous system
Sistema operativu,Operating system
Sistema solar,Solar System
Skinhead,Skinhead
Skopje,Skopje
Soberanía,Sovereignty
Socialismu,Socialism
Sociedá,Society
Sociedá,Society
Sociedá de Naciones,League of Nations
Sociollingüística,Sociolinguistics
Socioloxía,Sociology
Socioloxía,Sociology
Sodiu,Sodium
Software,Software
Sofía,Sofia
Sol,Sun
Solanaceae,Solanaceae
Solanum tuberosum,Potato
Somalia,Somalia
Somarín,Submarine
Soporte físicu,Computer hardware
Sorghum,Sorghum
"Springfield, Illinois",Springfield
Sri Lanka,Sri Lanka
Suazilandia,Swaziland
Sudoku,Sudoku
Sudáfrica,South Africa
Sudán,Sudan
Suecia,Sweden
Suecia,Sweden
Suiza,Switzerland
Suiza,Switzerland
Sumeria,Sumer
Surinam,Suriname
Surinam,Suriname
Svalbard,Svalbard
Sánscritu,Sanskrit
Sífilis,Syphilis
Síntoma,Symptom
Sísifu,Sisyphus
Sócrates,Socrates
T,T
Tabla periódica,Periodic table
Taekwondo,Taekwondo
Tailandia,Thailand
Taiwán,Republic of China
Tales de Mileto,Thales
Talibán,Taliban
Tambor,Drum
Tamerlán,Timur
Tanzania,Tanzania
Tayiquistán,Tajikistan
Teatru,Theatre
Telecomunicación,Telecommunication
Telescopiu,Telescope
Televisión,Television
Teléfonu,Telephone
Temperatura,Temperature
Tennessee,Tennessee
Teocracia,Theocracy
Teoría del Big Bang,Big Bang
Tesla,Tesla
Testigos de Xehová,Jehovah's Witnesses
Tetis,Tethys
Teunoloxía,Technology
Teunoloxía,Technology
Texas,Texas
Texu,Taxus baccata
Theta,Theta
Thomas Alva Edison,Thomas Edison
Thomas Jefferson,Thomas Jefferson
Tiempu,Time
Tiempu,Time
Tiempu Coordináu Universal,Coordinated Universal Time
Tierra,Earth
Tifón,Typhon
Tigris,Tigris
Timor Oriental,East Timor
Timor Oriental,East Timor
Titán,Titan
Titán,Titan
Tocantins,Tocantins
Togo,Togo
Tokio,Tokyo
Toledo,Toledo
Toliña,Dolphin
Tomate,Tomato
Tomás d'Aquino,Thomas Aquinas
Tonga,Tonga
Tony Blair,Tony Blair
"Topeka, Kansas",Topeka
Toro Sentáu,Sitting Bull
Torre Eiffel,Eiffel Tower
Torre de Babel,Tower of Babel
Tracia,Thrace
Transilvania,Transylvania
Transmission Control Protocol,Transmission Control Protocol
Trapeciu,Trapezoid
Tratáu internacional,Treaty
"Trenton, Nueva Jersey",Trenton
Triceratops,Triceratops
Trinidá y Tobago,Trinidad and Tobago
Trisquel,Triskelion
Tritiu,Tritium
Triángulu,Triangle
Triásicu,Triassic
Trotskismu,Trotskyism
Tuberculosis,Tuberculosis
Tucídides,Thucydides
Tundra,Tundra
Turbina,Turbine
Turquía,Turkey
Turquía,Turkey
Tuvalu,Tuvalu
Tux,Tux
Tártaru,Tartarus
Té,Tea
Tíber,Tiber
Tíbet,Tibet
Túnez,Tunisia
U,U
UNESCO,UNESCO
Ucrania,Ukraine
Ucrania,Ukraine
Uganda,Uganda
Ulster,Ulster
Ultrasoníu,Ultrasound
Unicef,United Nations Children's Fund
Unidá astronómica,Astronomical unit
Unidá de masa atómica,Atomic mass unit
Universidá de Duke,Duke University
Universu,Universe
Unix,Unix
Ununbiu,Ununbium
Ununhexiu,Ununhexium
Ununpentiu,Ununpentium
Ununquadiu,Ununquadium
Ununtriu,Ununtrium
Uranu,Uranus
Uranu,Uranus
Uruguay,Uruguay
Utah,Utah
Uviéu,Oviedo
Uzbequistán,Uzbekistan
Uzbequistán,Uzbekistan
V,V
Valencia,Valencia
Vampiru,Vampire
Vanadiu,Vanadium
Vanuatu,Vanuatu
Varna,Varna
Vaticano,Vatican City
Vaticano,Vatican City
Vatiu,Watt
Velociraptor,Velociraptor
Venecia,Venice
Venezuela,Venezuela
Venezuela,Venezuela
Venus,Venus
Venus,Venus
Venus,Venus
Verdura,Vegetable
Veto,Veto
Vichy,Vichy
Videoxuegu,Video game
Vienres,Friday
Viesca,Forest
Vietnam,Vietnam
Vietnam,Vietnam
Vigulín,Violin
Vinagre,Vinegar
Vinu,Wine
Viquingu,Viking
Virgu,Virgo
Vladimir Putin,Vladimir Putin
Vocal,Vowel
Voltiu,Volt
W,W
Washington,Washington
Washington DC,Washington
Weber,Weber
Wiesbaden,Wiesbaden
William Shakespeare,William Shakespeare
Winston Churchill,Winston Churchill
Wisconsin,Wisconsin
Wolfgang Amadeus Mozart,Wolfgang Amadeus Mozart
Woody Allen,Woody Allen
World Wide Web,World Wide Web
X,X
Xainismu,Jainism
Xamaica,Jamaica
Xamaica,Jamaica
Xampán,Champagne
Xapetu,Iapetus
Xapón,Japan
Xapón,Japan
Xardín,Garden
Xaria,Sharia
Xefe d'Estáu,Head of state
Xehová,Jehovah
Xehová,Yahweh
Xelu,Ice
Xema,Gemstone
Xenealoxía,Genealogy
Xenética,Genetics
Xenízaros,Janissary
Xeodesia,Geodesy
Xeografía,Geography
Xeografía,Geography
Xeoloxía,Geology
Xeoloxía,Geology
Xeometría,Geometry
Xeometría,Geometry
Xeopolítica,Geopolitics
Xerusalén,Jerusalem
Xesús,Jesus
Xibraltar,Gibraltar
Xineru,January
Xirafa,Giraffe
Xordania,Jordan
Xordania,Jordan
Xorxa,Georgia
Xorxa,Georgia
Xosué,Book of Joshua
Xuan Calvín,John Calvin
Xuana d'Arcu,Joan of Arc
Xudaismu,Judaism
Xueces,Book of Judges
Xuegos Olímpicos,Olympic Games
Xuegu,Game
Xuegu de cartes,Card game
Xueves,Thursday
Xuliu,Joule
Xuliu César,Julius Caesar
Xunetu,July
Xunión Europea,European Union
Xunión Europea,European Union
Xunión Soviética,Soviet Union
Xunión Soviética,Soviet Union
Xunu,June
Xurásicu,Jurassic
Xéminis,Gemini
Xénesis,Genesis
Xúpiter,Jupiter
Xúpiter,Jupiter
Y,Y
Yale,Yale University
Yarda,Yard
Yasser Arafat,Yasser Arafat
Yemen,Yemen
Yemen,Yemen
Yogur,Yoghurt
Yom Kippur,Yom Kippur
Yudu,Judo
Yósif Stalin,Joseph Stalin
Z,Z
Zagreb,Zagreb
Zambia,Zambia
Zaragoza,Zaragoza
Zea mais,Maize
Zeus,Zeus
Zimbabue,Zimbabwe
Zodíacu,Zodiac
Zooloxía,Zoology
asturian,english
fada,Fairy
Ácidu desoxirribonucleicu,DNA
Ádene,Avalanche
África,Africa
África,Africa
Álxebra,Algebra
Álxebra,Algebra
Álxebra de Boole,Boolean algebra
Ámbar,Amber
Ángulu,Angle
Ánodu,Anode
Área,Are
Átomu,Atom
Éufrates,Euphrates
Éxodu,Exodus
Ío,Io
Ñerbatu,Blackbird
Ñeve,Snow
Órbita,Orbit
Óxidu,Oxide
Úzara,Wart
