Other,English
11 Du,November 11
11 Gwengolo,September 11
12 C'hwevrer,February 12
12 Here,October 12
136199 Eris,Eris
14 C'hwevrer,February 14
14 Ebrel,April 14
14 Mezheven,June 14
15 Eost,August 15
17 Gwengolo,September 17
17 Meurzh,March 17
19 Genver,January 19
19 Meurzh,March 19
1añ Du,November 1
1añ Eost,August 1
1añ Genver,January 1
1añ Gouere,July 1
1añ Mae,May 1
2 C'hwevrer,February 2
2 Du,November 2
2 Meurzh,March 2
20 Genver,January 20
21 Mezheven,June 21
22 C'hwevrer,February 22
23 Mezheven,June 23
24 Here,October 24
24 Mae,May 24
24 Mezheven,June 24
25 Meurzh,March 25
29 C'hwevrer,February 29
29 Gwengolo,September 29
29 Mezheven,June 29
3 Mezheven,June 3
31 Kerzu,December 31
4 Gouere,July 4
5 Du,November 5
6 Eost,August 6
6 Genver,January 6
8 Kerzu,December 8
A,A
ABU,United Nations
Aachen,Aachen
Aar,Aar
Aaron,Aaron
Abel Tasman,Abel Tasman
Abidjan,Abidjan
Ac'henaton,Akhenaten
Ac'heron,Acheron
Accra,Accra
Acre,Acre
Ad hominem,Ad hominem
Adam Smith,Adam Smith
Adaoz,Recycling
Addis Abeba,Addis Ababa
Adige,Adige
Adolf Hitler,Adolf Hitler
Adonis,Adonis
Adverb,Adverb
Ael,Angel
Aesc'hulos,Aeschylus
Afghanistan,Afghanistan
Afrika,Africa
Afrikaneg,Afrikaans
Afrodite,Aphrodite
Agamemnon,Agamemnon
Agora,Agora
Agrigento,Agrigento
Aias,Ajax
Aias Telamonios,Ajax
Ain,Ain
Aiolos,Aeolus
Aisopos,Aesop
Akilles,Achilles
Akira Kurosawa,Akira Kurosawa
Akropolis,Acropolis
Alabama,Alabama
Alamagn,Germany
Alamaneg,German language
Alan Turing,Alan Turing
Alaska,Alaska
Albania,Albania
Albert Camus,Albert Camus
Albert Einstein,Albert Einstein
Albert Schweitzer,Albert Schweitzer
Albert Speer,Albert Speer
Alberta,Alberta
Aleksandr Veur,Alexander the Great
Aleksandria,Alexandria
Aleppo,Aleppo
Alesant VI,Pope Alexander VI
Alexander Graham Bell,Alexander Graham Bell
Alexander Sergeyevich Pouchkin,Alexander Pushkin
Alexis de Tocqueville,Alexis de Tocqueville
Alfred Dreyfus,Alfred Dreyfus
Alfred Hitchcock,Alfred Hitchcock
Alfred Nobel,Alfred Nobel
Aljeria,Algeria
Allah,Allah
Alofonenn,Allophone
Alpha,Alpha
Alpoù,Alps
Aluminiom,Aluminium
Alvar Aalto,Alvar Aalto
Amanenn,Butter
Amazon,Amazon River
Ambroaz a vMilano,Ambrose
Amerika Latin,Latin America
Amfiteatr,Amphitheatre
Amgredoni,Skepticism
Amhareg,Amharic
Amper,Ampere
Amprest,Loanword
Amprevan,Insect
Amprevanoniezh,Entomology
Amrevelezh,Asexuality
Amsterdam,Amsterdam
An Dreinded,Trinity
Anagramm,Anagram
Anarkouriezh,Anarchism
Andhra Pradesh,Andhra Pradesh
Andorra,Andorra
Andoù,Andes
Andromeda,Andromeda
Andy Warhol,Andy Warhol
Angola,Angola
Ankara,Ankara
Antakya,Antakya
Antalya,Antalya
Antarktika,Antarctica
Antigua ha Barbuda,Antigua and Barbuda
Antilhez Nederlandat,Netherlands Antilles
Anton Bruckner,Anton Bruckner
Anton Tchec'hov,Anton Chekhov
Antonio Vivaldi,Antonio Vivaldi
Antropologiezh,Anthropology
Antwerpen,Antwerp
Anubis,Anubis
Anv-familh,Family name
Anv-gwan,Adjective
Anv-kadarn,Noun
Anvadurezh,Onomastics
Anvonerezh elektronek,E-mail
Aod,Coast
Aogust,Augustus
Aogustin Hippo,Augustine of Hippo
Aostralia,Australia
Aostria,Austria
Aostria-Hungaria,Austria-Hungary
Aozadur Feur-emglev Norzh-Atlantel,NATO
Aozadur ar Broadoù Unanet,United Nations
Apacheed,Apache
Apollo,Apollo
Ar Vreudeur Marx,Marx Brothers
Arabia Saoudat,Saudi Arabia
Arallrevelezh,Heterosexuality
Arc'hantina,Argentina
Arc'himedes,Archimedes
Ardamezouriezh,Heraldry
Ardenne,Ardennes
Ardennes,Ardennes
Areg,Programming language
Areg C,C
Areg ijinenn,Machine code
Ares,Ares
Ariadne,Ariadne
Aristofanes,Aristophanes
Aristoteles,Aristotle
Aritmetik,Arithmetic
Arizona,Arizona
Arkaeopteryks,Archaeopteryx
Arkansas,Arkansas
Arkean,Archean
Arkeologiezh,Archaeology
Arkitektouriezh,Architecture
Arkitektouriezh c'hotek,Gothic architecture
Arle,Arles
Armenia,Armenia
Armerzh,Economics
Armerzh,Economy
Arminius,Arminius
Arno,Arno River
Arrebeuri,Furniture
Artemis,Artemis
Arthur Conan Doyle,Arthur Conan Doyle
Arthur Rimbaud,Arthur Rimbaud
Aruba,Aruba
Arz,Art
Arz,Arts
Asklepios,Asclepius
Askorn,Bone
Asmara,Asmara
Astronomiezh,Astronomy
Aten,Athens
Athena,Athena
Atlas,Atlas
Atmosfer,Atmosphere
Atom,Atom
Atreüs,Atreus
Attika,Attica
August Strindberg,August Strindberg
Auguste Comte,Auguste Comte
Ave Maria,Hail Mary
Aviel,Gospel
Aviel Lukaz,Gospel of Luke
Avisenna,Avicenna
Azen,Donkey
Azerbaidjan,Azerbaijan
Azginivelezh arzel,Renaissance
Azia,Asia
Añforenn,Amphora
B,B
Babilonia,Babylonia
Baghdad,Baghdad
Bahrein,Bahrain
Baiona,Bayonne
Bakou,Baku
Bakteri,Bacteria
Balkanioù,Balkans
Baltimore,Baltimore
Bangalore,Bangalore
Bangladesh,Bangladesh
Bangui,Bangui
Banniel,Flag
Barbared,Barbarian
Barcelona,Barcelona
Bari,Bari
Barrez,Ballet
Basel,Basel
Basilicata,Basilicata
Bath,Bath
Bauhaus,Bauhaus
Bavaria,Bavaria
Beijing,Beijing
Beirout,Beirut
Belarus,Belarus
Belgia,Belgium
Belize,Belize
Bellerofon,Bellerophon
Benede,Deadly nightshade
Benin,Benin
Benito Mussolini,Benito Mussolini
Bent,Mentha
Benveg-seniñ,Musical instrument
Benvegad,Organ
Beograd,Belgrade
Bergen,Bergen
Berlin,Berlin
Bern,Berne
Bertolt Brecht,Bertolt Brecht
Beta,Beta
Betlehem,Bethlehem
Bevoniezh,Biology
Bhoutan,Bhutan
Bibl,Bible
Bier,Beer
Bikini,Bikini
Bill Clinton,Bill Clinton
Bill Gates,Bill Gates
Biolin,Violin
Biosferenn,Biosphere
Bissau,Bissau
Bit,Bit
Bithynia,Bithynia
Blaise Pascal,Blaise Pascal
Bleiz gris,Gray Wolf
Bloavezh-gouloù,Light-year
Bloavezhioù,Years
Bloavezhioù 1530,1530s
Bloavezhioù 1750,1750s
Bloavezhioù 1760,1760s
Bloavezhioù 1770,1770s
Bloavezhioù 1780,1780s
Bloavezhioù 1790,1790s
Bloavezhioù 1820,1820s
Bloavezhioù 1830,1830s
Bloavezhioù 1840,1840s
Bloavezhioù 1850,1850s
Bloavezhioù 1860,1860s
Bloavezhioù 1870,1870s
Bloavezhioù 1880,1880s
Bloavezhioù 1890,1890s
Bloavezhioù 1900,1900s
Bloavezhioù 1920,1920s
Bloavezhioù 1930,1930s
Bloavezhioù 1940,1940s
Bloavezhioù 1950,1950s
Bloavezhioù 1960,1960s
Bloavezhioù 1970,1970s
Bloavezhioù 1980,1980s
Bloavezhioù 1990,1990s
Bloaz,Year
Bloemfontein,Bloemfontein
Blog,Blog
Bob Marley,Bob Marley
Bobby Fischer,Bobby Fischer
Bohemia,Bohemia
Bolivia,Bolivia
Bologna,Bologna
Bolz-enor,Triumphal arch
Bonn,Bonn
Bonreizh,Constitution
Boris Spassky,Boris Spassky
Bosenn werblus,Bubonic plague
Bosfor,Bosporus
Bosnia-ha-Herzegovina,Bosnia and Herzegovina
Boston,Boston
Bot,Bot
Botanik,Botany
Botswana,Botswana
Boudaegezh,Buddhism
Bouest an diaoul,Accordion
Bourc’hizelezh,Bourgeoisie
Bourdel,Bordeaux
Bourgogn,Bourgogne
Bozen-Bolzano,Bolzano
Bratislava,Bratislava
Brazil,Brazil
Brazzaville,Brazzaville
Bredoniezh,Psychology
Bremerhaven,Bremerhaven
Brennidenn,Brassiere
Brescia,Brescia
Brest,Brest
Brezel,War
Brezel Tregont Vloaz,Thirty Years' War
Brezel Troia,Trojan War
Brezel bed kentañ,World War I
Brezel diabarzh,Civil war
Brezel dieubidigezh ar Stadoù Unanet,American Revolutionary War
Brezel yen,Cold War
Brezel-bed kentañ,World War I
Brighton,Brighton
Brno,Brno
Bro,Country
Bro-C'hall,France
Bro-Saoz,England
Bro-Saoz Nevez,New England
Bro-Skos,Scotland
Broadelouriezh,Nationalism
Broc'h,Eurasian Badger
Broioù al Liger,Pays de la Loire
Bronneged,Mammal
Bruderezh,Advertising
Brugge,Bruges
Brunei,Brunei
Brusel,Brussels
Budapest,Budapest
Buenos Aires,Buenos Aires
Buffalo,Buffalo
Buhezskrid,Biography
Bujumbura,Bujumbura
Bukarest,Bucharest
Bulgaria,Bulgaria
Burkina Faso,Burkina Faso
Burundi,Burundi
Bus stlennegel,Bus
Béal Feirste,Belfast
C,C
C'harkiv,Kharkiv
C'haron,Charon
C'heiron,Chiron
C'hoari video,Video game
C'hoarioù,Game
C'hoarioù Olimpek,Olympic Games
C'hoariva,Theatre
C'houfou,Khufu
C'hwen,Flea
C'hwevrer,February
C'hwil,Beetle
C.S. Lewis,C. S. Lewis
CIA,Central Intelligence Agency
Caius Julius Caesar,Julius Caesar
Calabria,Calabria
Caligula,Caligula
Calvados,Calvados
Calvin Coolidge,Calvin Coolidge
Cambridge,Cambridge
Campania,Campania
Canberra,Canberra
Candela,Candela
Caracas,Caracas
Caravaggio,Caravaggio
Carl von Linné,Carolus Linnaeus
Catalina de Aragón,Catherine of Aragon
Cayenne,Cayenne
Cecil Rhodes,Cecil Rhodes
Cesare Borgia,Cesare Borgia
Charleroi,Charleroi
Charles Baudelaire,Charles Baudelaire
Charles Darwin,Charles Darwin
Charles Dickens,Charles Dickens
Charles de Gaulle,Charles de Gaulle
Charlez ar Moal,Charles the Bald
Charlie Chaplin,Charlie Chaplin
Chartrez,Chartres
Che Guevara,Che Guevara
Chennai,Chennai
Chicago,Chicago
Chile,Chile
Chokolad,Chocolate
Chuck Berry,Chuck Berry
Città di San Marino,San Marino
Ciudad de Guatemala,Guatemala City
Colorado,Colorado
Conakry,Conakry
Connecticut,Connecticut
Coulomb,Coulomb
Coventry,Coventry
Cremona,Cremona
Curitiba,Curitiba
Cúige Uladh,Ulster
D,D
D.H. Lawrence,D. H. Lawrence
Dafne,Daphne
Daidalos,Daedalus
Dakar,Dakar
Damask,Damascus
Danav,Danube
Daniel Ortega,Daniel Ortega
Danmark,Denmark
Dante Alighieri,Dante Alighieri
Danvezelouriezh,Materialism
Dar es Salaam,Dar es Salaam
Dardanelloù,Dardanelles
David,David
David Hume,David Hume
Dañs,Dance
Decius,Decius
Deil,Leaf
Deiziadur gregorian,Gregorian calendar
Deiziadur hebraek,Hebrew calendar
Deiziadur juluan,Julian calendar
Deiziadur muzulmat,Islamic calendar
Deizioù ar bloaz,Days
Delaware,Delaware
Delft,Delft
Delta,Delta
Delwenn ar frankiz,Statue of Liberty
Demeter,Demeter
Demokratelezh,Democracy
Den,Human
Denver,Denver
Derez Celsius,Celsius
Desaverezh,Education
Detroit,Detroit
Deuteriom,Deuterium
Devonian,Devonian
Dezerzh,Desert
Diazad doureier,Drainage basin
Diazez c'hwezekred,Hexadecimal
Diego Rivera,Diego Rivera
Diell,Archive
Diftongenn,Diphthong
Dijon,Dijon
Diktatouriezh,Dictatorship
Dilastezer,Pesticide
Dilec'hiadur ar c'hevandiroù,Continental drift
Dilhad,Clothing
Dinamit,Dynamite
Dinedin,Edinburgh
Dinosaor,Dinosaur
Diokletian,Diocletian
Diosez,Diocese
Diplodokus,Diplodocus
Dispac'h Gall,French Revolution
Divreizhadezh,Hermaphrodite
Divrevelezh,Bisexuality
Dmitri Mendeleiev,Dmitri Mendeleev
Dmitriy Chostakovitch,Dmitri Shostakovich
Doare-skrivañ,Writing system
Dodoma,Dodoma
Doha,Doha
Dollar,Dollar
Dominique Ingres,Jean Auguste Dominique Ingres
Domitian,Domitian
Donald Duck,Donald Duck
Donatello,Donatello
Dor,Door
Dornskrid,Manuscript
Dortmund,Dortmund
Douar,Earth
Douar-Nevez,Newfoundland
Douar-Nevez ha Labrador,Newfoundland and Labrador
Douarbolitikerezh,Geopolitics
Douaroniezh,Geography
Douarouriezh,Geology
Doue,God
Doueoniezh,Theology
Dour,Water
Dresden,Dresden
Drougsant,Epilepsy
Drouiz,Druid
Du,November
Dukark,Dunkirk
Dulenn,Dublin
Dwight D. Eisenhower,Dwight D. Eisenhower
E,E
ETA,ETA
East Sussex,East Sussex
Ebre,Ebro
Ebrel,April
Echedoù,Chess
Ecuador,Ecuador
Edgar Allan Poe,Edgar Allan Poe
Edgar Degas,Edgar Degas
Edgar Rice Burroughs,Edgar Rice Burroughs
Edo,Edo
Edvard Grieg,Edvard Grieg
Eeunenn,Line
Efed Doppler,Doppler effect
Egipt,Egypt
Eil Brezel Bed,World War II
Eil brezel-bed,World War II
Ekleziastez,Ecclesiastes
Ekosistem,Ecosystem
Elbe,Elbe
Elektron,Electron
Elena,Helen
Elfenn gimiek,Chemical element
Ellig,Clitoris
Elvis Presley,Elvis Presley
Elzas,Alsace
Embregerezh,Corporation
Emgann Marathon,Battle of Marathon
Emgann Midway,Battle of Midway
Emgann ar Somme,Battle of the Somme
Emilia-Romagna,Emilia-Romagna
Emirelezhioù Arab Unanet,United Arab Emirates
Emvuhezskrid,Autobiography
Endro,Environment
Endro,Nature
Enepyuzevegezh,Antisemitism
Energiezh,Energy
Enez,Island
Enez Rodos,Rhodes
Enez ar Priñs Edward,Prince Edward Island
Enezeg,Archipelago
Enrico Fermi,Enrico Fermi
Entropiezh,Entropy
Eon,Eon
Eos,Eos
Eosen,Eocene
Eost,August
Eostig,Nightingale
Epikreizenn,Epicenter
Epikuros,Epicurus
Epsilon,Epsilon
Erasure,Erasure
Erato,Erato
Erebos,Erebus
Erik Axel Karlfeldt,Erik Axel Karlfeldt
Eris,Eris
Eritrea,Eritrea
Ernest Hemingway,Ernest Hemingway
Ernest Rutherford,Ernest Rutherford
Eros,Eros
Erwin Rommel,Erwin Rommel
Escaut,Scheldt
Eskob,Bishop
Eskumunugenn,Excommunication
Esperanteg,Esperanto
Estonia,Estonia
Eta,Eta
Ethernet,Ethernet
Etik,Ethics
Etimologiezh,Etymology
Etiopia,Ethiopia
Euklides,Euclid
Eurazia,Eurasia
Euripides,Euripides
Euro,Euro
Europa,Europa
Europa,Europe
"Europa, merc'h Agenor",Europa
Eusebius Kaesarea,Eusebius of Caesarea
Euterpe,Euterpe
Evnoniezh,Ornithology
F,F
Fablenn,Fable
Falun Gong,Falun Gong
Fanerozoeg,Phanerozoic
Faraon,Pharaoh
Fauna,Fauna
Federico Fellini,Federico Fellini
Fent,Humor
Fernão de Magalhães,Ferdinand Magellan
Ferrara,Ferrara
Fidel Castro,Fidel Castro
Filipinez,Philippines
Finland,Finland
Firenze,Florence
Fizik,Physics
Fjord,Fjord
Flandrez,Flanders
Flandrezeg,Flemish
Flavius Claudius Jovianus,Jovian
Flavius Josephus,Josephus
Flemmerezh,Irony
Florida,Florida
Fluorit,Fluorite
Folklor,Folklore
Fonem,Phoneme
Fonetik,Phonetics
Fonologiezh,Phonology
Formulenn gimiek,Chemical formula
Foueoniezh,Mycology
Fraezh,Anus
Francis Drake,Francis Drake
Francisco de Goya,Francisco Goya
Frank Lloyd Wright,Frank Lloyd Wright
Frankfurt,Frankfurt
Frankfurt am Main,Frankfurt
Frans Hals,Frans Hals
Franz Kafka,Franz Kafka
Franz Schubert,Franz Schubert
Frav,Rook
Frañs,France
Frañsez a Asiz,Francis of Assisi
Freetown,Freetown
Fri,Nose
Friedrich Engels,Friedrich Engels
Fritz Haber,Fritz Haber
Friuli-Venezia Giulia,Friuli-Venezia Giulia
Friz,Friesland
Fyodor Dostoyevskiy,Fyodor Dostoevsky
G,G
Gabon,Gabon
Gaborone,Gaborone
Gae,Gay
Gaia,Gaia
Gaillimh,Galway
Galaksienn,Galaxy
Galatia,Galatia
Galia,Gaul
Galileo Galilei,Galileo Galilei
Galitsia,Galicia
Galiza,Galicia
Gambia,The Gambia
Gamma,Gamma
Ganga,Ganges
Ganymede,Ganymede
Gaou,Lie
Gap,Gap
Garona,Garonne
Gavr,Goat
Geb,Geb
Geisha,Geisha
Genad,Genus
Geneliezh,Genesis
Genova,Genoa
Gent,Ghent
Genver,January
Geoffrey Chaucer,Geoffrey Chaucer
Geofizik,Geophysics
Geomorfologiezh,Geomorphology
Georg Friedrich Händel,George Frideric Handel
Georg Wilhelm Friedrich Hegel,Georg Wilhelm Friedrich Hegel
George Lucas,George Lucas
George Marshall,George Marshall
George Orwell,George Orwell
George Sand,George Sand
George Walker Bush,George W. Bush
George Washington,George Washington
Georges Simenon,Georges Simenon
Georgia,Georgia
Ger,Word
Geriadur,Dictionary
Ghana,Ghana
Ghetto,Ghetto
Giacomo Puccini,Giacomo Puccini
Ginea,Guinea
Ginea Nevez,New Guinea
Ginea ar C'heheder,Equatorial Guinea
Ginea-Bissau,Guinea-Bissau
Giordano Bruno,Giordano Bruno
Giorgio Vasari,Giorgio Vasari
Giotto,Giotto di Bondone
Giovanni Boccaccio,Giovanni Boccaccio
Girolamo Savonarola,Girolamo Savonarola
Gitar-boud,Bass guitar
Giuseppe Verdi,Giuseppe Verdi
Gizah,Giza
Glaoda Iañ,Claudius
Glasc'ho,Glasgow
Glav,Rain
Gloucestershire,Gloucestershire
Go,Go
Gogol,Googol
Golvan,House Sparrow
Gouel,Sail
Gouel ar Rouaned,Epiphany
Gouelan,Gull
Gouelan gris,Herring Gull
Gouennelouriezh,Racism
Gouennlazh,Genocide
Gouere,July
Gouezeleg Skos,Scottish Gaelic
Gouhin,Vagina
Gounezerezh,Agriculture
Gouriziad Kuiper,Kuiper belt
Grace Kelly,Grace Kelly
Gravitadur,Gravitation
Graz,Graz
Greanterezh,Industry
Greanterezh,Technology
Gregor Mendel,Gregor Mendel
Gres,Greece
Greunland,Greenland
Gustav Klimt,Gustav Klimt
Gustav Mahler,Gustav Mahler
Gustave Courbet,Gustave Courbet
Gwadaloup,Guadeloupe
Gwalenn ar c'hein,Vertebral column
Gwarellegezh,Magnetism
Gwele,Bed
Gwener,Friday
Gwener,Venus
Gwengolo,September
Gwennili,Barn Swallow
Gwerc'hded,Virginity
Gwern,Alder
Gwernenez,Guernsey
Gwilherm Iañ Alamagn,William I
Gwilioud,Childbirth
Gwin,Wine
Gwinizh-du,Buckwheat
Gwir,Law
Gwrezverk,Temperature
Göteborg,Gothenburg
H,H
HTML,HTML
Hadean,Hadean
Hadith,Hadith
Haides,Hades
Haiti,Haiti
Hamas,Hamas
Hamburg,Hamburg
Hampshire,Hampshire
Hannah Arendt,Hannah Arendt
Hannibal,Hannibal
Harare,Harare
Haroz,Hero
Harpied,Harpy
Hawaii,Hawaii
Hañv,Summer
Hefaistos,Hephaestus
Heinrich Himmler,Heinrich Himmler
Heiz,Barley
Hekate,Hecate
Hektar,Hectare
Heliom,Helium
Helios,Helios
Helsinki,Helsinki
Hengoun,Tradition
Henri Matisse,Henri Matisse
Henrik Ibsen,Henrik Ibsen
Henry Ford,Henry Ford
Hent ar seiz,Silk Road
Heol,Sun
Hera,Hera
Herbert C. Hoover,Herbert Hoover
Here,October
Herman Melville,Herman Melville
Hermann Hesse,Hermann Hesse
Hermes,Hermes
Herodez Veur,Herod the Great
Herodotos,Herodotus
Hertz,Hertz
Hesiodos,Hesiod
Hesperidezed,Hesperides
Hessen,Hesse
Hestia,Hestia
Hezbollah,Hezbollah
Heñvelrevelezh,Homosexuality
Heñvelstummoù,Disambiguation
Hideki Yukawa,Hideki Yukawa
Hidrogen,Hydrogen
Hidrosferenn,Hydrosphere
Hieronymus Bosch,Hieronymus Bosch
Hinouriezh,Climatology
Hippokrates,Hippocrates
Hirder gwagenn,Wavelength
Hiroshima,Hiroshima
Hlodwig Iañ,Clovis I
Holloueziadur,Encyclopedia
Hollveliouriezh,Totalitarianism
Hollywood,Hollywood
Holosen,Holocene
Homeros,Homer
Homofobiezh,Homophobia
Honduras,Honduras
Hong Kong,Hong Kong
"Honolulu, Hawaii",Honolulu
Houarn,Iron
Huelenn-c'hwerv,Artemisia absinthium
Hugenn,Berry
Humphrey Bogart,Humphrey Bogart
Hungaria,Hungary
Hyperion,Hyperion
Hypertext,Hypertext
Hypnos,Hypnos
Hồ Chí Minh,Ho Chi Minh
I,I
Iapetos,Iapetus
Iason,Jason
Idaho,Idaho
Ifern,Hell
Igor Stravinsky,Igor Stravinsky
Ijinerezh,Engineering
Ilias,Iliad
Iliz katolik roman,Roman Catholic Church
Illinois,Illinois
Immanuel Kant,Immanuel Kant
Impalaer,Emperor
Impalaeriezh,Empire
Impalaeriezh otoman,Ottoman Empire
Impalaeriezh roman,Roman Empire
Impalaeriezh roman ar C'hornôg,Western Roman Empire
Impalaeriezh santel roman german,Holy Roman Empire
India,India
Indiana,Indiana
Indonezia,Indonesia
Ingmar Bergman,Ingmar Bergman
Inizi Gall,Hebrides
Inizi Maloù,Falkland Islands
Innsbruck,Innsbruck
Internet,Internet
Io,Io
Iota,Iota
Iowa,Iowa
Iperit,Sulfur mustard
Irak,Iraq
Iran,Iran
Irish Republican Army,Irish Republican Army
Iron Maiden,Iron Maiden
Isaac Asimov,Isaac Asimov
Isaac Newton,Isaac Newton
Isis,Isis
Islam,Islam
Islamabad,Islamabad
Island,Iceland
Isoroku Yamamoto,Isoroku Yamamoto
Israel,Israel
Istanbul,Istanbul
Istor,History
Itaka,Ithaca
Italia,Italy
Ivan Pavlov,Ivan Pavlov
Iwerzhon,Ireland
Izelvroioù,Netherlands
Izotop,Isotope
J,J
Jackson Pollock,Jackson Pollock
Jakarta,Jakarta
Jakez Karter,Jacques Cartier
"Jakez, mab Zebede",James
Jakob,Jacob
James Clerk Maxwell,James Clerk Maxwell
James Cook,James Cook
James Joyce,James Joyce
James Prescott Joule,James Prescott Joule
James Watt,James Watt
Jammu ha Kachmir,Jammu and Kashmir
Jane Grey,Lady Jane Grey
Janus,Janus
Japan,Japan
Jazz,Jazz
Jean Racine,Jean Racine
Jean Sibelius,Jean Sibelius
Jean de La Fontaine,Jean de La Fontaine
Jean-Jacques Rousseau,Jean-Jacques Rousseau
Jean-Philippe Rameau,Jean-Philippe Rameau
Jeddah,Jeddah
Jedoniezh,Mathematics
Jeremy Bentham,Jeremy Bentham
Jeruzalem,Jerusalem
Jerzenez,Jersey
Jezuz Nazaret,Jesus
Jibraltar,Gibraltar
Jimi Hendrix,Jimi Hendrix
Jironda,Gironde
Johann Sebastian Bach,Johann Sebastian Bach
Johann Wolfgang von Goethe,Johann Wolfgang von Goethe
Johannes Brahms,Johannes Brahms
Johannes Gutenberg,Johannes Gutenberg
Johannes Kepler,Johannes Kepler
Johannes Vilhelm Jensen,Johannes Vilhelm Jensen
John Keats,John Keats
John Lennon,John Lennon
John Locke,John Locke
John Maynard Keynes,John Maynard Keynes
John Milton,John Milton
John Napier,John Napier
John Steinbeck,John Steinbeck
John von Neumann,John von Neumann
Jordania,Jordan
Jorge Luis Borges,Jorge Luis Borges
Jorjia,Georgia
Joseph Goebbels,Joseph Goebbels
Jozef Stalin,Joseph Stalin
Jules Verne,Jules Verne
Juraseg,Jurassic
Juzu,Rosary
K,K
KGB,KGB
Kab Glas,Cape Verde
Kab Horn,Cape Horn
Kab ar Spi Mat,Cape of Good Hope
Kadmos,Cadmus
Kador,Chair
Kaero,Cairo
Kaezouregezh,Puberty
Kafe,Coffee
Kaledvoulc'h,Excalibur
Kalifornia,California
Kalifornia-Izel,Baja California
Kalkedon,Chalcedony
Kalliope,Calliope
Kallisto,Callisto
Kambodja,Cambodia
Kambrian,Cambrian
Kameroun,Cameroon
Kan broadel,National anthem
Kanada,Canada
Kanariez,Canary Islands
Kanol,Canal
Kanol Suez,Suez Canal
Kansas,Kansas
Kantimetr,Centimetre
Kanton Ticino,Ticino
Kantoneg,Cantonese
Kantved,Century
Kaol-bleuñv,Cauliflower
Kappa,Kappa
Karachi,Karachi
Karakal,Caracal
Karbonifer,Carboniferous
Kardinal,Cardinal
Karen Blixen,Karen Blixen
Karl Marx,Karl Marx
Karl Veur,Charlemagne
Karnataka,Karnataka
Karolingidi,Carolingian dynasty
Karpatoù,Carpathian Mountains
Kartago,Carthage
Kasenn,Ocean current
Kasoni,Hatred
Katalonia,Catalonia
Katar,Qatar
Katherine Parr,Catherine Parr
Katoligiezh,Catholicism
Kaunas,Kaunas
Kazakstan,Kazakhstan
Kazh,Cat
Kazh-ki,Cheetah
Kebek,Quebec
Kedez,Equinox
Keginañ,Cooking
Keheder,Equator
Kelc'h Arktika,Arctic Circle
Kellig,Cell
Kelvin,Kelvin
Kembre,Wales
Kemennadur,Communication
Kendalc'h Yalta,Yalta Conference
Kenger,Affix
Kengereg,Prism
Kensonenn,Consonant
Kentucky,Kentucky
Kenya,Kenya
Keoded ar Vatikan,Vatican City
Kerdiz,Cardiff
Kerentiad,Family
Keres,Ceres
Kergustentin,Constantinople
Kernev-Veur,Cornwall
Kerzu,December
Ketchwaeg,Quechua
Keurzelwenn Rodos,Colossus of Rhodes
Kevandir,Continent
Kevelouri,Cooperative
Kevreadurezh,Syntax
Kevrennad,Class
Kevrinelezh,Mysticism
Khi,Chi
Ki,Dog
Ki-dour mor,Sea Otter
Kigali,Kigali
Kilogram,Kilogram
Kimiezh,Chemistry
Kinshasa,Kinshasa
Kirgizstan,Kyrgyzstan
Kirke,Circe
Kirus II,Cyrus the Great
Kizellañ,Sculpture
Kizellerezh,Sculpture
Klaouier kompoder,Keyboard
Klas,Class
Klaudios Ptolemaios,Ptolemy
Kleio,Clio
Klemmgan,Elegy
Kleze,Sword
Kleñved,Disease
Klotenn,Rhyme
Knut Hamsun,Knut Hamsun
Kod post,Postal code
Kolera,Cholera
Kolkida,Colchis
Kolombia,Colombia
Kolombia Vreizhveuriat,British Columbia
Komorez,Comoros
Komz-plaen,Prose
Kongo,Congo
Kongo,Congo River
Kontelezh Surrey,Surrey
Konzentrationslager,Internment
Kopenhagen,Copenhagen
Korkig,Cork
Korn,Horn
Kornôg,West
Korsika,Corsica
Korventenn,Storm
Koskoriad an Heol,Solar System
Kosovo,Kosovo
Kostezenn,Rib
Koumoul,Cloud
Koumoulennad Oort,Oort cloud
Kourzh,Vulva
Koweit,Kuwait
Koyot,Coyote
Kren-douar,Earthquake
Krennamzer,Middle Ages
Kreta,Crete
Kretase,Cretaceous
Kreñvlec'h,Fortification
Krignerezh,Erosion
Krishna,Krishna
Kristeniezh,Christianity
Kristol Goulm,Christopher Columbus
Kroatia,Croatia
Kroaz ar Su,Crux
Kronos,Cronus
Krug,Scorpion
Ku Klux Klan,Ku Klux Klan
Kuba,Cuba
Kurdistan,Kurdistan
Kurt Waldheim,Kurt Waldheim
Kustentin Iañ,Constantine I
Kybele,Cybele
Kyiv,Kiev
Kêr ar C'hab,Cape Town
Kêr-Vec'hiko,Mexico City
Kêr-benn,Capital
L,L
L'Aquila,L'Aquila
La Habana,Havana
La Paz,La Paz
La Spezia,La Spezia
Laezh,Milk
Lagad,Eye
Lamadur,Subtraction
Lambda,Lambda
Lancashire,Lancashire
Laos,Laos
Laou-koad,Termite
Latin,Latin
Latvia,Latvia
Laurazia,Laurasia
Laz-kanañ,Choir
Lazio,Lazio
Le Corbusier,Le Corbusier
Led,Latitude
Leda,Leda
Ledenez iberek,Iberian Peninsula
Leiden,Leiden
Leipzig,Leipzig
Lejion roman,Roman legion
Lena,Lena River
Lenn,Lake
Lenn Baikal,Lake Baikal
Lenn Balaton,Lake Balaton
Lenn Geneva,Lake Geneva
Lenn Konstanz,Lake Constance
Lennegezh,Literature
Leon,Lion
Leon Nemea,Nemean Lion
Leonardo da Vinci,Leonardo da Vinci
Leonhard Euler,Leonhard Euler
Lesbianelezh,Lesbian
Lesotho,Lesotho
Lestr-spluj,Submarine
Leti,Hotel
Leto,Leto
Levr,Book
Levraoueg,Library
Levrlennadur,Bibliography
Lez,Court
Lezenn Ohm,Ohm's law
Liban,Lebanon
Liberia,Liberia
Libia,Libya
Libreville,Libreville
Liechtenstein,Liechtenstein
Lienenn-gourzh,Hymen
Liger,Loire River
Lignezouriezh,Genealogy
Liguria,Liguria
Lille,Lille
Lima,Lima
Linz,Linz
Liorzhoù a-istribilh Babilon,Hanging Gardens of Babylon
Lisbon,Lisbon
Litr,Litre
Lituania,Lithuania
Liverpool,Liverpool
Livouriezh,Painting
Lizherenn,Letter
Lizherenneg,Alphabet
Lizherenneg Morse,Morse code
Lizherenneg arabek,Arabic alphabet
Lizherenneg c'hresianek,Greek alphabet
Lizherenneg hebraek,Hebrew alphabet
Lizherenneg kirillek,Cyrillic alphabet
Lizherenneg latin,Latin alphabet
Ljubljana,Ljubljana
Loar,Moon
Loeiz II,Louis the Stammerer
Loeiz an Deol,Louis the Pious
Loen,Animal
Loenoniezh,Zoology
Logodenn,Mouse
Lombardia,Lombardy
Londrez,London
Los Angeles,Los Angeles
Lostger,Suffix
Lot,Lot
Louarn,Fox
Louis Hector Berlioz,Hector Berlioz
Louis Pasteur,Louis Pasteur
Louisiana,Louisiana
Louvre,Louvre
Louzawouriezh,Botany
Luanda,Luanda
Lublin,Lublin
Luc'hskeudennerezh,Photography
Luciano Pavarotti,Luciano Pavarotti
Lucrezia Borgia,Lucrezia Borgia
Luduennig,Cinderella
Ludwig Mies van der Rohe,Ludwig Mies van der Rohe
Ludwig van Beethoven,Ludwig van Beethoven
Luimneach,Limerick
Luksembourg,Luxembourg
Lun,Monday
Lusaka,Lusaka
Lusitania,Lusitania
Lyev Trotsky,Leon Trotsky
Lyon,Lyon
M,M
Madagaskar,Madagascar
Madonna,Madonna
Madrid,Madrid
Mae,May
Magnoliopsida,Magnoliopsida
Maharashtra,Maharashtra
Mahatma Gandhi,Mahatma Gandhi
Main,Main
Maine,Maine
Makedonia,Macedonia
Malabo,Malabo
Malakit,Malachite
Malawi,Malawi
Malaysia,Malaysia
Malcolm X,Malcolm X
Mali,Mali
Malta,Malta
Malteg,Maltese language
Mamm,Mother
Mammout,Mammoth
Manav,Isle of Man
Manchester,Manchester
Manila,Manila
Manitoba,Manitoba
Mantova,Mantua
Mao Zedong,Mao Zedong
Maoouriezh,Maoism
Maoris,Mauritius
Maouez,Woman
Maouritania,Mauritania
Maputo,Maputo
Marc'h,Horse
Marcel Proust,Marcel Proust
Marche,Marche
Marco Polo,Marco Polo
Marelladur,Mosaic
Marie Curie,Marie Curie
Marilyn Monroe,Marilyn Monroe
Mark Twain,Mark Twain
Markiz Sade,Marquis de Sade
Marksouriezh,Marxism
Marlene Dietrich,Marlene Dietrich
Maroko,Morocco
Marselha,Marseille
Martin Heidegger,Martin Heidegger
Martin Luther,Martin Luther
"Martin Luther King, Jr.",Martin Luther King
Martinik,Martinique
Marv,Death
Mary Shelley,Mary Shelley
Maryland,Maryland
Mas,Mass
Mas atomek,Atomic mass
Massachusetts,Massachusetts
Matematikoù,Mathematics
Maurice Ravel,Maurice Ravel
Max Planck,Max Planck
Max Weber,Max Weber
Mayenne,Mayenne
Mec'hiko,Mexico
Medea,Medea
Medici,Medici
Medisinerezh,Medicine
Medousa,Medusa
Mekka,Mecca
Mel,Honey
Mell,Joint
Mell-droad,Football
Melpomene,Melpomene
Memor bresk,Random access memory
Menelaos,Menelaus
Menez,Mountain
Menez-tan,Volcano
Menfis,Memphis
Mengleuz,Mining
Mentoniezh,Geometry
Merc'her,Mercury
Merc'her,Wednesday
Merdeer,Web browser
Merien,Ant
Metal,Metal
Metis,Metis
Metr,Metre
Metr kub,Cubic metre
Meulgan,Ode
Meurgan,Epic poetry
Meurvor,Ocean
Meurvor Atlantel,Atlantic Ocean
Meurvor Habask,Pacific Ocean
Meurvor Indez,Indian Ocean
Meurvor skornek Arktika,Arctic Ocean
Meurzh,March
Meurzh,Mars
Meurzh,Tuesday
Meurzh.,Mars
Meuse,Meuse
Meuse,Meuse River
Mez,Mead
Mezegiezh,Medicine
Mezheven,June
Meziant,Computer software
Meziantoù,Software
Mezopotamia,Mesopotamia
Mezozoeg,Mesozoic
Mic'hail Bakounin,Mikhail Bakunin
Michael Faraday,Michael Faraday
Michelangelo Buonarroti,Michelangelo
Michigan,Michigan
Mickey Mouse,Mickey Mouse
Miguel de Cervantes,Miguel de Cervantes
Mikenai,Mycenae
Mikroprosesor,Microprocessor
Milano,Milan
Milwaukee,Milwaukee
Minerva,Minerva
Minnesota,Minnesota
Minotaoros,Minotaur
Minsk,Minsk
Miosen,Miocene
Mirdi,Museum
Missouri,Missouri
Mitologiezh,Mythology
Moger Hadrian,Hadrian's Wall
Moger Vras Sina,Great Wall of China
Mohammed,Muhammad
Moira,Moirae
Moizez,Moses
Mojennoù Hellaz,Greek mythology
Mol,Mole
Moldova,Moldova
Molise,Molise
Mombasa,Mombasa
Monako,Monaco
Monc’hwezh,Inflation
Mongolia an Diabarzh,Inner Mongolia
Monrovia,Monrovia
Mons,Mons
Montana,Montana
Montenegro,Montenegro
Montreal,Montreal
Mor,Sea
Mor Adria,Adriatic Sea
Mor Baltel,Baltic Sea
Mor Breizh,English Channel
Mor Du,Black Sea
Mor Egea,Aegean Sea
Mor Ionian,Ionian Sea
Mor Iwerzhon,Irish Sea
Mor Karib,Caribbean Sea
Mor Kaspia,Caspian Sea
Mor Kreizdouar,Mediterranean
Mor Kreizdouar,Mediterranean Sea
Mor Marmara,Sea of Marmara
Mor Norvegia,Norwegian Sea
Mor Ruz,Red Sea
Mor Tirrenia,Tyrrhenian Sea
Mor an Hanternoz,North Sea
Moravia,Moravia
Morfem,Morpheme
Morfologiezh,Morphology
Morlu,Navy
Morvran,Cormorant
Moskva,Moscow
Moualc'h du,Blackbird
Mozambik,Mozambique
Mumbai,Mumbai
Muqdisho,Mogadishu
Muzezed,Muse
Muzul,Measurement
Myanmar,Burma
München,Munich
N,N
NSA,National Security Agency
Nadoz-vor,Compass
Naer,Snake
Nagasaki,Nagasaki
Nahouatleg,Nahuatl
Nairobi,Nairobi
Namibia,Namibia
Namur,Namur
Naoned,Nantes
Napoli,Naples
Narkissos,Narcissus
Nathaniel Hawthorne,Nathaniel Hawthorne
Naturegezh,Naturism
Nazaret,Nazareth
Ndjamena,N'Djamena
Nebraska,Nebraska
Nedeleg,Christmas
Neftis,Nephthys
Neil Armstrong,Neil Armstrong
Neizhan,Neptune
Nelson Mandela,Nelson Mandela
Neolitik,Neolithic
Nepal,Nepal
Neutron,Neutron
Nevada,Nevada
Nevezamzer,Spring
Nevezc'her,Neologism
New Brunswick,New Brunswick
New Hampshire,New Hampshire
New Jersey,New Jersey
New Mexico,New Mexico
New York,New York
New York,New York City
Newton,Newton
Nicaragua,Nicaragua
Nicolaus Copernicus,Nicolaus Copernicus
Niels Bohr,Niels Bohr
Niels Henrik Abel,Niels Henrik Abel
Niger,Niger
Nigeria,Nigeria
Nijmegen,Nijmegen
Nike,Nike
Nikita C'hrouchtchov,Nikita Khrushchev
Nikola Tesla,Nikola Tesla
Nikolaz a vMyra,Saint Nicholas
Nil,Nile
Nimfezed,Nymph
Nisa,Nice
Niver,Number
Niver atomek,Atomic number
Niver mas,Mass number
Niveroù,Numbers
Niveroù kentael,Prime number
Nix,Nix
Noam Chomsky,Noam Chomsky
Normandi,Normandy
Normandi-Izel,Basse-Normandie
Normandi-Uhel,Haute-Normandie
Norseg,Old Norse
North Carolina,North Carolina
North Dakota,North Dakota
Norvegia,Norway
Norzh,North
Norzhafrika,North Africa
Norzhamerika,North America
Norzhiwerzhon,Northern Ireland
Nu,Nu
Nukleon,Nucleon
Nyks,Nyx
O,O
Oadvezh an arem,Bronze Age
Oadvezh an houarn,Iron Age
Odysseia,Odyssey
Odysseüs,Odysseus
Ohio,Ohio
Ohm,Ohm
Okeania,Oceania
Okeanidezed,Oceanid
Okeanos,Oceanus
Oklahoma,Oklahoma
Oksigen,Oxygen
Oligosen,Oligocene
Olimpia,Olympia
Oliver Cromwell,Oliver Cromwell
Olympos,Mount Olympus
Oman,Oman
Omega,Omega
Omikron,Omicron
Ontario,Ontario
Orbidouriezh,Mannerism
Ordovisian,Ordovician
Oregon,Oregon
Orestes,Orestes
Origami,Origami
Ornitorink,Platypus
Orson Welles,Orson Welles
Oscar Wilde,Oscar Wilde
Osiris,Osiris
Oslo,Oslo
Ostrava,Ostrava
Otto Iañ,Otto I
Otto von Bismarck,Otto von Bismarck
Oufa,Ufa
Ouganda,Uganda
Ouran,Uranus
Ourania,Urania
Ouranos,Uranus
Ourdoueg,Urdu
Ouzbekistan,Uzbekistan
Ovidius,Ovid
Oxford,Oxford
Ozon,Ozone
P,P
Pab,Pope
Pablo Picasso,Pablo Picasso
Padova,Padua
Pakistan,Pakistan
Paleontologiezh,Paleontology
Paleosen,Paleocene
Paleozoeg,Paleozoic
Palermo,Palermo
Palestina,Palestine
Palestina,Palestinian National Authority
Pan,Pan
Pangea,Pangaea
Paol Tarsos,Paul the Apostle
Papoua Ginea-Nevez,Papua New Guinea
Paraguay,Paraguay
"Paris, mab Priam",Paris
Pariz,Paris
Pascal,Pascal
Pasteurekaat,Pasteurization
Pater noster,Lord's Prayer
Patologiezh,Pathology
Paul Gauguin,Paul Gauguin
Paün,Peafowl
Pearl Harbor,Pearl Harbor
Pedagogiezh,Pedagogy
Pedofiliezh,Pedophilia
Pelleiler,Fax
Pellgehenterezhioù,Telecommunication
Peloponnez,Peloponnese
Penelope,Penelope
Penn,Head
Pennlavar,Aphorism
Pennsylvania,Pennsylvania
Pepin Grenn,Pepin the Short
Percy B. Shelley,Percy Bysshe Shelley
Periant,Computer hardware
Perikles,Pericles
Perm,Perm
Permian,Permian
Perou,Peru
Persefone,Persephone
Perseüs,Perseus
Peskerezh,Fishing
Phi,Phi
Pi,Pi
Pidjin,Pidgin
Piemonte,Piedmont
Pieter Paul Rubens,Peter Paul Rubens
Pig,European Magpie
Pikardi,Picardie
Pindaros,Pindar
Pireneoù,Pyrenees
Pisa,Pisa
Pitagoras,Pythagoras
Piz bihan,Pea
Planedenn,Planet
Plant,Plant
Plateiz kevandirel,Continental shelf
Platon,Plato
Pleg-mor Aden,Gulf of Aden
Pleg-mor Botnia,Gulf of Bothnia
Pleg-mor Finland,Gulf of Finland
Pleg-mor Ginea,Gulf of Guinea
Pleg-mor Riga,Gulf of Riga
Pleistosen,Pleistocene
Pleven,Pleven
Plinius kozh,Pliny the Elder
Pliosen,Pliocene
Ploudon,Pluto
Ploutarc'hos,Plutarch
Plovdiv,Plovdiv
Plu,Feather
Pluskenn,Crust
Pluton,Pluto
Po,Po River
Poatev-Charant,Poitou-Charentes
Poblañs,Population
Poblañsouriezh,Demography
Poent,Point
Politikerezh,Politics
Polonia,Poland
Polymnia,Polyhymnia
Pomper,Firefighter
Pont,Bridge
Pop Art,Pop art
Port-au-Prince,Port-au-Prince
Portland,Portland
Portsmouth,Portsmouth
Portugal,Portugal
Porzh,Port
Porzh-houarn,Train station
Poseidon,Poseidon
Pozitron,Positron
Praha,Prague
Prederouriezh,Philosophy
Prenestr,Window
Prezidant Stadoù-Unanet Amerika,President of the United States
Priam,Priam
Priedelezh,Marriage
Priz,Price
Priz Nobel,Nobel Prize
Profed,Prophet
Prokariot,Prokaryote
Prometheüs,Prometheus
Proterozoeg,Proterozoic
Proton,Proton
Prunus,Prunus
Prusia,Prussia
Psi,Psi
Publius Vergilius Maro,Virgil
Puglia,Apulia
Puma,Cougar
Punk rock,Punk rock
Pêr,Saint Peter
Q,Q
Queensland,Queensland
Quintus Horatius Flaccus,Horace
R,R
Ra,Ra
Raffaello Sanzio,Raphael
Raganv,Pronoun
Ragistor,Prehistory
Rainer-Maria Rilke,Rainer Maria Rilke
Rama,Rama
Ramadan,Ramadan
Ramayana,Ramayana
Ramses II,Ramesses II
Rannvro Breizh,Bretagne
Rannyezh,Dialect
Ravenna,Ravenna
Rawalpindi,Rawalpindi
Rea,Rhea
Recife,Recife
Reizhiad korvoiñ,Operating system
Reizhskrivadur,Orthography
Relativelezh hollek,General relativity
Relijion,Religion
Rembrandt van Rijn,Rembrandt
Republik,Republic
Republik Demokratel Alamagn,East Germany
Republik Demokratel Kongo,Democratic Republic of the Congo
Republik Dominikan,Dominican Republic
Republik Haiti,Haiti
Republik Iwerzhon,Republic of Ireland
Republik Kiprenez,Cyprus
Republik Kongo,Republic of the Congo
Republik Korea,South Korea
Republik Kreizafrikan,Central African Republic
Republik Pobl Sina,People's Republic of China
Republik Poblel ha Demokratel Korea,North Korea
Republik Tchek,Czech Republic
Republik ar Bananez,Banana republic
Restr stlennegel,Computer file
Reter,East
Revrfouzherezh,Anal sex
Rho,Rho
Rhode Island,Rhode Island
Riboul,Tunnel
Richard Wagner,Richard Wagner
Richennoù,Legend
Rideoz houarn,Iron Curtain
Riezad,Kingdom
Riga,Riga
Rio de Janeiro,Rio de Janeiro
Riyadh,Riyadh
Roald Amundsen,Roald Amundsen
Robert Koch,Robert Koch
Robert Louis Stevenson,Robert Louis Stevenson
Robert Schumann,Robert Schumann
Rod,Wheel
Roen,Rhine
Roll an enep-pibien,Antipope
Roma,Rome
Romañcheg,Romansh
Rotterdam,Rotterdam
Rouantelezh,Monarchy
Rouantelezh Unanet Breizh-Veur ha Norzhiwerzhon,United Kingdom
Roue Arzhur,King Arthur
Roumania,Romania
Routaer,Router
Roñfl,Troll
Rugbi,Rugby football
Rummad pennañ,Fundamental
Rusia,Russia
Rwanda,Rwanda
SS,Schutzstaffel
Saddam Husain,Saddam Hussein
Sadorn,Saturday
Sadorn,Saturn
Saena,Seine
Sahara ar C'hornôg,Western Sahara
Saladin,Saladin
Salvador da Bahia,Salvador
Salzburg,Salzburg
Samara,Samara
Samarkand,Samarkand
Samoa Amerikan,American Samoa
Samourai,Samurai
Samuel Beckett,Samuel Beckett
San Francisco,San Francisco
San Marino,San Marino
Sandro Botticelli,Sandro Botticelli
Sandwich,Sandwich
Sankt-Peterbourg,Saint Petersburg
Sant,Saint
Sant-Martin,Saint Martin
Santiago,Santiago
Santiago de Chile,Santiago
Santiago de Cuba,Santiago de Cuba
Santo Domingo,Santo Domingo
Saozneg,English language
Sapfo,Sappho
Sapporo,Sapporo
Sarah Bernhardt,Sarah Bernhardt
Sarajevo,Sarajevo
Sardigna,Sardinia
Sarkofagenn,Sarcophagus
Satir,Satyr
Sañskriteg,Sanskrit
Sechelez,Seychelles
Seismologiezh,Seismology
Semantik,Semantics
Senegal,Senegal
Senozoeg,Cenozoic
Serbia,Serbia
Serk,Anthrax
Seth,Set
Shanghai,Shanghai
Shogun,Shogun
Siberia,Siberia
Sierra Leone,Sierra Leone
Sigma,Sigma
Sigmund Freud,Sigmund Freud
Sigrid Undset,Sigrid Undset
Sikhegezh,Sikhism
Sikilia,Sicily
Silabenn,Syllable
Silezia,Silesia
Silurian,Silurian
Simone de Beauvoir,Simone de Beauvoir
Sina,China
Sindikad,Syndicate
Sindikad,Trade union
Sinema,Film
Singapour,Singapore
Sinoù diakritek,Diacritic
Sirakuza,Syracuse
Siria,Syria
Sistem etrevroadel unanennoù ar fizik,International System of Units
Sistr,Cider
Sizhun,Week
Skandinavia,Scandinavia
Skanner,Image scanner
Skiant,Science
Skiant-faltazi,Science fiction
Skiantoù an Ditour hag al Levraouegoù,Library science
Skiantoù an douar,Earth science
Skiantoù ar Vuhez,Biology
Skinoù X,X-ray
Sklaverezh,Slavery
Skos,Scotland
Skos Nevez,Nova Scotia
Skouarn,Ear
Skouergorneg,Rectangle
Skourrad,Phylum
Skrabell,Scrabble
Skramm strinkennoù liñvel,Liquid crystal display
Slayer,Slayer
Slovakia,Slovakia
Slovenia,Slovenia
Sofia,Sofia
Sofokles,Sophocles
Sokioyezhoniezh,Sociolinguistics
Sokrates,Socrates
Solidarność,Solidarity
Somalia,Somalia
Somerset,Somerset
Somme,Somme
Sonerezh,Music
Sonerezh klasel,Classical music
Sonerezh rock,Rock music
Soudan,Sudan
South Carolina,South Carolina
South Dakota,South Dakota
Spagn,Spain
Sparta,Sparta
Speriañ,Fertilisation
Spesad,Species
Spis,Spice
Sponterezh,Terrorism
Sport,Sport
Spree,Spree
Sri Lanka,Sri Lanka
Stad,State
Stadoù-Unanet Amerika,United States
Stalinouriezh,Stalinism
Stankell,Dam
Stanley Kubrick,Stanley Kubrick
Statistikoù,Statistics
Stefan Zweig,Stefan Zweig
Stegosaor,Stegosaurus
Stendhal,Stendhal
Steredeg,Constellation
Steredenn David,Star of David
Steredoniezh,Astronomy
Stevell,Condom
Steven Spielberg,Steven Spielberg
Stlennvon,Database
Stockholm,Stockholm
Stoikegezh,Stoicism
Stragon,Tarragon
Strizh-douar,Isthmus
Strizh-mor,Strait
Strizh-mor Bering,Bering Strait
Strizh-mor Jibraltar,Strait of Gibraltar
Strizh-mor Magalhaes,Strait of Magellan
Strollad Broadel Sokialour al Labourerien Alaman,Nazi Party
Strollad Sokialour Gall,Socialist Party
Stuttgart,Stuttgart
Styx River,Styx
Stêr,River
Su,South
Suamerika,South America
Sucre,Sucre
Sudoku,Sudoku
Suis,Switzerland
Sul,Sunday
Sultan,Sultan
Sumer,Sumer
Surinam,Suriname
Svalbard,Svalbard
Sveden,Sweden
Swaziland,Swaziland
Sydney,Sydney
T,T
TCP,Transmission Control Protocol
Taboulin,Drum
Tacitus,Tacitus
Tadjikistan,Tajikistan
Taichichuan,Tai chi chuan
Taksinomiezh,Taxonomy
Tallinn,Tallinn
Tamil Nadu,Tamil Nadu
Tanac'h,Tanakh
Tanzania,Tanzania
Taol,Table
Taolenn beriodek an elfennoù,Periodic table
Taouarc'h,Peat
Tarn,Tarn
Tartaros,Tartarus
Tartu,Tartu
Tatouadur,Tattoo
Tau,Tau
Tavoez,River Thames
Tbilisi,Tbilisi
Tchad,Chad
Tchekoslovakia,Czechoslovakia
Te,Tea
Teba,Thebes
Tekno,Techno
Telenn,Harp
Tennessee,Tennessee
Tennis,Tennis
Teodosius Iañ,Theodosius I
Terpsic'hora,Terpsichore
Testamant Kozh,Old Testament
Testamant Nevez,New Testament
Tethys,Tethys
Teul,Document
Teureuged,Sea urchin
Teurgn,Tours
Tevenn,Dune
Texas,Texas
Thailand,Thailand
Thales Miletos,Thales
Thanatos,Thanatos
Thebai,Thebes
Thebe,Thebe
Theia,Theia
Themis,Themis
Themistokles,Themistocles
Theseüs,Theseus
Theta,Theta
Thomas Edison,Thomas Edison
Thomas Edward Lawrence,T. E. Lawrence
Thomas Hobbes,Thomas Hobbes
Thomas More,Thomas More
Thoukydides,Thucydides
Ti,House
Tianjin,Tianjin
Tiber,Tiber
Tiber,Tiberius
Tibet,Tibet
Tierniezh,Dynasty
Tierniezh Han,Han Dynasty
Tierniezh ar Ptolemeed,Ptolemaic dynasty
Tigr,Tiger
Timbrouriezh,Philately
Tir,Tyre
Tiranosaor,Tyrannosaurus
Tirol,Tyrol
Titan,Titan
Titaned,Titan
Titus,Titus
Titus Livius,Livy
Tivoli,Tivoli
Tizh ar gouloù,Speed of light
Tizian,Titian
Togo,Togo
Tommaso d'Aquino,Thomas Aquinas
Tonga,Tonga
Tony Blair,Tony Blair
"Topeka, Kansas",Topeka
Topologiezh rouedad,Network topology
Torah,Torah
Torino,Turin
Toronto,Toronto
Torr-dimeziñ,Divorce
Toskana,Tuscany
Tot,Thoth
Toull du,Black hole
Toull-bac'h,Prison
Tour-tan,Lighthouse
Touristerezh,Tourism
Traezh,Sand
Trakia,Thrace
Traoñienn,Valley
Tre ha lanv,Tide
Tredan,Electricity
Trede kroaziadeg,Third Crusade
Trenkenn dezoksiribonukleek,DNA
Trenkenn garbonek,Carbonic acid
Trenkenn nitrek,Nitric acid
Trenkenn ribonukleek,RNA
Trenkenn sulfurek,Sulfuric acid
Trento,Trento
Treuzlizherennadur,Transliteration
Treuzrevelezh,Transsexualism
Treuzsilvania,Transylvania
Triaseg,Triassic
Trier,Trier
Tripoli,Tripoli
Triseratops,Triceratops
Tritiom,Tritium
Trochilidae,Hummingbird
Trodroc'hañ,Circumcision
Troia,Troy
Trompilh,Trumpet
Trompilhoù Fallopia,Fallopian tube
Trotskiouriezh,Trotskyism
Trovan,Tropics
Tsunami,Tsunami
Tuad an Arme Ruz,Red Army Faction
Tud,Biography
Tud,People
Tud a afer,Businesspeople
Tud-kezeg,Centaur
Tuniz,Tunis
Tunizia,Tunisia
Turkia,Turkey
Turkmenistan,Turkmenistan
Tuvalu,Tuvalu
Tycho Brahe,Tycho Brahe
U,U
UNESCO,UNESCO
UTC,Coordinated Universal Time
Ukraina,Ukraine
Umbria,Umbria
Unanenn astronomek,Astronomical unit
Unanenn tolz atomek,Atomic mass unit
Unaniezh Europa,European Union
Unaniezh ar Republikoù Sokialour Soviedel,Soviet Union
Unaniezh ar Republikoù Sokialour ha Soviedel,Soviet Union
Unix,Unix
Unvez gwereañ,Computer display
Uppsala,Uppsala
Upsilon,Upsilon
Uruguay,Uruguay
Urzh ar Vreudeur minor,Franciscan
Urzhiad,Order
Urzhiataer,Computer
Urzhiataerezh,Computer science
Uslimestra,Ultraviolet
Utah,Utah
Utrecht,Utrecht
Uttar Pradesh,Uttar Pradesh
V,V
Valletta,Valletta
Vandalerezh,Vandalism
Var,Var
Varna,Varna
Varsovia,Warsaw
Vassily Kandinsky,Wassily Kandinsky
Velosiraptor,Velociraptor
Veneto,Veneto
Venezia,Venice
Venezuela,Venezuela
Verb,Verb
Vermont,Vermont
Verona,Verona
Vertebrata,Vertebrate
Vespasian,Vespasian
Vesta,Vesta
Vichnou,Vishnu
Victor Hugo,Victor Hugo
Viell,Ovum
Vienna,Vienna
Vienne,Vienne
Vigell,Ovary
Vikinged,Viking
Vilnius,Vilnius
Vincent van Gogh,Vincent van Gogh
Virginia,Virginia
Vitus Bering,Vitus Bering
Viêt Nam,Vietnam
Vladimir Lenin,Vladimir Lenin
Vladimir Nabokov,Vladimir Nabokov
Vladimir Poutin,Vladimir Putin
Vogalenn,Vowel
Volga,Volga River
Volgograd,Volgograd
Volkanegezh,Volcanology
Volt,Volt
Voltaire,Voltaire
Vulgat,Vulgate
W,W
Walt Disney,Walt Disney
Walter Gropius,Walter Gropius
Walter Scott,Walter Scott
Washington,Washington
Washington D.C.,Washington
Watt,Watt
Wellington,Wellington
Weser,Weser River
West Virginia,West Virginia
West-Sussex,West Sussex
Wicca,Wicca
Wiesbaden,Wiesbaden
William Butler Yeats,William Butler Yeats
William Faulkner,William Faulkner
William Harvey,William Harvey
William Rowan Hamilton,William Rowan Hamilton
William Shakespeare,William Shakespeare
Willy Brandt,Willy Brandt
Windhoek,Windhoek
Winston Churchill,Winston Churchill
Wisconsin,Wisconsin
Wolfgang Amadeus Mozart,Wolfgang Amadeus Mozart
Woodrow Wilson,Woodrow Wilson
Woody Allen,Woody Allen
World Wide Web,World Wide Web
Wyoming,Wyoming
X,X
Xi,Xi
Xinjiang,Xinjiang
Y,Y
Yakuza,Yakuza
Yann ar Badezour,John the Baptist
Yaou,Jupiter
Yaou,Thursday
Yaou-Gamblit,Maundy Thursday
Yec'hed,Health
Yemen,Yemen
Yerevan,Yerevan
Yezh,Language
Yezh vamm,First language
Yezhadur,Grammar
Yezhoniezh,Linguistics
York,York
Yougoslavia,Yugoslavia
Youriy Gagarin,Yuri Gagarin
Yuzevegezh,Judaism
Z,Z
Zambia,Zambia
Zanzibar,Zanzibar
Zeland-Nevez,New Zealand
Zero klok,Absolute zero
Zeta,Zeta
Zeus,Zeus
Zimbabwe,Zimbabwe
breton,english
