Other,English
1,1
1 Αυγούστου,August 1
1 Δήμητρα,Ceres
1 Ιανουαρίου,January 1
1 Ιουλίου,July 1
1 Μαΐου,May 1
1 Νοεμβρίου,November 1
10,10
100,100
1000,1000
101,101
105,105
11,11
11 Νοεμβρίου,November 11
11 Σεπτεμβρίου,September 11
110,110
115,115
12,12
12 Οκτωβρίου,October 12
12 Φεβρουαρίου,February 12
120,120
125,125
13,13
130,130
135,135
14,14
14 Απριλίου,April 14
14 Ιουνίου,June 14
14 Φεβρουαρίου,February 14
140,140
144,144
145,145
15,15
15 Αυγούστου,August 15
150,150
155,155
16,16
160,160
165,165
17,17
17 Μαρτίου,March 17
17 Σεπτεμβρίου,September 17
170,170
1728,1728
175,175
18,18
180,180
19,19
19 Ιανουαρίου,January 19
19 Μαρτίου,March 19
190,190
2,2
2 Μαρτίου,March 2
2 Νοεμβρίου,November 2
2 Φεβρουαρίου,February 2
20,20
20 Ιανουαρίου,January 20
200,200
21,21
21 Ιουνίου,June 21
22,22
22 Φεβρουαρίου,February 22
23,23
23 Ιουνίου,June 23
24,24
24,24
24 Ιουνίου,June 24
24 Μαΐου,May 24
24 Οκτωβρίου,October 24
25,25
25 Μαρτίου,March 25
26,26
27,27
28,28
29,29
29 Ιουνίου,June 29
29 Σεπτεμβρίου,September 29
29 Φεβρουαρίου,February 29
3,3
3 Ιουνίου,June 3
30,30
300,300
31,31
31 Δεκεμβρίου,December 31
32,32
33,33
34,34
35,35
36,36
37,37
38,38
39,39
4,4
4 Ιουλίου,July 4
40,40
400,400
41,41
42,42
43,43
44,44
45,45
46,46
47,47
48,48
49,49
5,5
5 Νοεμβρίου,November 5
50,50
500,500
51,51
52,52
53,53
54,54
55,55
56,56
57,57
58,58
59,59
6,6
6 Αυγούστου,August 6
6 Ιανουαρίου,January 6
60,60
61,61
62,62
63,63
64,64
65,65
66,66
67,67
68,68
69,69
7,7
70,70
71,71
72,72
73,73
74,74
75,75
76,76
77,77
78,78
79,79
8,8
8 Δεκεμβρίου,December 8
80,80
81,81
82,82
83,83
84,84
85,85
86,86
87,87
88,88
89,89
9,9
90,90
91,91
92,92
93,93
94,94
95,95
96,96
97,97
98,98
99,99
A,A
ABC,ABC
AIDS,AIDS
ASCII,American Standard Code for Information Interchange
AU,Au
Ad hominem,Ad hominem
Ada,Ada
Airbus,Airbus
Anime,Anime
Assembly,Assembly language
B,B
BASIC,BASIC
Bit,Bit
Byte,Byte
C,C
C,C
CD,Compact Disc
CIA,Central Intelligence Agency
COBOL,COBOL
Coordinated Universal Time,Coordinated Universal Time
D,D
DNA,DNA
DVD,DVD
Digital Subscriber Line,Digital subscriber line
E,E
Erasure,Erasure
Ethernet,Ethernet
Evanescence,Evanescence
F,F
FBI,Federal Bureau of Investigation
File Allocation Table,File Allocation Table
File Transfer Protocol,File Transfer Protocol
Firewall,Firewall
Fortran,Fortran
G,G
GIMP,GIMP
GNOME,GNOME
GNU,GNU
Global Positioning System,Global Positioning System
Google,Google
Googol,Googol
Greenpeace,Greenpeace
H,H
HIV,HIV
HTML,HTML
I,I
IPod,IPod
Internet Explorer,Internet Explorer
Intranet,Intranet
Iron Maiden,Iron Maiden
J,J
Java,Java
K,K
L,L
Lingua franca,Lingua franca
Linux,Linux
Lisp,Lisp
Logo,Logo
M,M
MIDI,Musical Instrument Digital Interface
MIME,MIME
MS-DOS,MS-DOS
Macintosh,Macintosh
Monopoly,Monopoly
Mossad,Mossad
N,N
NSA,National Security Agency
Nož,Knife
O,O
Opel,Opel
Opera,Opera
P,P
PH,PH
Pascal,Pascal
Ping,Ping
Podcasting,Podcast
Python,Python
Q,Q
R,R
RAF,RAF
RNA,RNA
S,S
Schutzstaffel,Schutzstaffel
Seven,7
Spyware,Spyware
T,T
The Star-Spangled Banner,The Star-Spangled Banner
Transmission Control Protocol,Transmission Control Protocol
U,U
Uniform Resource Locator,Uniform Resource Locator
Unix,Unix
Ununbium,Ununbium
Ununpentium,Ununpentium
Ununtrium,Ununtrium
V,V
W,W
Web browser,Web browser
X,X
Y,Y
Z,Z
greek,english
Άαρ,Aar
Άαχεν,Aachen
Άβακας,Abacus
Άβε Μαρία,Hail Mary
Άγαλμα της Ελευθερίας,Statue of Liberty
Άγαρ,Agar
Άγγελος,Angel
Άγγλοι,English people
Άγιο Όρος,Mount Athos
Άγιο Δισκοπότηρο,Holy Grail
Άγιο Πνεύμα,Holy Spirit
Άγιος Βασίλης,Santa Claus
Άγιος Βικέντιος και Γρεναδίνες,Saint Vincent and the Grenadines
Άγιος Βικέντιος και Γρεναδίνες,Saint Vincent and the Grenadines
Άγιος Γεώργιος,Saint George
Άγιος Λαυρέντιος,Saint Lawrence River
Άγιος Μαρίνος,San Marino
Άγιος Μαρίνος,San Marino
Άγιος Νικόλαος,Saint Nicholas
Άγιος Πατρίκιος,Saint Patrick
Άγιος Χριστόφορος και Νέβις,Saint Kitts and Nevis
Άγιος Χριστόφορος και Νέβις,Saint Kitts and Nevis
Άγκρα,Agra
Άγκυρα,Ankara
Άγκυρα πλοίου,Anchor
Άδανα,Adana
Άδης,Hades
Άδωνις,Adonis
Άζωτο,Nitrogen
Άθροιση,Addition
Άκαμπα,Aqaba
Άκρα,Accra
Άλαν Τούρινγκ,Alan Turing
Άλας,Salt
Άλγεβρα,Algebra
Άλγεβρα,Algebra
Άλεκ Γκίνες,Alec Guinness
Άλλεν Γκίνσμπεργκ,Allen Ginsberg
Άλμα εις μήκος,Long jump
Άλμπερτ Αϊνστάιν,Albert Einstein
Άλμπερτ Σβάιτσερ,Albert Schweitzer
Άλμπερτ Σπέερ,Albert Speer
Άλμπορκ,Aalborg
Άλμπουμ,Album
Άλογο,Horse
Άλπεις,Alps
Άλφα,Alpha
Άλφρεντ Νομπέλ,Alfred Nobel
Άλφρεντ Ράσελ Γουάλας,Alfred Russel Wallace
Άλφρεντ Χίτσκοκ,Alfred Hitchcock
Άμλετ,Hamlet
Άμμος,Sand
Άμπελ Τάσμαν,Abel Tasman
Άμστερνταμ,Amsterdam
Άμστερνταμ,Amsterdam
Άμων,Amun
Άνδεις,Andes
Άνηθος,Dill
Άνθος,Flower
Άνθρακας,Carbon
Άνθρωπος,Human
Άννα Μπολέυν,Anne Boleyn
Άνοιξη,Spring
Άνουβις,Anubis
Άνταμ Σμιθ,Adam Smith
Άντολφ Άιχμαν,Adolf Eichmann
Άντον Μπρούκνερ,Anton Bruckner
Άντονυ Χόπκινς,Anthony Hopkins
Άπειρο,Infinity
Άπια,Apia
Άραμ Χατσατουριάν,Aram Khachaturian
Άργος,Argos
Άργυρος,Silver
Άρειος,Arius
Άρης,Ares
Άρης,Mars
Άρια,Aria
Άρμα μάχης,Tank
Άρπα,Harp
Άρπυιες,Harpy
Άρρητος αριθμός,Irrational number
Άρση βαρών,Weightlifting
Άρτεμις,Artemis
Άρτιοι και περιττοί αριθμοί,Parity
Άσγκαρντ,Asgard
Άσθμα,Asthma
Άστατο,Astatine
Άστραχαν,Astrakhan
Άσφαλτος,Asphalt
Άτλας,Atlas
Άτλας,Atlas
Άτλας,Atlas
Άτομο,Atom
Άφνιο,Hafnium
Έβερεστ,Mount Everest
Έγκλημα πολέμου,War crime
Έδαφος,Soil
Έζρα Πάουντ,Ezra Pound
Έθνος,Nation
Έικρ,Acre
Έκλειψη,Eclipse
Έκλειψη Ηλίου,Solar eclipse
Έκρηξη,Explosion
Έκταση,Area
Έκτορας,Hector
Έκτρωση,Abortion
Έλβις Πρίσλεϊ,Elvis Presley
Έλινορ Ρούζβελτ,Eleanor Roosevelt
Έλλα Φιτζέραλντ,Ella Fitzgerald
Έλλειψη,Ellipse
Έμμα Γκόλντμαν,Emma Goldman
Έμφραγμα του μυοκαρδίου,Myocardial infarction
Ένδυση,Clothing
Ένζυμο,Enzyme
Ένκι,Enki
Έντβαρτ Μουνκ,Edvard Munch
Έντγκαρ Άλλαν Πόε,Edgar Allan Poe
Έντγουιν Χαμπλ,Edwin Hubble
Έντερο,Intestine
Έντμοντον,Edmonton
Έντμουντ Χάλλεϋ,Edmond Halley
Έντμουντ Χίλαρι,Edmund Hillary
Έντο,Edo
Έντομα,Insect
Έντουαρντ του Ουέσσεξ,Edward the Confessor
Ένωση Σοβιετικών Σοσιαλιστικών Δημοκρατιών,Soviet Union
Ένωση Χωρών της Νοτιοανατολικής Ασίας,Association of Southeast Asian Nations
Ένωση συνόλων,Union
Έπιπλα,Furniture
Έπος,Epic poetry
Έρβιν Ρόμελ,Erwin Rommel
Έρβιο,Erbium
Έργο,Project
Έρεβος,Erebus
Έρημοι,Deserts
Έρημος Καλαχάρι,Kalahari Desert
Έρικ Άξελ Kάρλφελντ,Erik Axel Karlfeldt
Έρις,Eris
Έρμαν Έσσε,Hermann Hesse
Έρνεστ Χέμινγουεϊ,Ernest Hemingway
Έρως,Eros
Έσποο,Espoo
Έσσεν,Essen
Έσσεξ,Essex
Έσση,Hesse
Έσση,Hesse
Έτη,Years
Έτος,Year
Έτος Εγίρας,Islamic calendar
Έτος φωτός,Light-year
Έφεσος,Ephesus
Έχιδνα,Echidna
Έψιλον,Epsilon
Ήβη,Hebe
Ήλιο,Helium
Ήλιος,Helios
Ήλιος,Sun
Ήλιος,Sun
Ήλιος του μεσονυχτίου,Midnight sun
Ήπειροι,Continent
Ήπειρος,Epirus
Ήρα,Hera
Ήρωας,Hero
Ήρων,Hero of Alexandria
Ήτα,Eta
Ήφαιστος,Hephaestus
Ήχος,Sound
Ίαν Φλέμινγκ,Ian Fleming
Ίνγκμαρ Μπέργκμαν,Ingmar Bergman
Ίνγκριντ Μπέργκμαν,Ingrid Bergman
Ίνδιο,Indium
Ίνσμπρουκ,Innsbruck
Ίππαρχος ο Ρόδιος,Hipparchus
Ίππος,Knight
Ίρις,Iris
Ίρις,Iris
Ίσις,Isis
Ίταλο Καλβίνο,Italo Calvino
Όγκος,Volume
Όζον,Ozone
Όλμιο,Holmium
Όλυμπος,Mount Olympus
Όμηρος,Homer
Όμικρον,Omicron
Όμιλος Fiat,Fiat
Όμποε,Oboe
Όνειρο,Dream
Όπερα,Opera
Όπλο,Weapon
Όριο,Limit
Όρκος του Ιπποκράτη,Hippocratic Oath
Όρνιο,Griffon Vulture
Όρχεις,Testicle
Όσιρις,Osiris
Όσκαρ,Academy Award
Όσκαρ Ουάιλντ,Oscar Wilde
Όσλο,Oslo
Όσμιο,Osmium
Ότο φον Μπίσμαρκ,Otto von Bismarck
Όφις,Serpens
Ύδρα,Hydra
Ύδρος,Hydrus
Ύλη,Matter
Ύπνος,Sleep
Ύτριο,Yttrium
Ύψιλον,Upsilon
Ώκλαντ,Auckland
Ώρα,Hour
Ώρος,Horus
Ώρχους,Aarhus
Ώστιν,Austin
Α' Παγκόσμιος Πόλεμος,World War I
Α' Σταυροφορία,First Crusade
Α΄ Παγκόσμιος Πόλεμος,World War I
ΑΤΙΑ,Unidentified flying object
Αέριο,Gas
Αίγυπτος,Egypt
Αίγυπτος,Egypt
Αίμα,Blood
Αίολος,Aeolus
Αίρεση,Heresy
Αίσωπος,Aesop
Αίτνα,Mount Etna
Ααρών,Aaron
Αβάνα,Havana
Αβέστα,Avesta
Αβατάρ,Avatar
Αββάς,Abbot
Αβελιανή ομάδα,Abelian group
Αβερρόης,Averroes
Αβικέννας,Avicenna
Αβινιόν,Avignon
Αβοκάντο,Avocado
Αβραάμ,Abraham
Αβραάμ Λίνκολν,Abraham Lincoln
Αγάπη,Love
Αγία Γραφή,Bible
Αγία Λουκία,Saint Lucia
Αγία Λουκία,Saint Lucia
Αγία Πετρούπολη,Saint Petersburg
Αγία Πετρούπολη,Saint Petersburg
Αγία Ρωμαϊκή Αυτοκρατορία,Holy Roman Empire
Αγία Ρωμαϊκή Αυτοκρατορία,Holy Roman Empire
Αγία Σοφία,Hagia Sophia
Αγία Τριάδα,Trinity
Αγαμέμνονας,Agamemnon
Αγαμία,Celibacy
Αγγειόσπερμο,Flowering plant
Αγγλία,England
Αγγλία,England
Αγγλική γλώσσα,English language
Αγγούρι,Cucumber
Αγκάθα Κρίστι,Agatha Christie
Αγκινάρα,Globe artichoke
Αγκριτζέντο,Agrigento
Αγκόλα,Angola
Αγκόλα,Angola
Αγνωστικισμός,Agnosticism
Αγοραφοβία,Agoraphobia
Αγριόπαπια,Mallard
Αγριόχοιρος,Boar
Αδάμ,Adam
Αδένας,Gland
Αδανσονία,Adansonia
Αδελαΐδα,Adelaide
Αδελφότητα του Ιησού,Society of Jesus
Αδενίνη,Adenine
Αδιαβατική μεταβολή,Adiabatic process
Αδράνεια,Inertia
Αδριανούπολη,Edirne
Αδριανός,Hadrian
Αδριατική θάλασσα,Adriatic Sea
Αδρόνιο,Hadron
Αδόλφος Χίτλερ,Adolf Hitler
Αεριοστρόβιλος,Turbine
Αεροδρόμιο,Airport
Αεροδυναμική,Aerodynamics
Αεροπλανοφόρο,Aircraft carrier
Αεροπορία,Aviation
Αεροσκάφη,Aircraft
Αερόστρωμνο,Hovercraft
Αετός,Aquila
Αετός,Eagle
Αζερμπαϊτζάν,Azerbaijan
Αζερμπαϊτζάν,Azerbaijan
Αζιμούθιο,Azimuth
Αζουρίτης,Azurite
Αζτέκοι,Aztec
Αζόρες,Azores
Αθήνα,Athens
Αθηνά,Athena
Αθλητισμός,Sport
Αιγαίο Πέλαγος,Aegean Sea
Αιγυπτιολογία,Egyptology
Αιγόκερως,Capricornus
Αιδοίο,Vulva
Αιθάνιο,Ethane
Αιθένιο,Ethylene
Αιθίνιο,Acetylene
Αιθανόλη,Ethanol
Αιθιοπία,Ethiopia
Αιθιοπία,Ethiopia
Αιματίτης,Hematite
Αιμορροΐδες,Hemorrhoid
Αιμοφιλία,Haemophilia
Αινείας,Aeneas
Αιολική ενέργεια,Wind power
Αισθητική,Aesthetics
Αισχύλος,Aeschylus
Αιτιατική,Accusative case
Αιτιοκρατία,Determinism
Αιτιότητα,Causality
Αιώνας,Century
Ακέραιος αριθμός,Integer
Ακίρα Κουροσάβα,Akira Kurosawa
Ακαθάριστο Εγχώριο Προϊόν,Gross domestic product
Ακακία,Acacia
Ακενατόν,Akhenaten
Ακετυλοχολίνη,Acetylcholine
Ακετόνη,Acetone
Ακμή,Acne vulgaris
Ακολουθία,Sequence
Ακολουθία Φιμπονάτσι,Fibonacci number
Ακουιτανία,Aquitaine
Ακουστική,Acoustics
Ακτή,Coast
Ακτίνα,Radius
Ακτίνες Χ,X-ray
Ακτίνιο,Actinium
Ακτινίδες,Actinide
Ακτινολογία,Radiology
Αλ Γκορ,Al Gore
Αλ Κάιντα,Al-Qaeda
Αλ Καπόνε,Al Capone
Αλάμπρα,Alhambra
Αλάσκα,Alaska
Αλάσκα,Alaska
Αλάτι,Salt
Αλέξανδρος,Alexander
Αλέξανδρος Δουμάς,Alexandre Dumas
Αλέξανδρος Πούσκιν,Alexander Pushkin
Αλέξανδρος ο Μέγας,Alexander the Great
Αλαμπάμα,Alabama
Αλανίνη,Alanine
Αλβάρ Αάλτο,Alvar Aalto
Αλβανία,Albania
Αλβανία,Albania
Αλγέρι,Algiers
Αλγεβρικός αριθμός,Algebraic number
Αλγερία,Algeria
Αλγερία,Algeria
Αλγόριθμος,Algorithm
Αλεξάνδρεια,Alexandria
Αλεξάντερ Γκράχαμ Μπελ,Alexander Graham Bell
Αλεξίπτωτο,Parachute
Αλεξίπτωτο πλαγιάς,Paragliding
Αλεπού,Red Fox
Αλεύρι,Flour
Αλιεία,Fishing
Αλιεία,Fishing
Αλκάλια,Alkali metal
Αλκάνια,Alkane
Αλκένια,Alkene
Αλκίνιο,Alkyne
Αλληγορία,Allegory
Αλλόσαυρος,Allosaurus
Αλλότροπα,Allotropy
Αλμανάκ,Almanac
Αλμπέρ Καμύ,Albert Camus
Αλμπέρτα,Alberta
Αλντεμπαράν,Aldebaran
Αλογόνα,Halogen
Αλσατία,Alsace
Αλφάβητο,Alphabet
Αλφρέδος του Ουέσσεξ,Alfred the Great
Αλχημεία,Alchemy
Αλώπηξ,Vulpecula
Αμέθυστος,Amethyst
Αμέλια Έρχαρτ,Amelia Earhart
Αμέριγκο Βεσπούκι,Amerigo Vespucci
Αμέταλλα,Nonmetal
Αμίαντος,Asbestos
Αμαζόνιος,Amazon River
Αμβέρσα,Antwerp
Αμβέρσα,Antwerp
Αμβούργο,Hamburg
Αμβούργο,Hamburg
Αμβρόσιος Μεδιολάνων,Ambrose
Αμεντέο Αβογκάντρο,Amedeo Avogadro
Αμερίκιο,Americium
Αμερικανικές Παρθένοι Νήσοι,United States Virgin Islands
Αμερικανική Σαμόα,American Samoa
Αμερικανικός Εμφύλιος Πόλεμος,American Civil War
Αμινοξύ,Amino acid
Αμμάν,Amman
Αμμωνία,Ammonia
Αμνηστία,Amnesty
Αμπέρ,Ampere
Αμπερντήν,Aberdeen
Αμπερόμετρο,Ammeter
Αμπχαζία,Abkhazia
Αμπχαζία,Abkhazia
Αμφίβια,Amphibian
Αμφεταμίνη,Amphetamine
Αμφιθέατρο,Amphitheatre
Αμφιφυλοφιλία,Bisexuality
Αμφορέας,Amphora
Ανάκτορα του Μπάκιγχαμ,Buckingham Palace
Αναβαπτιστές,Anabaptist
Αναγεννησιακή τέχνη,Renaissance
Αναδρομή,Recursion
Αναιμία,Anemia
Ανακύκλωση,Recycling
Ανανάς,Pineapple
Αναξίμανδρος,Anaximander
Αναξαγόρας,Anaxagoras
Αναπαραγωγή,Reproduction
Αναπνευστικό σύστημα,Respiratory system
Αναρχισμός,Anarchism
Αναρχισμός,Anarchism
Ανατολή,East
Ανατολικό Τιμόρ,East Timor
Ανατολικό Τιμόρ,East Timor
Ανατομία,Anatomy
Ανατομία,Anatomy
Ανγκουίλα,Anguilla
Ανδαλουσία,Andalusia
Ανδρομέδα,Andromeda
Ανδρομέδα,Andromeda
Ανδρομέδα,Andromeda
Ανδόρρα,Andorra
Ανδόρρα,Andorra
Ανελκυστήρας,Elevator
Ανεμόμυλος,Windmill
Ανεξαρτησία,Independence
Ανεργία,Unemployment
Ανθρωπίδαι,Hominidae
Ανθρωπιστικές επιστήμες,Humanities
Ανθρωπολογία,Anthropology
Ανθρωπολογία,Anthropology
Ανθυπολοχαγός,Lieutenant
Ανιμισμός,Animism
Αννίβας,Hannibal
Αννόβερο,Hanover
Ανοξείδωτος χάλυβας,Stainless steel
Ανρί Ματίς,Henri Matisse
Ανρί Μπεργκσόν,Henri Bergson
Αντάρης,Antares
Αντίγκουα και Μπαρμπούντα,Antigua and Barbuda
Αντίγκουα και Μπαρμπούντα,Antigua and Barbuda
Αντίς Αμπέμπα,Addis Ababa
Αντίστιξη,Counterpoint
Αντίχριστος,Antichrist
Ανταγωνισμός,Competition
Ανταναναρίβο,Antananarivo
Ανταρκτική,Antarctica
Ανταρκτική,Antarctica
Αντιβιoτικό,Antibiotic
Αντιγόνη,Antigone
Αντιγόνο,Antigen
Αντικειμενοστρεφής προγραμματισμός,Object-oriented programming
Αντιμόνιο,Antimony
Αντιπτέριση,Badminton
Αντισημιτισμός,Antisemitism
Αντισημιτισμός,Antisemitism
Αντισφαίριση,Tennis
Αντιτορπιλικό,Destroyer
Αντιόχεια,Acre
Αντιόχεια,Antakya
Αντιύλη,Antimatter
Αντλία,Antlia
Αντουάν Λωράν Λαβουαζιέ,Antoine Lavoisier
Αντρέι Ζαχάρωφ,Andrei Sakharov
Αντρέι Ταρκόφσκι,Andrei Tarkovsky
Αντόν Τσέχωφ,Anton Chekhov
Αντόνιο Βιβάλντι,Antonio Vivaldi
Ανόργανη χημεία,Inorganic chemistry
Αξιωματικός,Bishop
Αξονική τομογραφία,Computed tomography
Αορτή,Aorta
Απαρέμφατο,Infinitive
Απειροστικός λογισμός,Calculus
Απογραφή,Census
Αποκάλυψη του Ιωάννη,Book of Revelation
Απολίθωμα,Fossil
Απολυταρχία,Absolutism
Απορρίμματα,Waste
Αποσαφήνιση,Disambiguation
Απουλία,Apulia
Απρίλιος,April
Απόκλιση αστέρος,Declination
Απόκριες,Carnival
Απόκρυφα,Apocrypha
Απόλλων,Apollo
Απόλυτο μηδέν,Absolute zero
Απόσταξη,Distillation
Απόσταση,Distance
Απόστολος Ανδρέας,Saint Andrew
Απόστολος Ιάκωβος,James
Απόστολος Πέτρος,Saint Peter
Απόστολος Παύλος,Paul the Apostle
Αράλη,Aral Sea
Αράχνη,Spider
Αρίσταρχος ο Σάμιος,Aristarchus of Samos
Αραβία,Arabian Peninsula
Αραβική γλώσσα,Arabic language
Αραβικό αλφάβητο,Arabic alphabet
Αραβικός Σύνδεσμος,Arab League
Αραγωνία,Aragon
Αραράτ,Mount Ararat
Αργία,Holiday
Αργίλιο,Aluminium
Αργεντινή,Argentina
Αργεντινή,Argentina
Αργό,Argon
Αρειανισμός,Arianism
Αρετή,Virtue
Αρθούρος Ρεμπώ,Arthur Rimbaud
Αρθούρος Σοπενχάουερ,Arthur Schopenhauer
Αρθρόποδα,Arthropod
Αριάδνη,Ariadne
Αριζόνα,Arizona
Αριθμητική,Arithmetic
Αριθμοί,Numbers
Αριθμομηχανή,Calculator
Αριθμός,Number
Αριθμός e,E
Αριθμός Μαχ,Mach number
Αριθμός π,Pi
Αριστοτέλης,Aristotle
Αριστοφάνης,Aristophanes
Αρκάντζελο Κορέλι,Arcangelo Corelli
Αρκούδα,Bear
Αρκτική,Arctic
Αρκτική αλεπού,Arctic fox
Αρκτικός Κύκλος,Arctic Circle
Αρκτικός Ωκεανός,Arctic Ocean
Αρλ,Arles
Αρμαντίλλο,Armadillo
Αρμενία,Armenia
Αρμενία,Armenia
Αρμενική γλώσσα,Armenian language
Αρμονία,Harmony
Αρουραίος,Rat
Αρούμπα,Aruba
Αρούμπα,Aruba
Αρπαγή της Ευρώπης,Europa
Αρσενικό,Arsenic
Αρτηρία,Artery
Αρτιοδάκτυλα,Even-toed ungulate
Αρχάγγελος Γαβριήλ,Gabriel
Αρχάγγελος Μιχαήλ,Michael
Αρχάγγελος Ραφαήλ,Raphael
Αρχή της απροσδιοριστίας,Uncertainty principle
Αρχή του Αρχιμήδη,Buoyancy
Αρχαία Αγορά,Agora
Αρχαία ελληνική γλώσσα,Ancient Greek
Αρχαία ιστορία,Ancient history
Αρχαία σκανδιναβική γλώσσα,Old Norse
Αρχαιοζωικός αιώνας,Archean
Αρχαιολογία,Archaeology
Αρχαιολογία,Archaeology
Αρχείο,Computer file
Αρχιεπίσκοπος,Archbishop
Αρχιμήδης,Archimedes
Αρχιπέλαγος,Archipelago
Αρχιπέλαγος Σβάλμπαρντ,Svalbard
Αρχιτεκτονική,Architecture
Αρχιτεκτονική,Architecture
Ασία,Asia
Ασία,Asia
Ασβέστιο,Calcium
Ασβεστόλιθος,Limestone
Ασθενής αλληλεπίδραση,Weak interaction
Ασθενόσφαιρα,Asthenosphere
Ασκληπιός,Asclepius
Ασμάρα,Asmara
Ασπίδα,Shield
Ασπιρίνη,Aspirin
Ασσουάν,Aswan
Ασσυρία,Assyria
Ασσυρία,Assyria
Αστέρας,Star
Αστέρας νετρονίων,Neutron star
Αστερισμός,Constellation
Αστεροειδής,Asteroid
Αστεροσκοπείο,Observatory
Αστραπή,Lightning
Αστρολάβος,Astrolabe
Αστρολογία,Astrology
Αστρομετρία,Astrometry
Αστρονομία,Astronomy
Αστρονομία,Astronomy
Αστρονομική μονάδα,Astronomical unit
Αστροφυσική,Astrophysics
Αστροφυσική,Astrophysics
Αστυνομία,Police
Ατέν,Aten
Ατακάμα,Atacama Desert
Ατλάντα,Atlanta
Ατλαντίδα,Atlantis
Ατλαντικός Ωκεανός,Atlantic Ocean
Ατλαντικός Ωκεανός,Atlantic Ocean
Ατμοσφαιρική πίεση,Atmospheric pressure
Ατμός,Steam
Ατμόσφαιρα,Atmosphere
Ατομική Φυσική,Atomic physics
Ατομική βόμβα,Nuclear weapon
Ατομικό βάρος,Atomic mass
Ατομικός αριθμός,Atomic number
Ατρέας,Atreus
Αττάλεια,Antalya
Αττίλας,Attila the Hun
Αττική,Attica
Ατόλη,Atoll
Αυγουστίνος Ιππώνος,Augustine of Hippo
Αυνανισμός,Masturbation
Αυστρία,Austria
Αυστρία,Austria
Αυστραλία,Australia
Αυστραλία,Australia
Αυστραλασία,Australasia
Αυστροουγγαρία,Austria-Hungary
Αυτί,Ear
Αυτισμός,Autism
Αυτοκίνητο,Automobile
Αυτοκρατορία,Empire
Αφαίρεση,Subtraction
Αφγανιστάν,Afghanistan
Αφγανιστάν,Afghanistan
Αφηρημένη τέχνη,Abstract art
Αφηρημένος Εξπρεσιονισμός,Abstract expressionism
Αφορμή πολέμου,Casus belli
Αφρικάανς γλώσσα,Afrikaans
Αφρική,Africa
Αφρική,Africa
Αφροδίτη,Aphrodite
Αφροδίτη,Venus
Αχέρων,Acheron
Αχιλλέας,Achilles
Αχλαδιά,Pear
Αψίδα θριάμβου,Triumphal arch
Αϊκίντο,Aikido
Αϊνσταΐνιο,Einsteinium
Αϊντάχο,Idaho
Αϊντχόφεν,Eindhoven
Αϊτή,Haiti
Αϊτή,Haiti
Αϊόβα,Iowa
Αύγουστος,August
Αύγουστος Κοντ,Auguste Comte
Αύγουστος Ροντέν,Auguste Rodin
Β' Παγκόσμιος Πόλεμος,World War II
Β' Σταυροφορία,Second Crusade
Β΄ Παγκόσμιος Πόλεμος,World War II
Βάλτερ Γκρόπιους,Walter Gropius
Βάπτισμα,Baptism
Βάρβαροι,Barbarian
Βάριο,Barium
Βάρνα,Varna
Βάση,Base
Βάση δεδομένων,Database
Βάτραχος,Frog
Βέγας,Vega
Βέλγιο,Belgium
Βέλγιο,Belgium
Βέλος,Arrow
Βέλος,Sagitta
Βένους,Venus
Βέρνερ φον Μπράουν,Wernher von Braun
Βέρνη,Berne
Βέστα,Vesta
Βήτα,Beta
Βία,Violence
Βίβιαν Λι,Vivien Leigh
Βίβλος,Bible
Βίκινγκ,Viking
Βίκτωρ Ουγκώ,Victor Hugo
Βίλλυ Μπραντ,Willy Brandt
Βίλνιους,Vilnius
Βίνσεντ βαν Γκογκ,Vincent van Gogh
Βαβυλώνα,Babylon
Βαγδάτη,Baghdad
Βακτήριο,Bacteria
Βαλένθια,Valencia
Βαλένθια,Valencia
Βαλέτα,Valletta
Βαλεαρίδες Νήσοι,Balearic Islands
Βαλκάνια,Balkans
Βαλκανικοί πόλεμοι,Balkan Wars
Βαλκυρίες,Valkyrie
Βαλτική Θάλασσα,Baltic Sea
Βαλτιμόρη,Baltimore
Βαλχάλλα,Valhalla
Βαμβάκι,Cotton
Βανάδιο,Vanadium
Βανίρ,Vanir
Βανδαλισμός,Vandalism
Βανκούβερ,Vancouver
Βανουάτου,Vanuatu
Βανουάτου,Vanuatu
Βαντούζ,Vaduz
Βαρκελώνη,Barcelona
Βαρκελώνη,Barcelona
Βαρομετρική μονάδα,Bar
Βαρσοβία,Warsaw
Βαρυτόνιο,Graviton
Βαρυόνιο,Baryon
Βαρόμετρο,Barometer
Βαρύ ύδωρ,Heavy water
Βαρύτητα,Gravitation
Βασίλειο,Kingdom
Βασίλειος Καισαρείας,Basil of Caesarea
Βασίλι Καντίνσκι,Wassily Kandinsky
Βασίλισσα,Queen
Βασιλεία,Basel
Βασιλιάς,King
Βασιλιάς Αρθούρος,King Arthur
Βασιλικό Ύδωρ,Aqua regia
Βασιλικός,Basil
Βαστίλη,Bastille
Βατ,Watt
Βατικανό,Vatican City
Βατικανό,Vatican City
Βαυαρία,Bavaria
Βαυαρία,Bavaria
Βαϊκάλη,Lake Baikal
Βαϊμάρη,Weimar
Βεγγάζη,Benghazi
Βεδουίνοι,Bedouin
Βεζούβιος,Mount Vesuvius
Βελανιδιά,Oak
Βελιγράδι,Belgrade
Βελλεροφόντης,Bellerophon
Βελτιστοποίηση,Optimization
Βενεδικτίνοι,Order of Saint Benedict
Βενεζουέλα,Venezuela
Βενεζουέλα,Venezuela
Βενετία,Venice
Βενζίνη,Gasoline
Βενιαμίν Φραγκλίνος,Benjamin Franklin
Βερίγγειος Πορθμός,Bering Strait
Βερικοκιά,Apricot
Βερμούδες,Bermuda
Βερμούδες,Bermuda
Βερολίνο,Berlin
Βερολίνο,Berlin
Βερσαλλίες,Palace of Versailles
Βηθλεέμ,Bethlehem
Βηρυτός,Beirut
Βηρύλλιο,Beryllium
Βιέννη,Vienna
Βιέννη,Vienna
Βιβλίο,Book
Βιβλιοθήκη,Library
Βιβλιοθηκονομία και Επιστήμη της Πληροφόρησης,Library science
Βιετνάμ,Vietnam
Βιετνάμ,Vietnam
Βιθυνία,Bithynia
Βικτωρία,Victoria
Βικτωρία Βρετανικής Κολομβίας,Victoria
Βιοαστρονομία,Astrobiology
Βιογεωγραφία,Biogeography
Βιολί,Violin
Βιολογία,Biology
Βιολογία,Biology
Βιολοντσέλο,Cello
Βιομάζα,Biomass
Βιομηχανική Eπανάσταση,Industrial Revolution
Βιοποικιλότητα,Biodiversity
Βιοτεχνολογία,Biotechnology
Βιοφυσική,Biophysics
Βιοχημεία,Biochemistry
Βιοχημεία,Biochemistry
Βιργίλιος,Virgil
Βιρτζίνια Γουλφ,Virginia Woolf
Βισκαϊκός κόλπος,Bay of Biscay
Βισμούθιο,Bismuth
Βισμπάντεν,Wiesbaden
Βιστούλας,Vistula
Βιταμίνη,Vitamin
Βιττόριο ντε Σίκα,Vittorio De Sica
Βιόλα,Viola
Βιόσφαιρα,Biosphere
Βλαδιβοστόκ,Vladivostok
Βλαντιμίρ Λένιν,Vladimir Lenin
Βλαντιμίρ Ναμπούκοφ,Vladimir Nabokov
Βλαντιμίρ Πούτιν,Vladimir Putin
Βοημία,Bohemia
Βοθνιακός κόλπος,Gulf of Bothnia
Βοκάκιος,Giovanni Boccaccio
Βολιβία,Bolivia
Βολιβία,Bolivia
Βολτ,Volt
Βολταίρος,Voltaire
Βολφράμιο,Tungsten
Βορειοδυτικά Εδάφη,Northwest Territories
Βορράς,North
Βοσνία και Ερζεγοβίνη,Bosnia and Herzegovina
Βοσνία και Ερζεγοβίνη,Bosnia and Herzegovina
Βοστώνη,Boston
Βοτανική,Botany
Βοτανική,Botany
Βοτανικός Κήπος,Botanical garden
Βουδαπέστη,Budapest
Βουδισμός,Buddhism
Βουκουρέστι,Bucharest
Βουλγάτα,Vulgate
Βουλγαρία,Bulgaria
Βουλγαρία,Bulgaria
Βουνό,Mountain
Βουργουνδία,Bourgogne
Βουτάνιο,Butane
Βούδας,Buddha
Βούληση,Free will
Βούλκαν,Vulcan
Βρέμη,Bremen
Βρέστη,Brest
Βραβεία Νόμπελ,Nobel Prize
Βραβείο Γκονκούρ,Prix Goncourt
Βραβείο Νόμπελ,Nobel Prize
Βραδεμβούργο,Brandenburg
Βραζιλία,Brazil
Βραζιλία,Brazil
Βρετανικά Νησιά,British Isles
Βρετανικές Παρθένοι Νήσοι,British Virgin Islands
Βρετανική Βασιλική Αεροπορία,Royal Air Force
Βρετανική Κολομβία,British Columbia
Βρετανοί,British people
Βροχή,Rain
Βροχή διαττόντων,Meteor shower
Βρούτος,Marcus Junius Brutus
Βρυξέλλες,Brussels
Βρώμη,Oat
Βρώμιο,Bromine
Βυζαντινή Αυτοκρατορία,Byzantine Empire
Βωμός,Ara
Βωξίτης,Bauxite
Βόλγας,Volga River
Βόλγογκραντ,Volgograd
Βόλφγκανγκ Αμαντέους Μότσαρτ,Wolfgang Amadeus Mozart
Βόμβα,Bomb
Βόννη,Bonn
Βόρεια Αμερική,North America
Βόρεια Αμερική,North America
Βόρεια Αφρική,North Africa
Βόρεια Θάλασσα,North Sea
Βόρεια Ιρλανδία,Northern Ireland
Βόρεια Κορέα,North Korea
Βόρεια Κορέα,North Korea
Βόρειες Μαριάνες Νήσοι,Northern Mariana Islands
Βόρειο Ημισφαίριο,Northern Hemisphere
Βόρειο Νησί,North Island
Βόρειος Πόλος,North Pole
Βόριο,Boron
Βόσπορος,Bosporus
Βότκα,Vodka
Γ' Σταυροφορία,Third Crusade
Γάιδαρος,Donkey
Γάλα,Milk
Γάλλιο,Gallium
Γάλλοι,French people
Γάμμα,Gamma
Γάμος,Marriage
Γάνδη,Ghent
Γάτα,Cat
Γέννηση,Childbirth
Γένοβα,Genoa
Γένος,Genus
Γέφυρα,Bridge
Γέφυρες,Bridges
Γήπεδα ποδοσφαίρου,Football  venues
Γαία,Gaia
Γαδολίνιο,Gadolinium
Γαιάνθρακας,Coal
Γαλάζιο,Cyan
Γαλέα,Galley
Γαλακτικό οξύ,Lactic acid
Γαλαξίας,Milky Way
Γαλαξίας της Ανδρομέδας,Andromeda Galaxy
Γαλαξίες,Galaxy
Γαληνός,Galen
Γαλικία,Galicia
Γαλιλαία,Galilee
Γαλιλαίος Γαλιλέι,Galileo Galilei
Γαλλία,France
Γαλλία,France
Γαλλική Επανάσταση,French Revolution
Γαλλική Επανάσταση,French Revolution
Γαλλική Πολυνησία,French Polynesia
Γαλλική Πολυνησία,French Polynesia
Γαλλικό Φράγκο,French franc
Γαλλοπρωσικός Πόλεμος,Franco-Prussian War
Γανυμήδης,Ganymede
Γανυμήδης,Ganymede
Γαριφαλόδενδρο,Clove
Γαστρεντερικό σύστημα,Gastrointestinal tract
Γατόπαρδος,Cheetah
Γελοιογραφία,Caricature
Γενίτσαροι,Janissary
Γενεαλογία,Family history
Γενεαλογία,Genealogy
Γενεαλογία,Genealogy
Γενετική,Genetics
Γενετική,Genetics
Γενεύη,Geneva
Γενική,Genitive case
Γενική σχετικότητα,General relativity
Γεννητικά όργανα,Sex organ
Γενοκτονία,Genocide
Γεράκι,Falcon
Γερανός,Grus
Γερμάνιο,Germanium
Γερμανία,Germany
Γερμανία,Germany
Γερμανική γλώσσα,German language
Γερμανικό Μάρκο,German mark
Γερμανικός Ποιμενικός,German Shepherd Dog
Γερουσία,Senate
Γεωγραφία,Geography
Γεωγραφία,Geography
Γεωγραφικό πλάτος,Latitude
Γεωδαισία,Geodesy
Γεωλογία,Geology
Γεωλογία,Geology
Γεωμετρία,Geometry
Γεωμετρία,Geometry
Γεωμορφολογία,Geomorphology
Γεωπολιτική,Geopolitics
Γεωργία,Georgia
Γεωργία,Georgia
Γεωργία,Georgia
Γεωργία Σάνδη,George Sand
Γεωφυσική,Geophysics
Γεωφυσική,Geophysics
Γεωχημεία,Geochemistry
Γη,Earth
Γη,Earth
Γη του Πυρός,Tierra del Fuego
Γιάλτα,Yalta
Γιάσερ Αραφάτ,Yasser Arafat
Γιαν Χους,Jan Hus
Γιβραλτάρ,Gibraltar
Γιβραλτάρ,Gibraltar
Γιερεβάν,Yerevan
Γιουγκοσλαβία,Yugoslavia
Γιουγκοσλαβία,Yugoslavia
Γιουνίπερος,Juniper
Γιουτλάνδη,Jutland
Γιοχάνες Κέπλερ,Johannes Kepler
Γιοχάνες Μπραμς,Johannes Brahms
Γιοχάνεσμπουργκ,Johannesburg
Γιούκον,Yukon
Γιούνο,Juno
Γιούπιτερ,Jupiter
Γιούρι Γκαγκάριν,Yuri Gagarin
Γιούτα,Utah
Γιόγκα,Yoga
Γιόζεφ Γκαίμπελς,Joseph Goebbels
Γιόχαν Βόλφγκανγκ Γκαίτε,Johann Wolfgang von Goethe
Γιόχαν Σεμπάστιαν Μπαχ,Johann Sebastian Bach
Γκάι Φωκς,Guy Fawkes
Γκάμπια,The Gambia
Γκάμπια,The Gambia
Γκάνα,Ghana
Γκάνα,Ghana
Γκέισα,Geisha
Γκέοργκ Βίλχελμ Φρήντριχ Χέγκελ,Georg Wilhelm Friedrich Hegel
Γκέοργκ Χαίντελ,George Frideric Handel
Γκέραρντ Κάιπερ,Gerard Kuiper
Γκέρνσεϊ,Guernsey
Γκέτεμποργκ,Gothenburg
Γκέτο,Ghetto
Γκίγκο,Ginkgo
Γκαμάλ Άμπντελ Νάσερ,Gamal Abdel Nasser
Γκαμπόν,Gabon
Γκαμπόν,Gabon
Γκανέσα,Ganesha
Γκαντζά,Ganja
Γκεμπ,Geb
Γκεστάπο,Gestapo
Γκιγιώμ Απολλιναίρ,Guillaume Apollinaire
Γκιλγκαμές,Gilgamesh
Γκιλοτίνα,Guillotine
Γκλουόνιο,Gluon
Γκο,Go
Γκολφ,Golf
Γκολφ,Golf
Γκουάμ,Guam
Γκουστάβ Κουρμπέ,Gustave Courbet
Γκούλαγκ,Gulag
Γκούσταβ Μάλερ,Gustav Mahler
Γκούσταφ Κλιμτ,Gustav Klimt
Γκράφιτι,Graffiti
Γκρέγκορ Μέντελ,Gregor Mendel
Γκρέιπ-φρουτ,Grapefruit
Γκρέτα Γκάρμπο,Greta Garbo
Γκρατς,Graz
Γκρενόμπλ,Grenoble
Γκρι,Grey
Γκρόζνυ,Grozny
Γκόλντα Μέιρ,Golda Meir
Γλασκώβη,Glasgow
Γλυκοπατάτα,Sweet potato
Γλυπτική,Sculpture
Γλυπτική,Sculpture
Γλυφείον,Caelum
Γλωσσολογία,Linguistics
Γλωσσολογία,Linguistics
Γλύπτης,Sculptor
Γλώσσα,Language
Γλώσσα,Tongue
Γλώσσα μηχανής,Machine code
Γλώσσα προγραμματισμού,Programming language
Γνωσιακή επιστήμη,Cognitive science
Γνωστική ψυχολογία,Cognitive psychology
Γνωστικισμός,Gnosticism
Γνώμων,Norma
Γνώση,Knowledge
Γολγοθάς,Calvary
Γονίδιο,Gene
Γονιδίωμα,Genome
Γορίλας,Gorilla
Γοργόνες,Gorgon
Γουΐλιαμ Τζέιμς,William James
Γουάιτχορς,Whitehorse
Γουίνιπεγκ,Winnipeg
Γουαγιακίλ,Guayaquil
Γουαδελούπη,Guadeloupe
Γουανίνη,Guanine
Γουατεμάλα,Guatemala
Γουιάνα,Guyana
Γουινέα,Guinea
Γουινέα,Guinea
Γουινέα-Μπισσάου,Guinea-Bissau
Γουινέα-Μπισσάου,Guinea-Bissau
Γουλιέλμο Μαρκόνι,Guglielmo Marconi
Γουτεμβέργιος,Johannes Gutenberg
Γουόλτερ Σκοτ,Walter Scott
Γούντι Άλεν,Woody Allen
Γούντροου Ουίλσον,Woodrow Wilson
Γρίπη,Influenza
Γραβάτα,Necktie
Γραμμάριο,Gram
Γραμμή,Line
Γραμματική,Grammar
Γραμματική,Grammar
Γραμματικό γένος,Grammatical gender
Γραμματόσημο,Postage stamp
Γραμμική Άλγεβρα,Linear algebra
Γραμμομόριο,Mole
Γρανάδα,Granada
Γραφικό Περιβάλλον Χρήστη,Graphical user interface
Γραφιστική,Graphic design
Γραφιστική,Graphic design
Γραφομηχανή,Typewriter
Γρενάδα,Grenada
Γρηγοριανό ημερολόγιο,Gregorian calendar
Γροιλανδία,Greenland
Γροιλανδία,Greenland
Γρύπας,Griffin
Γυαλί,Glass
Γυαλιά,Glasses
Γυμνόσπερμο,Gymnosperm
Γυναίκα,Woman
Γυπαετός,Lammergeier
Γυροσκόπιο,Gyroscope
Γωνία,Angle
Γύρος της Γαλλίας,Tour de France
Γύψος,Gypsum
Δ' Σταυροφορία,Fourth Crusade
Δάνειο,Loanword
Δάντης Αλιγκέρι,Dante Alighieri
Δάσος,Forest
Δάφνη,Bay Laurel
Δάφνη,Daphne
Δέκα εντολές,Ten Commandments
Δέλτα,Delta
Δένδρο των Χριστουγέννων,Christmas tree
Δέρμα,Skin
Δήμαρχος,Burgomaster
Δήμαρχος,Mayor
Δήμητρα,Demeter
Δήμος,Municipality
Δίας,Jupiter
Δίας,Zeus
Δίας,Zeus
Δίδυμοι,Gemini
Δίκαιο,Law
Δίκαιο,Law
Δίκτυο ευρείας περιοχής,Wide area network
Δίκτυον,Reticulum
Δίοδος,Diode
Δίοδος Εκπομπής Φωτός,Light-emitting diode
Δίσεκτο έτος,Leap year
Δαίδαλος,Daedalus
Δαβίδ,David
Δακτύλιος,Ring
Δαλάι Λάμα,Dalai Lama
Δαλματία,Dalmatia
Δαμάσκηνο,Plum
Δαμασκός,Damascus
Δανία,Denmark
Δανία,Denmark
Δαρβίνος,Darwin
Δαρδανέλια,Dardanelles
Δείκτης Νοημοσύνης,Intelligence quotient
Δείμος,Deimos
Δεδομένα,Data
Δεινόσαυρος,Dinosaur
Δεκέμβριος,December
Δεκαδικό Σύστημα Ταξινόμησης Dewey,Dewey Decimal Classification
Δεκαδικό σύστημα,Decimal
Δεκαεξαδικό σύστημα αρίθμησης,Hexadecimal
Δεκαετία 1870,1870s
Δεκαετία 1880,1880s
Δεκαετία 1890,1890s
Δεκαετία 1900,1900s
Δεκαετία 1900,1900s
Δεκαετία 1920,1920s
Δεκαετία 1920,1920s
Δεκαετία 1930,1930s
Δεκαετία 1930,1930s
Δεκαετία 1940,1940s
Δεκαετία 1940,1940s
Δεκαετία 1950,1950s
Δεκαετία 1950,1950s
Δεκαετία 1960,1960s
Δεκαετία 1960,1960s
Δεκαετία 1970,1970s
Δεκαετία 1970,1970s
Δεκαετία 1980,1980s
Δεκαετία 1980,1980s
Δεκαετία 1990,1990s
Δεκαετία 1990,1990s
Δελφίν,Delphinus
Δελφοί,Delphi
Δενδρολίβανο,Rosemary
Δεξαμενή σκέψης,Think tank
Δεσμός υδρογόνου,Hydrogen bond
Δευτέρα,Monday
Δευτεροβάθμια εξίσωση,Quadratic equation
Δευτερόλεπτο,Second
Δηλητήριο,Poison
Δημήτριο,Cerium
Δημοκρατία,Democracy
Δημοκρατία της Βαϊμάρης,Weimar Republic
Δημοκρατία της Ιρλανδίας,Republic of Ireland
Δημοκρατία της Κίνας,Republic of China
Δημοκρατία της Τσετσενίας,Chechnya
Δημοκρατία του Κονγκό,Republic of the Congo
Δημοκρατία του Κονγκό,Republic of the Congo
Δημοκρατικό Κόμμα,Democratic Party
Δημοσθένης,Demosthenes
Δημοψήφισμα,Referendum
Δημόκριτος,Democritus
Δημόσιες Σχέσεις,Public relations
Διάβρωση,Erosion
Διάθλαση,Refraction
Διάκονος,Deacon
Διάλυμα,Solution
Διάμετρος,Diameter
Διάνυσμα,Vector
Διάσπαση βήτα,Beta decay
Διάσταση,Dimension
Διάχυση,Diffusion
Διαβήτης,Circinus
Διαβήτης,Compass
Διαβήτης,Diabetes mellitus
Διαδίκτυο,Internet
Διαδίκτυο,Internet
Διαιθυλαμίδιο του λυσεργικού οξέος,Lysergic acid diethylamide
Διακύμανση,Variance
Διαλεκτική,Dialectic
Διαμάντι,Diamond
Διανοητική ιδιοκτησία,Intellectual property
Διαστημικό Λεωφορείο,Space Shuttle
Διαφήμιση,Advertising
Διαφορά δυναμικού,Voltage
Διαφορική Εξίσωση,Differential equation
Διεθνές Δίκαιο,International law
Διεθνές Δικαστήριο της Δικαιοσύνης,International Court of Justice
Διεθνές Νομισματικό Ταμείο,International Monetary Fund
Διεθνές σύστημα μονάδων,International System of Units
Διεθνής Οργανισμός Πολιτικής Αεροπορίας,International Civil Aviation Organization
Διεθνής γκρανμαίτρ,Grandmaster
Διερμηνέας,Interpreter
Δικαστήριο,Court
Δικηγόρος,Lawyer
Δικοτυλήδονο,Dicotyledon
Δικτατορία,Dictatorship
Διοίκηση,Management
Διοκλητιανός,Diocletian
Διοξείδιο του άνθρακα,Carbon dioxide
Διοξείδιο του θείου,Sulfur dioxide
Διπλωματία,Diplomacy
Διπολική διαταραχή,Bipolar disorder
Διόνυσος,Dionysus
Διώρυγα Παναμά,Panama Canal
Διώρυγα Σουέζ,Suez Canal
Δνείπερος,Dnieper River
Δολάριο ΗΠΑ,United States dollar
Δομήνικος Θεοτοκόπουλος,El Greco
Δομινικανή Δημοκρατία,Dominican Republic
Δομινικανή Δημοκρατία,Dominican Republic
Δον Κιχώτης,Don Quixote
Δοράς,Dorado
Δοτική,Dative case
Δουβλίνο,Dublin
Δουλεία,Slavery
Δουνκέρκη,Dunkirk
Δούναβης,Danube
Δούρειος Ίππος,Trojan Horse
Δούρειος Ίππος,Trojan horse
Δράκοντας,Dragon
Δράκουλας,Dracula
Δράκων,Draco
Δράμα,Drama
Δρέσδη,Dresden
Δρομολογητής,Router
Δρυίδες,Druid
Δρόσος,Dew
Δυαλισμός,Dualism
Δυναμική,Dynamics
Δυναστεία Μινγκ,Ming Dynasty
Δυναστεία των Πτολεμαίων,Ptolemaic dynasty
Δυσλεξία,Dyslexia
Δυσπρόσιο,Dysprosium
Δυστοπία,Dystopia
Δυτική Όχθη,West Bank
Δυτική Αυστραλία,Western Australia
Δυτική Σαχάρα,Western Sahara
Δυτική Σαχάρα,Western Sahara
Δωδεκάνησα,Dodecanese
Δωρικός ρυθμός,Doric order
Δόγμα,Dogma
Δόντι,Tooth
Δύναμη,Force
ΕΤΑ,ETA
Είδος,Species
Εβδομάδα,Week
Εβραίοι,Jew
Εβραϊκό ημερολόγιο,Hebrew calendar
Εγκεφαλικό επεισόδιο,Stroke
Εγκληματολογία,Criminology
Εγκληματολογία,Criminology
Εγκυκλοπαίδεια,Encyclopedia
Εγκυμοσύνη,Pregnancy
Εδέμ,Garden of Eden
Εδιμβούργο,Edinburgh
Εθνικισμός,Nationalism
Εθνικισμός,Nationalism
Εθνικοσοσιαλιστικό Γερμανικό Εργατικό Κόμμα,Nazi Party
Εθνικό πάρκο Γιοσέμιτι,Yosemite National Park
Εθνικός ύμνος,National anthem
Εθνολογία,Ethnology
Εθνόσημο,Coat of arms
Ειδική σχετικότητα,Special relativity
Εικονική Πραγματικότητα,Virtual reality
Εικονοστοιχείο,Pixel
Ειρηναίος της Λυών,Irenaeus
Ειρηνικός Ωκεανός,Pacific Ocean
Ειρηνικός Ωκεανός,Pacific Ocean
Εκάτη,Hecate
Εκατονταετής πόλεμος,Hundred Years' War
Εκατοστόμετρο,Centimetre
Εκκεντρότητα,Eccentricity
Εκκλησία,Church
Εκκρεμεί παραπομπή,Fact
Εκλογές,Election
Εκπαίδευση,Education
Εκπαίδευση,Education
Εκτάριο,Hectare
Εκτελεστική εξουσία,Executive
Ελ Σαλβαδόρ,El Salvador
Ελ Σαλβαδόρ,El Salvador
Ελ Σιντ,El Cid
Ελάμ,Elam
Ελάτη,Fir
Ελάφι,Deer
Ελένη,Helen
Ελέφαντας,Elephant
Ελία Καζάν,Elia Kazan
Ελίζαμπεθ Τέιλορ,Elizabeth Taylor
Ελαιόλαδο,Olive oil
Ελβετία,Switzerland
Ελβετία,Switzerland
Ελβετικό Φράγκο,Swiss franc
Ελβετοί,Swiss people
Ελευθεροτεκτονισμός,Freemasonry
Ελιά,Olive
Ελικόπτερο,Helicopter
Ελλάδα,Greece
Ελλάδα,Greece
Ελληνική μυθολογία,Greek mythology
Ελληνική μυθολογία,Greek mythology
Ελληνικό αλφάβητο,Greek alphabet
Ελληνικό αλφάβητο,Greek alphabet
Ελονοσία,Malaria
Ελσίνκι,Helsinki
Εμμάνουελ Καντ,Immanuel Kant
Εμπεδοκλής,Empedocles
Εμφύλιος πόλεμος,Civil war
Ενέργεια,Energy
Ενέργεια,Energy
Εναλλακτική ιατρική,Alternative medicine
Εναλλασσόμενο ρεύμα,Alternating current
Ενθαλπία,Enthalpy
Ενρίκο Φέρμι,Enrico Fermi
Εντγκάρ Ντεγκά,Edgar Degas
Εντροπία,Entropy
Εξάτμιση,Evaporation
Εξάχνωση,Sublimation
Εξέλιξη,Evolution
Εξίσωση,Equation
Εξαερωτήρας,Carburetor
Εξελικτική ψυχολογία,Developmental psychology
Εξισώσεις Μάξγουελ,Maxwell's equations
Εξκάλιμπερ,Excalibur
Εξπρεσιονισμός,Expressionism
Εξυπηρετητής,Server
Επέκταση,Stub
Επίκουρος,Epicurus
Επίκτητος,Epictetus
Επίσκοπος,Bishop
Επαγωγή,Inductive reasoning
Επανάσταση,Revolution
Επεξεργαστής εγγράφου,Word processor
Επιδημιολογία,Epidemiology
Επιθέσεις της 11ης Σεπτεμβρίου 2001,September 11
Επικοινωνία,Communication
Επιληψία,Epilepsy
Επιμηθέας,Epimetheus
Επινεφρίνη,Epinephrine
Επιστήμες Μηχανικών,Mechanical engineering
Επιστήμη,Science
Επιστήμη,Science
Επιστήμη συστημάτων,Cybernetics
Επιστήμη υπολογιστών,Computer science
Επιστήμη υπολογιστών,Computer science
Επιστήμονας,Scientist
Επιστημονική μέθοδος,Scientific method
Επιστημονική φαντασία,Science fiction
Επιτάχυνση,Acceleration
Επιταγή,Cheque
Επιτραπέζια αντισφαίριση,Table tennis
Επιτραπέζιο,Board game
Επιφανειακή τάση,Surface tension
Επιχείρηση,Business
Επιχειρηματίες,Businesspeople
Εποχές,Season
Εποχή του Λίθου,Stone Age
Εποχή του Σιδήρου,Iron Age
Εποχή του Χαλκού,Bronze Age
Επταετής Πόλεμος,Seven Years' War
Ερατοσθένης ο Κυρηναίος,Eratosthenes
Ερατώ,Erato
Εργαλείο,Tool
Εργατικό κόμμα,Labour Party
Εργοστάσιο,Factory
Ερμής,Hermes
Ερμής,Mercury
Ερνέστο Τσε Γκεβάρα,Che Guevara
Ερπετό,Reptile
Ερρίκος Ίψεν,Henrik Ibsen
Ερρίκος Σλήμαν,Heinrich Schliemann
Ερυθρά Θάλασσα,Red Sea
Ερυθραία,Eritrea
Ερυθρός γίγαντας,Red giant
Ερυθρός νάνος,Red dwarf
Εσθονία,Estonia
Εσπεράντο,Esperanto
Εσπερίδες,Hesperides
Εστία,Hestia
Εσχατολογία,Eschatology
Εσωτερική Μογγολία,Inner Mongolia
Ευαγγέλιο,Gospel
Ευαγγελισμός της Θεοτόκου,Annunciation
Ευαντζελίστα Τοριτσέλι,Evangelista Torricelli
Ευγενή αέρια,Noble gas
Ευθανασία,Euthanasia
Ευκάλυπτος,Eucalyptus
Ευκλείδεια γεωμετρία,Euclidean geometry
Ευκλείδης,Euclid
Ευρασία,Eurasia
Ευρεσιτεχνία,Patent
Ευριπίδης,Euripides
Ευρυφάεσσα,Theia
Ευρωπαϊκή Ένωση,European Union
Ευρωπαϊκή Ένωση,European Union
Ευρωπαϊκή Κεντρική Τράπεζα,European Central Bank
Ευρωπαϊκή Κοινότητα,European Community
Ευρώ,Euro
Ευρώπη,Europa
Ευρώπη,Europe
Ευρώπη,Europe
Ευρώπιο,Europium
Ευσέβιος ο Καισαρείας,Eusebius of Caesarea
Ευτέρπη,Euterpe
Ευφράτης,Euphrates
Εφεύρεση,Invention
Εφημερόπτερα,Mayfly
Εύα Μπράουν,Eva Braun
Ζάγκρεμπ,Zagreb
Ζάμπια,Zambia
Ζάμπια,Zambia
Ζάχαρη,Sugar
Ζέβρα,Zebra
Ζήνων,Zeno
Ζήνων ο Ελεάτης,Zeno of Elea
Ζήνων ο Κιτιεύς,Zeno of Citium
Ζήτα,Zeta
Ζίου Ζίτσου,Jujutsu
Ζακ Όφενμπαχ,Jacques Offenbach
Ζακ Καρτιέ,Jacques Cartier
Ζαν Ζακ Ρουσσώ,Jean-Jacques Rousseau
Ζαν-Πωλ Σαρτρ,Jean-Paul Sartre
Ζανζιβάρη,Zanzibar
Ζαφείρι,Sapphire
Ζενίθ,Zenith
Ζιμπάμπουε,Zimbabwe
Ζιμπάμπουε,Zimbabwe
Ζιρκόνιο,Zirconium
Ζουλού,Zulu
Ζυγός,Libra
Ζωή,Life
Ζωή,Life
Ζωγραφική,Painting
Ζωολογία,Zoology
Ζωολογία,Zoology
Ζωρζ Μπρακ,Georges Braque
Ζωροάστρης,Zoroaster
Ζύμωση,Fermentation
Ζώνη του Κάιπερ,Kuiper belt
Ζώνη ώρας,Time zone
Ζώο,Animal
Ηθική,Ethics
Ηθική,Ethics
Ηθοποιός,Actor
Ηλέκτρα,Electra
Ηλίας,Elijah
Ηλεκτρική αντίσταση,Electrical resistance
Ηλεκτρικό πεδίο,Electric field
Ηλεκτρικό ρεύμα,Electric current
Ηλεκτρικό φορτίο,Electric charge
Ηλεκτρισμός,Electricity
Ηλεκτροκαρδιογράφημα,Electrocardiogram
Ηλεκτρομαγνητική ακτινοβολία,Electromagnetic radiation
Ηλεκτρομαγνητισμός,Electromagnetism
Ηλεκτρομαγνητισμός,Electromagnetism
Ηλεκτρονική,Electronics
Ηλεκτρονική,Electronics
Ηλεκτρονικό παιχνίδι,Video game
Ηλεκτρονικό ταχυδρομείο,E-mail
Ηλεκτρονικός υπολογιστής,Computer
Ηλεκτρονόμος,Relay
Ηλεκτροχημεία,Electrochemistry
Ηλεκτρόλυση,Electrolysis
Ηλεκτρόνιο,Electron
Ηλιακή ενέργεια,Solar energy
Ηλιακό Σύστημα,Solar System
Ηλιακό σύστημα,Solar System
Ηλιοστάσιο,Solstice
Ημέρα των Ευχαριστιών,Thanksgiving
Ημέρες του έτους,Days
Ημερολόγιο,Calendar
Ημιαγωγός,Semiconductor
Ηνίοχος,Auriga
Ηνωμένα Αραβικά Εμιράτα,United Arab Emirates
Ηνωμένα Αραβικά Εμιράτα,United Arab Emirates
Ηνωμένες Πολιτείες,United States
Ηνωμένες Πολιτείες της Αμερικής,United States
Ηνωμένο Βασίλειο,United Kingdom
Ηνωμένο Βασίλειο,United Kingdom
Ηπατίτιδα,Hepatitis
Ηράκλειτος,Heraclitus
Ηρακλής,Heracles
Ηρακλής,Hercules
Ηρακλής,Hercules
Ηριδανός,Eridanus
Ηρόδοτος,Herodotus
Ησίοδος,Hesiod
Ηφαίστειο,Volcano
Ηφαιστειολογία,Volcanology
Ηχείο,Loudspeaker
Ηώς,Eos
Θάλασσα,Sea
Θάλασσα Αζόφ,Sea of Azov
Θάλασσα Μπάρεντς,Barents Sea
Θάλασσα Μποφόρ,Beaufort Sea
Θάλασσα της Τασμανίας,Tasman Sea
Θάλασσα του Μαρμαρά,Sea of Marmara
Θάλασσα των κοραλλίων,Coral Sea
Θάλεια,Thalia
Θάλλιο,Thallium
Θάνατος,Death
Θάνατος,Thanatos
Θέατρο,Theatre
Θέατρο,Theatre
Θέμις,Themis
Θέτις,Thetis
Θήβα,Thebes
Θήβαι,Thebes
Θήβη,Thebe
Θήτα,Theta
Θαλής,Thales
Θανατική ποινή,Capital punishment
Θαύμα,Miracle
Θεία Ευχαριστία,Eucharist
Θείο,Sulfur
Θειικό οξύ,Sulfuric acid
Θεμελιώδης,Fundamental
Θεμελιώδης αλληλεπίδραση,Fundamental interaction
Θεμιστοκλής,Themistocles
Θεοδόσιος Α',Theodosius I
Θεολογία,Theology
Θεοφάνια,Epiphany
Θερμίδα,Calorie
Θερμοδυναμική,Thermodynamics
Θερμοδυναμική,Thermodynamics
Θερμοκήπιο,Greenhouse
Θερμοκρασία,Temperature
Θερμοπίδακας,Geyser
Θερμόμετρο,Thermometer
Θερμότητα,Heat
Θεσμός,Institution
Θεσσαλία,Thessaly
Θεσσαλονίκη,Thessaloniki
Θεωρία Χορδών,String theory
Θεωρία παιγνίων,Game theory
Θεωρία συνόλων,Set theory
Θεωρία της Σχετικότητας,Principle of relativity
Θεωρία-Μ,M-theory
Θεόδωρος Ρούζβελτ,Theodore Roosevelt
Θεός,God
Θηλαστικό,Mammal
Θησέας,Theseus
Θιβέτ,Tibet
Θιβέτ,Tibet
Θουκυδίδης,Thucydides
Θουριγγία,Thuringia
Θούλιο,Thulium
Θράκη,Thrace
Θρησκεία,Religion
Θρησκεία,Religion
Θρησκευτικές ποινές,Excommunication
Θρύλος,Legend
Θυμάρι,Thyme
Θυμίνη,Thymine
Θυρεοειδής Αδένας,Thyroid
Θωθ,Thoth
Θωμάς Ακινάτης,Thomas Aquinas
Θωρ,Thor
Θόριο,Thorium
Ι.Μ. Πέι,I. M. Pei
Ιάβα,Java
Ιάσονας,Jason
Ιακώβ,Jacob
Ιανουάριος,January
Ιανός,Janus
Ιανός,Janus
Ιαπετός,Iapetus
Ιαπωνία,Japan
Ιαπωνία,Japan
Ιατρικές υποθέσεις,House
Ιατρική,Medicine
Ιατρική,Medicine
Ιβάν Παβλόφ,Ivan Pavlov
Ιβάν Τουργκένιεφ,Ivan Turgenev
Ιβηρική Χερσόνησος,Iberian Peninsula
Ιγκόρ Στραβίνσκι,Igor Stravinsky
Ιδεαλισμός,Idealism
Ιδεολογία,Ideology
Ιερέας,Priest
Ιερακόμορφα,Falconiformes
Ιερουσαλήμ,Jerusalem
Ιερουσαλήμ,Jerusalem
Ιερώνυμος Μπος,Hieronymus Bosch
Ιζηματογενές πέτρωμα,Sedimentary rock
Ιησούς Χριστός,Jesus
Ιθάκη,Ithaca
Ιλιάδα,Iliad
Ιλλυρία,Illyria
Ιμαλάια,Himalayas
Ιμπεριαλισμός,Imperialism
Ιμπρεσιονισμός,Impressionism
Ινδία,India
Ινδία,India
Ινδικός Ωκεανός,Indian Ocean
Ινδικός Ωκεανός,Indian Ocean
Ινδονησία,Indonesia
Ινδονησία,Indonesia
Ινδουισμός,Hinduism
Ινδουισμός,Hinduism
Ινδός,Indus
Ινδός ποταμός,Indus River
Ινσουλίνη,Insulin
Ιντιάνα,Indiana
Ιξώδες,Viscosity
Ιοβιανός,Jovian
Ιονόσφαιρα,Ionosphere
Ιορδάνης ποταμός,Jordan River
Ιορδανία,Jordan
Ιορδανία,Jordan
Ιουδαία,Judea
Ιουδαϊσμός,Judaism
Ιουδαϊσμός,Judaism
Ιουλιανό ημερολόγιο,Julian calendar
Ιουλιανός,Julian the Apostate
Ιουστινιανός Α',Justinian I
Ιούλιος,July
Ιούλιος Βερν,Jules Verne
Ιούλιος Καίσαρας,Julius Caesar
Ιούνιος,June
Ιππίδες,Equidae
Ιπποκράτης,Hippocrates
Ιπποπόταμος,Hippopotamus
Ιράκ,Iraq
Ιράκ,Iraq
Ιράν,Iran
Ιράν,Iran
Ιρίδιο,Iridium
Ιρλανδία,Ireland
Ιρλανδία,Ireland
Ιρλανδία,Republic of Ireland
Ιρλανδοί,Irish people
Ισαάκ,Isaac
Ισαάκ Ασίμωφ,Isaac Asimov
Ισαάκ Νεύτων,Isaac Newton
Ισημερία,Equinox
Ισημερινή Γουινέα,Equatorial Guinea
Ισημερινή Γουινέα,Equatorial Guinea
Ισημερινός,Ecuador
Ισημερινός,Ecuador
Ισημερινός,Equator
Ισθμός,Isthmus
Ισιδώρα Ντάνκαν,Isadora Duncan
Ισλάμ,Islam
Ισλάμ,Islam
Ισλαμαμπάντ,Islamabad
Ισλανδία,Iceland
Ισλανδία,Iceland
Ισομέρεια,Isomer
Ισορόκου Γιαμαμότο,Isoroku Yamamoto
Ισπανία,Spain
Ισπανία,Spain
Ισπανικός Εμφύλιος,Spanish Civil War
Ισπανοί,Spanish people
Ισραήλ,Israel
Ισραήλ,Israel
Ιστία,Vela
Ιστολογία,Histology
Ιστολόγιο,Blog
Ιστορία,History
Ιστορία,History
Ιστορία της τέχνης,Art history
Ιστοσελίδα,Web page
Ιστότοπος,Website
Ισφαχάν,Esfahan
Ισχύς,Power
Ισότοπο,Isotope
Ιταλία,Italy
Ιταλία,Italy
Ιταλική χερσόνησος,Italian Peninsula
Ιτιά,Willow
Ιχθυολογία,Ichthyology
Ιχθύες,Pisces
Ιχθύς Ιπτάμενος,Volans
Ιωάννα της Λωραίνης,Joan of Arc
Ιωάννης Καλβίνος,John Calvin
Ιωάννης ο Χρυσόστομος,John Chrysostom
Ιωνία,Ionia
Ιωσήφ Στάλιν,Joseph Stalin
Ιόν,Ion
Ιόνιο Πέλαγος,Ionian Sea
Ιός,Computer virus
Ιός,Virus
Ιώ,Io
Ιώ,Io
Ιώδιο,Iodine
Ιώσηπος Φλάβιος,Josephus
Ιώτα,Iota
Κάαμπα,Kaaba
Κάβουρας,Crab
Κάδμιο,Cadmium
Κάδμος,Cadmus
Κάθριν Χέπμπορν,Katharine Hepburn
Κάιρο,Cairo
Κάλιο,Potassium
Κάμβρια περίοδος,Cambrian
Κάμινος,Fornax
Κάνναβις,Cannabis
Κάννες,Cannes
Κάνωπος,Canopus
Κάουνας,Kaunas
Κάππα,Kappa
Κάρμα,Karma
Κάρντιφ,Cardiff
Κάρολος Δαρβίνος,Charles Darwin
Κάρολος Λινναίος,Carolus Linnaeus
Κάρολος Μπωντλαίρ,Charles Baudelaire
Κάτοπτρο,Mirror
Κάτω Σαξωνία,Lower Saxony
Κέδρος,Cedar
Κέιπ Τάουν,Cape Town
Κέμνιτς,Chemnitz
Κέμπριτζ,Cambridge
Κένταυρος,Centaur
Κένταυρος,Centaurus
Κέντρο μάζας,Center of mass
Κένυα,Kenya
Κένυα,Kenya
Κέρας της Αφρικής,Horn of Africa
Κέρβερος,Cerberus
Κέρες,Ceres
Κέτσαπ,Ketchup
Κέτσουα γλώσσα,Quechua
Κήπος,Garden
Κήτος,Cetus
Κίεβο,Kiev
Κίνα,China
Κίνηση,Motion
Κίνηση Μπράουν,Brownian motion
Κίρκη,Circe
Κίτο,Quito
Κίτρινη Θάλασσα,Yellow Sea
Κίτρινο,Yellow
Καίσιο,Caesium
Καγιέν,Cayenne
Καγκουρό,Kangaroo
Καζάν,Kazan
Καζίνο,Casino
Καζακστάν,Kazakhstan
Καζακστάν,Kazakhstan
Καζαμπλάνκα,Casablanca
Καθολική Εκκλησία,Roman Catholic Church
Καινή Διαθήκη,New Testament
Καινοτομία,Innovation
Καιρός,Weather
Καλαί,Calais
Καλαβρία,Calabria
Καλαθοσφαίριση,Basketball
Καλαθοσφαίριση,Basketball
Καλαμπόκι,Maize
Καλδέρα,Caldera
Καλιφόρνια,California
Καλιφόρνια,California
Καλιφόρνιο,Californium
Καλλιστώ,Callisto
Καλλιστώ,Callisto
Καλλιτεχνικό πατινάζ,Figure skating
Καλλιόπη,Calliope
Καλοκαίρι,Summer
Καλυψώ,Calypso
Καμήλα,Camel
Καμερούν,Cameroon
Καμερούν,Cameroon
Καμηλοπάρδαλη,Giraffe
Καμικάζι,Kamikaze
Καμπάλα,Kampala
Καμπέρα,Canberra
Καμπανία Ιταλίας,Campania
Καμπότζη,Cambodia
Καμπότζη,Cambodia
Κανάριες Νήσοι,Canary Islands
Κανάριες νήσοι,Canary Islands
Καναδάς,Canada
Καναδάς,Canada
Κανονικό πεντάγωνο,Pentagon
Καντάτα,Cantata
Καντώνα,Guangzhou
Καουτσούκ,Rubber
Καπέλα Σιξτίνα,Sistine Chapel
Καπιταλισμός,Capitalism
Καπνός,Tobacco
Καππαδοκία,Cappadocia
Καράκας,Caracas
Καράτε,Karate
Καράτσι,Karachi
Καραβάτζιο,Caravaggio
Καραϊβική Θάλασσα,Caribbean Sea
Καρδιά,Heart
Καρδινάλιος,Cardinal
Καρκίνος,Cancer
Καρκίνος,Cancer
Καρκίνος του πνεύμονα,Lung cancer
Καρκινική επιγραφή,Palindrome
Καρλ Γκούσταβ Γιουνγκ,Carl Jung
Καρλ Μαρξ,Karl Marx
Καρλομάγνος,Charlemagne
Καρπάθια Όρη,Carpathian Mountains
Καρπούζι,Watermelon
Καρτεσιανό σύστημα συντεταγμένων,Cartesian coordinate system
Καρυδιά,Walnut
Καρφί,Nail
Καρχαρίας,Shark
Καρχηδόνα,Carthage
Καρότο,Carrot
Κασπία Θάλασσα,Caspian Sea
Κασσάνδρα,Cassandra
Κασσίτερος,Tin
Κασσιόπη,Cassiopeia
Καστανιά,Chestnut
Κατά Λουκάν Ευαγγέλιον,Gospel of Luke
Κατάρ,Qatar
Κατάρ,Qatar
Κατάσταση της ύλης,Phase
Κατάφρακτος,Cataphract
Καταδρομικό,Cruiser
Κατακλυσμός του Νώε,Deluge
Καταλωνία,Catalonia
Καταλωνία,Catalonia
Καταλύτης,Catalysis
Καταρράκτης,Waterfall
Καταρχαιοζωικός αιώνας,Hadean
Κατοβίτσε,Katowice
Κατοικία,House
Κατσίκα,Goat
Κατσαβίδι,Screwdriver
Κατσαρίδα,Cockroach
Κατσουσίκα Χοκουσάι,Hokusai
Καφέ αρκούδα,Brown Bear
Καφές,Coffee
Καφές,Coffee
Καύκασος,Caucasus
Καύση,Combustion
Κβάζαρ,Quasar
Κβαντική Μηχανική,Quantum mechanics
Κβαντική μηχανική,Quantum mechanics
Κεμπέκ,Quebec
Κεμπέκ,Quebec
Κεμπέκ,Quebec City
Κεντ,Kent
Κεντρική Αμερική,Central America
Κεντρική Αμερική,Central America
Κεντρική Μονάδα Επεξεργασίας,Central processing unit
Κεντρική Τράπεζα,Central bank
Κεντρικός υπολογιστής,Mainframe computer
Κεντροαφρικανική Δημοκρατία,Central African Republic
Κεντροαφρικανική Δημοκρατία,Central African Republic
Κενό,Vacuum
Κεραμική,Ceramic
Κερασιά,Cherry
Κετζαλκοάτλ,Quetzalcoatl
Κετόνη,Ketone
Κεχριμπάρι,Amber
Κητώδη,Cetacea
Κηφεύς,Cepheus
Κιβωτός της Διαθήκης,Ark of the Covenant
Κιγκάλι,Kigali
Κιθάρα,Guitar
Κιλιμάντζαρο,Mount Kilimanjaro
Κιλοβατώρα,Watt-hour
Κιλομπάιτ,Kilobyte
Κιμπούτς,Kibbutz
Κινηματική,Kinematics
Κινηματογράφος,Film
Κινηματογράφος,Film
Κινητική ενέργεια,Kinetic energy
Κινητό τηλέφωνο,Mobile phone
Κιούριο,Curium
Κιργιζία,Kyrgyzstan
Κιργιζία,Kyrgyzstan
Κιριμπάτι,Kiribati
Κιριμπάτι,Kiribati
Κιτρικό οξύ,Citric acid
Κιότο,Kyoto
Κλίμα,Climate
Κλίμακα,Musical scale
Κλίμακα Kelvin,Kelvin
Κλίμακα Μποφόρ,Beaufort scale
Κλαούντιο Μοντεβέρντι,Claudio Monteverdi
Κλαρινέτο,Clarinet
Κλασική Μηχανική,Classical mechanics
Κλασική μουσική,Classical music
Κλασική μουσική,Classical music
Κλαύδιος Πτολεμαίος,Ptolemy
Κλειτορίδα,Clitoris
Κλειώ,Clio
Κλεοπάτρα,Cleopatra
Κλητική,Vocative case
Κλιματολογία,Climatology
Κλινική κατάθλιψη,Clinical depression
Κλωνοποίηση,Cloning
Κλωντ Μονέ,Claude Monet
Κνούτος,Canute the Great
Κνωσός,Knossos
Κοάλα,Koala
Κοβάλτιο,Cobalt
Κοινοπολιτεία,Commonwealth of Nations
Κοινωνία,Society
Κοινωνία,Society
Κοινωνία των Εθνών,League of Nations
Κοινωνιολογία,Sociology
Κοινωνιολογία,Sociology
Κοινό κτήμα,Public domain
Κοκτέιλ,Cocktail
Κοκτέιλ μολότωφ,Molotov cocktail
Κολάζ,Collage
Κολεόπτερα,Beetle
Κολομβία,Colombia
Κολομβία,Colombia
Κολοράντο,Colorado
Κολοσσαίο,Colosseum
Κολοσσός της Ρόδου,Colossus of Rhodes
Κολούμπια,Columbia
Κολωνία,Cologne
Κολόμπο,Colombo
Κολύμβηση,Swimming
Κολύμβηση,Swimming
Κομέντια ντελ άρτε,Commedia dell'arte
Κομήτης,Comet
Κομμουνισμός,Communism
Κομμουνισμός,Communism
Κομφουκιανισμός,Confucianism
Κομφούκιος,Confucius
Κομόρες,Comoros
Κομόρες,Comoros
Κονγκό,Congo
Κονγκό,Congo River
Κοντραμπάσο,Double bass
Κοντσέρτο,Concerto
Κοπεγχάγη,Copenhagen
Κοράλλι,Coral
Κορέα,Korea
Κορβέττα,Corvette
Κορμοράνος,Cormorant
Κορσική,Corsica
Κορόνα Δανίας,Danish krone
Κορόνα Νορβηγίας,Norwegian krone
Κορόνα Σουηδίας,Swedish krona
Κοσμικές ακτίνες,Cosmic ray
Κοσμολογία,Cosmology
Κοσμολογία,Cosmology
Κοσσυφοπέδιο,Kosovo
Κοσσυφοπέδιο,Kosovo
Κοτονού,Cotonou
Κου Κλουξ Κλαν,Ku Klux Klan
Κουάκεροι,Religious Society of Friends
Κουάρκ,Quark
Κουέντιν Ταραντίνο,Quentin Tarantino
Κουβέιτ,Kuwait
Κουβέιτ,Kuwait
Κουκουβάγια,Owl
Κουλόμπ,Coulomb
Κουμκουάτ,Kumquat
Κουνουπίδι,Cauliflower
Κουνούπι,Mosquito
Κουρδιστάν,Kurdistan
Κουρδιστάν,Kurdistan
Κουριτίμπα,Curitiba
Κουρτ Βαλντχάιμ,Kurt Waldheim
Κούβα,Cuba
Κούβα,Cuba
Κούζκο,Cusco
Κράμα,Alloy
Κράτος,State
Κρήτη,Crete
Κρίκετ,Cricket
Κρίστιαν Χόυχενς,Christiaan Huygens
Κρασί,Wine
Κρασί,Wine
Κρατέρωμα,Bronze
Κρατήρ,Crater
Κρεβάτι,Bed
Κρεμαστοί κήποι της Βαβυλώνας,Hanging Gardens of Babylon
Κρεμλίνο,Kremlin
Κρεμμύδι,Onion
Κρητιδική περίοδος,Cretaceous
Κριστιάν Ντιόρ,Christian Dior
Κριός,Aries
Κροατία,Croatia
Κροατία,Croatia
Κροκόδειλος,Crocodile
Κρουστά μουσικά όργανα,Percussion instrument
Κρυπτογραφία,Cryptography
Κρυπτογραφία,Cryptography
Κρυπτό,Krypton
Κρυσταλλογραφία,Crystallography
Κρυφή μνήμη ΚΜΕ,Cache
Κρόκος,Saffron
Κρόνος,Cronus
Κρόνος,Saturn
Κρύσταλλος,Crystal
Κτίριο,Building
Κτηνοτροφία,Animal husbandry
Κυανοβακτήρια,Cyanobacteria
Κυβέλη,Cybele
Κυβέρνηση,Government
Κυβερνοπάνκ,Cyberpunk
Κυβικό μέτρο,Cubic metre
Κυβισμός,Cubism
Κυκλάδες,Cyclades
Κυνήγι,Hunting
Κυριακή,Sunday
Κυριακή προσευχή,Lord's Prayer
Κυριλλικό αλφάβητο,Cyrillic alphabet
Κυτόπλασμα,Cytoplasm
Κυψέλη καυσίμου,Fuel cell
Κωνική τομή,Conic section
Κωνσταντίνος Α΄ ο Μέγας,Constantine I
Κωνσταντινούπολη,Istanbul
Κωνσταντινούπολη,Istanbul
Κωπηλασία,Rowing
Κόκκινο,Red
Κόλαση,Hell
Κόλπος,Vagina
Κόλπος του Μεξικού,Gulf of Mexico
Κόμβος,Knot
Κόμη Βερενίκης,Coma Berenices
Κόμμα,Comma
Κόνκορντ Νιου Χάμσαϊρ,Concord
Κόνραντ Αντενάουερ,Konrad Adenauer
Κόραξ,Corvus
Κόρη,Pupil
Κόρινθος,Corinth
Κόστα Ρίκα,Costa Rica
Κόστα Ρίκα,Costa Rica
Κύβος,Cube
Κύκλος,Circle
Κύκλωπες,Cyclops
Κύκνος,Cygnus
Κύκνος,Swan
Κύμα,Wave
Κύπελλο Ντέιβις,Davis Cup
Κύπρος,Cyprus
Κύπρος,Cyprus
Κύρος,Cyrus the Great
Κύτταρο,Cell
Κύων Μέγας,Canis Major
Κύων Μικρός,Canis Minor
Κώδικας Μορς,Morse code
Κώνος,Cone
Λ'Ακουίλα,L'Aquila
Λάδι,Oil
Λάδι,Oil
Λάμα,Llama
Λάμδα,Lambda
Λάντογκα,Lake Ladoga
Λάος,Laos
Λάος,Laos
Λάσα,Lhasa
Λάτιο,Lazio
Λέιζερ,Laser
Λέμβος,Boat
Λένας ποταμός,Lena River
Λέοναρντ Όιλερ,Leonhard Euler
Λέων,Leo
Λέων Α',Leo I
Λέων Τρότσκι,Leon Trotsky
Λέων της Νεμέας,Nemean Lion
Λήδα,Leda
Λίβανος,Lebanon
Λίβανος,Lebanon
Λίβερπουλ,Liverpool
Λίγηρας,Loire River
Λίθιο,Lithium
Λίλιθ,Lilith
Λίμα,Lima
Λίμνη,Lake
Λίμνη Βικτόρια,Lake Victoria
Λίμνη της Γενεύης,Lake Geneva
Λίρα Αιγύπτου,Egyptian pound
Λίτρο,Litre
Λα Παζ,La Paz
Λαγωός,Lepus
Λανθάνιο,Lanthanum
Λαογραφία,Folklore
Λαογραφία,Folklore
Λαούτο,Lute
Λατινική Αμερική,Latin America
Λατινική γλώσσα,Latin
Λατινικό αλφάβητο,Latin alphabet
Λαϊκή Δημοκρατία της Γερμανίας,East Germany
Λαϊκή Δημοκρατία της Κίνας,People's Republic of China
Λαϊκή Δημοκρατία του Κονγκό,Democratic Republic of the Congo
Λαϊκή Δημοκρατία του Κονγκό,Democratic Republic of the Congo
Λαϊκή Λατινική γλώσσα,Vulgar Latin
Λαϊκισμός,Populism
Λε Κορμπυζιέ,Le Corbusier
Λεβάντες,Levant
Λεγεώνα,Roman legion
Λειτουργικό σύστημα,Operating system
Λειχήνα,Lichen
Λειψία,Leipzig
Λεμφικό σύστημα,Lymphatic system
Λεξικό,Dictionary
Λεονάρντο ντα Βίντσι,Leonardo da Vinci
Λεονίντ Μπρέζνιεφ,Leonid Brezhnev
Λεπτό,Minute
Λεπτόνιο,Lepton
Λεσότο,Lesotho
Λεσότο,Lesotho
Λεττονία,Latvia
Λεττονία,Latvia
Λευκαύγεια,Albedo
Λευκορωσία,Belarus
Λευκορωσία,Belarus
Λευκωσία,Nicosia
Λευκό Όρος,Mont Blanc
Λευκός Οίκος,White House
Λευκός νάνος,White dwarf
Λευκόχρυσος,Platinum
Λεωφορείο,Bus
Λη Χάρβεϊ Όσβαλντ,Lee Harvey Oswald
Λητώ,Leto
Λιβερία,Liberia
Λιβερία,Liberia
Λιβύη,Libya
Λιβύη,Libya
Λιθουανία,Lithuania
Λιθουανία,Lithuania
Λιμάνι,Port
Λιντς,Linz
Λιοντάρι,Lion
Λιουμπλιάνα,Ljubljana
Λιούις Κάρολ,Lewis Carroll
Λισαβόνα,Lisbon
Λιχτενστάιν,Liechtenstein
Λιχτενστάιν,Liechtenstein
Λογάριθμος,Logarithm
Λογική,Logic
Λογική πλάνη,Fallacy
Λογική πύλη,Logic gate
Λογιστική,Accountancy
Λογιστική,Accountancy
Λογοτεχνία,Literature
Λογοτεχνία,Literature
Λομβαρδία,Lombardy
Λονδίνο,London
Λος Άντζελες,Los Angeles
Λουάντα,Luanda
Λουί Αραγκόν,Louis Aragon
Λουί Παστέρ,Louis Pasteur
Λουίτζι Γκαλβάνι,Luigi Galvani
Λουίτζι Πιραντέλλο,Luigi Pirandello
Λουδοβίκος Μπράιγ,Louis Braille
Λουδοβίκος ο Ευσεβής,Louis the Pious
Λουιζιάνα,Louisiana
Λουκέρνη,Lucerne
Λουκρήτιος,Lucretius
Λουντ,Lund
Λουξεμβούργο,Luxembourg
Λουξεμβούργο,Luxembourg
Λουξεμβούργο,Luxembourg
Λουτήτιο,Lutetium
Λουτσιάνο Παβαρόττι,Luciano Pavarotti
Λούις Άρμστρονγκ,Louis Armstrong
Λούντβιχ Βιτγκενστάιν,Ludwig Wittgenstein
Λούντβιχ Μπόλτζμαν,Ludwig Boltzmann
Λούντβιχ βαν Μπετόβεν,Ludwig van Beethoven
Λυδία,Lydia
Λυσόσωμα,Lysosome
Λυών,Lyon
Λωζάνη,Lausanne
Λωρένσιο,Lawrencium
Λωρίδα της Γάζας,Gaza Strip
Λωρραίνη,Lorraine
Λόκι,Loki
Λύκος,Gray Wolf
Λύκος,Lupus
Λύρα,Lyra
Μάγκνα Κάρτα,Magna Carta
Μάγμα,Magma
Μάγχη,English Channel
Μάζα,Mass
Μάικλ Φαραντέι,Michael Faraday
Μάιν,Main
Μάιος,May
Μάκβεθ,Macbeth
Μάλι,Mali
Μάλι,Mali
Μάλτα,Malta
Μάλτα,Malta
Μάνγκο,Mango
Μάντσεστερ,Manchester
Μάνχαϊμ,Mannheim
Μάο Τσετούνγκ,Mao Zedong
Μάραθο,Fennel
Μάργκαρετ Θάτσερ,Margaret Thatcher
Μάρκετινγκ,Marketing
Μάρκετινγκ,Marketing
Μάρκο Πόλο,Marco Polo
Μάρκος Αντώνιος,Mark Antony
Μάρκος Αυρήλιος,Marcus Aurelius
Μάρκος Τύλλιος Κικέρωνας,Cicero
Μάρλεν Ντήτριχ,Marlene Dietrich
Μάρμαρο,Marble
Μάρτιν Λούθερ Κινγκ,Martin Luther King
Μάρτιν Σκορσέζε,Martin Scorsese
Μάρτιν Χάιντεγκερ,Martin Heidegger
Μάρτιος,March
Μάρτυρες του Ιεχωβά,Jehovah's Witnesses
Μάτι,Eye
Μάχη του Βερντέν,Battle of Verdun
Μάχη του Μαραθώνα,Battle of Marathon
Μάχη του Σομμ,Battle of the Somme
Μάχη των Αρδεννών,Battle of the Bulge
Μάχη των Θερμοπυλών,Battle of Thermopylae
Μέγα Σινικό Τείχος,Great Wall of China
Μέδουσα,Jellyfish
Μέδουσα,Medusa
Μέκκα,Mecca
Μέλαν σώμα,Black body
Μέλανας Δρυμός,Black Forest
Μέλι,Honey
Μέλισσα,Bee
Μέμφις,Memphis
Μέντα,Mentha
Μέριλ Στριπ,Meryl Streep
Μέση Ώρα Γκρίνουιτς,Greenwich Mean Time
Μέση Ανατολή,Middle East
Μέση Ανατολή,Middle East
Μέση Στάθμη Θάλασσας,Sea level
Μέση τιμή,Expected value
Μέταλλα,Metal
Μέτρο,Metre
Μήδεια,Medea
Μήκος,Length
Μήκος κύματος,Wavelength
Μήλο,Apple
Μίλι,Mile
Μίλτον Φρίντμαν,Milton Friedman
Μίσιγκαν,Michigan
Μαέστρος,Conducting
Μαίρη Σέλλεϋ,Mary Shelley
Μαγγάνιο,Manganese
Μαγειρική,Cooking
Μαγιόρκα,Majorca
Μαγκούστα,Mongoose
Μαγνήσιο,Magnesium
Μαγνητίτης,Magnetite
Μαγνητική τομογραφία,Magnetic resonance imaging
Μαγνητικό φάσμα,Magnetic field
Μαγνητισμός,Magnetism
Μαγνητισμός,Magnetism
Μαδέρα,Madeira
Μαδαγασκάρη,Madagascar
Μαδαγασκάρη,Madagascar
Μαδρίτη,Madrid
Μαζέρου,Maseru
Μαζικός αριθμός,Mass number
Μαθηματικά,Mathematics
Μαθηματικά,Mathematics
Μαθηματική απόδειξη,Mathematical proof
Μαθηματική λογική,Mathematical logic
Μακάου,Macau
Μακεδονία,Macedonia
Μακεδονικό βασίλειο,Macedon
Μακροοικονομία,Macroeconomics
Μαλάκια,Mollusca
Μαλάμπο,Malabo
Μαλάουι,Malawi
Μαλαισία,Malaysia
Μαλαισία,Malaysia
Μαλδίβες,Maldives
Μαλδίβες,Maldives
Μαλτεζική γλώσσα,Maltese language
Μαμούθ,Mammoth
Μανάτος,Manatee
Μανδύας,Mantle
Μανιερισμός,Mannerism
Μανιτάρι,Mushroom
Μανιτόμπα,Manitoba
Μανταρίνι,Mandarin orange
Μαντόνα,Madonna
Μανχάταν,Manhattan
Μαξ Βέμπερ,Max Weber
Μαξ Ερνστ,Max Ernst
Μαξ Μπορν,Max Born
Μαξ Πλανκ,Max Planck
Μαξιμιανός,Maximian
Μαοϊσμός,Maoism
Μαπούτο,Maputo
Μαρία Αντουανέτα,Marie Antoinette
Μαρία Κάλλας,Maria Callas
Μαρία Κιουρί,Marie Curie
Μαρία Μαγδαληνή,Mary Magdalene
Μαραθώνας,Marathon
Μαρακές,Marrakech
Μαρκ Σαγκάλ,Marc Chagall
Μαρκ Τουαίην,Mark Twain
Μαρκήσιος ντε Σαντ,Marquis de Sade
Μαρξισμός,Marxism
Μαρξισμός,Marxism
Μαρς,Mars
Μαρσέλ Μαρσώ,Marcel Marceau
Μαρσέλ Ντυσάν,Marcel Duchamp
Μαρσιποφόρα,Marsupial
Μαρτίνος Λούθηρος,Martin Luther
Μαρτινίκα,Martinique
Μαρόκο,Morocco
Μαρόκο,Morocco
Μασαχουσέτη,Massachusetts
Μασαχουσέτη,Massachusetts
Μασσαλία,Marseille
Μαυρίκιος,Mauritius
Μαυρίκιος,Mauritius
Μαυριτανία,Mauritania
Μαυριτανία,Mauritania
Μαυροβούνιο,Montenegro
Μαυροβούνιο,Montenegro
Μαυροπελαργός,Black Stork
Μαχάτμα Γκάντι,Mahatma Gandhi
Μαχαγιάνα,Mahayana
Μαϊάμι,Miami
Μαϊμονίδης,Maimonides
Μαϊντανός,Parsley
Μαϊτνέριο,Meitnerium
Μαύρη Θάλασσα,Black Sea
Μαύρη Πανώλη,Black Death
Μαύρη τρύπα,Black hole
Μαύρο,Black
Μείζων Περιοχή του Λονδίνου,Greater London
Μεγάλη Άρκτος,Ursa Major
Μεγάλη έκρηξη,Big Bang
Μελανησία,Melanesia
Μελιτζάνα,Eggplant
Μελπομένη,Melpomene
Μενέλαος,Menelaus
Μεντελέβιο,Mendelevium
Μεξικό,Mexico
Μεξικό,Mexico
Μεραρχία,Division
Μεροβίγγειοι,Merovingian
Μεσαίωνας,Middle Ages
Μεσαίωνας,Middle Ages
Μεσημβρινός,Meridian
Μεσολιθική περίοδος,Mesolithic
Μεσοποταμία,Mesopotamia
Μεσοποταμία,Mesopotamia
Μεσσίας,Messiah
Μεσόγειος Θάλασσα,Mediterranean
Μεσόγειος Θάλασσα,Mediterranean Sea
Μεσόνιο,Meson
Μεσόσφαιρα,Mesosphere
Μετάλλαξη,Mutation
Μετάξι,Silk
Μετάφραση των Εβδομήκοντα,Septuagint
Μετέωρο,Meteoroid
Μεταγλωττιστής,Compiler
Μεταδεδομένα,Metadata
Μεταλλευτική,Mining
Μεταλλοειδή,Metalloid
Μεταλλουργία,Metallurgy
Μεταρρύθμιση,Protestant Reformation
Μεταφορές,Transportation
Μεταφυσική,Metaphysics
Μετενσάρκωση,Reincarnation
Μετεωρίτης,Meteorite
Μετεωρολογία,Meteorology
Μετεωρολογία,Meteorology
Μετρικός χώρος,Metric space
Μετρό,Rapid transit
Μεύσης,Meuse River
Μηδέν,0
Μηνιγγίτιδα,Meningitis
Μηχανή,Machine
Μηχανή Τούρινγκ,Turing machine
Μηχανή αναζήτησης,Search engine
Μηχανική,Mechanics
Μηχανική,Mechanics
Μηχανολογία,Mechanical engineering
Μι,Mu
Μιανμάρ,Burma
Μιγαδικός αριθμός,Complex number
Μιγκέλ ντε Θερβάντες,Miguel de Cervantes
Μιζούρι,Missouri
Μιζούρι,Missouri River
Μικρά Άρκτος,Ursa Minor
Μικροβιολογία,Microbiology
Μικροκύματα,Microwave
Μικρονησία,Micronesia
Μικροοικονομία,Microeconomics
Μικροοργανισμός,Microorganism
Μικροσκόπιον,Microscopium
Μιλάνο,Milan
Μινέρβα,Minerva
Μινσκ,Minsk
Μινωικός πολιτισμός,Minoan civilization
Μινώταυρος,Minotaur
Μις φαν ντερ Ρόε,Ludwig Mies van der Rohe
Μισέλ Νέϋ,Michel Ney
Μισισιπής,Mississippi River
Μιτοχόνδριο,Mitochondrion
Μιχαήλ Άγγελος,Michelangelo
Μιχαήλ Γκορμπατσώφ,Mikhail Gorbachev
Μιχαήλ Μπακούνιν,Mikhail Bakunin
Μνήμη τυχαίας προσπέλασης,Random access memory
Μνημοσύνη,Mnemosyne
Μοίρες,Moirae
Μογγολία,Mongolia
Μοζαμβίκη,Mozambique
Μοζαμβίκη,Mozambique
Μολδαβία,Moldova
Μολδαβία,Moldova
Μολυβδαίνιο,Molybdenum
Μολύβι,Pencil
Μονακό,Monaco
Μονακό,Monaco
Μοναρχία,Monarchy
Μοναρχία,Monarchy
Μονοκοτυλήδονο,Monocotyledon
Μονοπώλιο,Monopoly
Μονοτρήματα,Monotreme
Μονς,Mons
Μοντεβιδέο,Montevideo
Μοντερνισμός,Modernism
Μοντσερράτ,Montserrat
Μονόκερως,Unicorn
Μοραβία,Moravia
Μοριακή Βιολογία,Molecular biology
Μοσέ Νταγιάν,Moshe Dayan
Μοσχοκαρυδιά,Nutmeg
Μοτέτο,Motet
Μοτοσικλέτα,Motorcycle
Μουεζίνης,Muezzin
Μουριά,Mulberry
Μουσείο,Museum
Μουσείο του Λούβρου,Louvre
Μουσική,Music
Μουσική,Music
Μουσικολογία,Musicology
Μουσικό κλειδί,Clef
Μοχάμεντ Άλι,Muhammad Ali
Μούμια,Mummy
Μούρμανσκ,Murmansk
Μούρο,Berry
Μούσες,Muse
Μπάλα,Ball
Μπάουχαους,Bauhaus
Μπάρι,Bari
Μπάτμαν,Batman
Μπέης,Bey
Μπέιζμπολ,Baseball
Μπέλφαστ,Belfast
Μπέογουλφ,Beowulf
Μπέρκσαϊρ,Berkshire
Μπέρναρντ Ρίμαν,Bernhard Riemann
Μπέρτολτ Μπρεχτ,Bertolt Brecht
Μπέρτραντ Ράσελ,Bertrand Russell
Μπέτι Ντέιβις,Bette Davis
Μπίμποπ,Bebop
Μπίρα,Beer
Μπακλαβάς,Baklava
Μπακού,Baku
Μπαλί,Bali
Μπαλαλάικα,Balalaika
Μπαλντρ,Baldr
Μπαμπού,Bamboo
Μπανάνα,Banana
Μπανάνα,Musa
Μπανανία,Banana republic
Μπανγκλαντές,Bangladesh
Μπανγκλαντές,Bangladesh
Μπανγκόκ,Bangkok
Μπαρίς Γκοντουνόβ,Boris Godunov
Μπαρμπάντος,Barbados
Μπαρμπάντος,Barbados
Μπαρόκ,Baroque
Μπαταρία,Battery
Μπαχάμες,Bahamas
Μπαχαρικό,Spice
Μπαχρέιν,Bahrain
Μπαχρέιν,Bahrain
Μπελίζε,Belize
Μπελίζε,Belize
Μπενίν,Benin
Μπενίν,Benin
Μπενίτο Μουσολίνι,Benito Mussolini
Μπενελούξ,Benelux
Μπερκέλιο,Berkelium
Μπιλ Γκέιτς,Bill Gates
Μπιλ Κλίντον,Bill Clinton
Μπιντγκός,Bydgoszcz
Μπισσάου,Bissau
Μπλε,Blue
Μπλουζ,Blues
Μπλουμφοντέιν,Bloemfontein
Μποζόνιο,Boson
Μπολτζάνο,Bolzano
Μπολόνια,Bologna
Μπομπ Ντίλαν,Bob Dylan
Μπορίς Παστερνάκ,Boris Pasternak
Μπορντό,Bordeaux
Μποτσουάνα,Botswana
Μποτσουάνα,Botswana
Μπουένος Άιρες,Buenos Aires
Μπουβέ,Bouvet Island
Μπουρκίνα Φάσο,Burkina Faso
Μπουρκίνα Φάσο,Burkina Faso
Μπουρούντι,Burundi
Μπουτάν,Bhutan
Μπράγκα,Braga
Μπρίντιζι,Brindisi
Μπραμ Στόκερ,Bram Stoker
Μπρατισλάβα,Bratislava
Μπριζ,Bruges
Μπριτζ,Contract bridge
Μπριτζτάουν,Bridgetown
Μπρνο,Brno
Μπρουνέι,Brunei
Μπρουνέι,Brunei
Μπρους Λη,Bruce Lee
Μπρόκολο,Broccoli
Μπόμπι Φίσερ,Bobby Fischer
Μπόουλινγκ,Bowling
Μπόριο,Bohrium
Μπόρις Σπάσκυ,Boris Spassky
Μυία,Musca
Μυθιστόρημα,Novel
Μυθολογία,Mythology
Μυθολογία,Mythology
Μυκήνες,Mycenae
Μυρμήγκι,Ant
Μυρμηκικό οξύ,Formic acid
Μυστικισμός,Mysticism
Μυωπία,Myopia
Μωάμεθ,Muhammad
Μωυσής,Moses
Μόδα,Fashion
Μόλυβδος,Lead
Μόναχο,Munich
Μόντεμ,Modem
Μόντρεαλ,Montreal
Μόριο,Molecule
Μόσχα,Moscow
Μόσχα,Moscow
Μύγα,Fly
Μύθος,Myth
Μύκητας,Fungus
Μύκητες,Fungi
Μύτη,Nose
ΝΑΤΟ,NATO
Νάντη,Nantes
Νάπολη,Naples
Νάρκισσος,Narcissus
Νάτριο,Sodium
Νέα Αγγλία,New England
Νέα Βρουνσβίκη,New Brunswick
Νέα Γη,Newfoundland
Νέα Γη και Λαμπραντόρ,Newfoundland and Labrador
Νέα Γουινέα,New Guinea
Νέα Ζηλανδία,New Zealand
Νέα Ζηλανδία,New Zealand
Νέα Καληδονία,New Caledonia
Νέα Ορλεάνη,New Orleans
Νέα Σκωτία,Nova Scotia
Νέα Υόρκη,New York
Νέα Υόρκη,New York City
Νέβας,Neva River
Νέβιλ Τσάμπερλεν,Neville Chamberlain
Νέλσον Μαντέλα,Nelson Mandela
Νέμεσις,Nemesis
Νέο Δελχί,New Delhi
Νέο Μεξικό,New Mexico
Νέον,Neon
Νέρβας,Nerva
Νέρων,Nero
Νέφθυς,Nephthys
Νέφος,Cloud
Νέφος του Oort,Oort cloud
Νήσοι Μάρσαλ,Marshall Islands
Νήσοι Μάρσαλ,Marshall Islands
Νήσοι Σολομώντα,Solomon Islands
Νήσοι Σολομώντα,Solomon Islands
Νήσοι Φερόες,Faroe Islands
Νήσοι Φώκλαντ,Falkland Islands
Νήσος Ουέηκ,Wake Island
Νήσος του Μαν,Isle of Man
Νήσος του Μαν,Isle of Man
Νήσος του Πρίγκηπα Εδουάρδου,Prince Edward Island
Νίγηρας,Niger
Νίγηρας,Niger
Νίγηρας ποταμός,Niger River
Νίκαια,Nice
Νίκη,Nike
Νίκολα Τέσλα,Nikola Tesla
Ναβουχοδονόσορ Β',Nebuchadrezzar II
Ναγκασάκι,Nagasaki
Ναδίρ,Nadir
Ναζαρέτ,Nazareth
Ναζιστική Γερμανία,Nazi Germany
Ναζιστική Γερμανία,Nazi Germany
Ναμίμπια,Namibia
Ναμίμπια,Namibia
Ναμούρ,Namur
Νανοτεχνολογία,Nanotechnology
Νανσύ,Nancy
Ναντίν Γκόρντιμερ,Nadine Gordimer
Ναντζίνγκ,Nanjing
Ναουρού,Nauru
Ναουρού,Nauru
Ναπολεόντειοι πόλεμοι,Napoleonic Wars
Ναργιλές,Hookah
Ναυμαχία της Ναυπάκτου,Battle of Lepanto
Ναυμαχία του Τραφάλγκαρ,Battle of Trafalgar
Ναυσιπλοΐα,Navigation
Ναυσιπλοΐα,Navigation
Ναχουάτλ γλώσσα,Nahuatl
Ναϊρόμπι,Nairobi
Ναός της Αρτέμιδος στην Έφεσο,Temple of Artemis
Νγιορντ,Njord
Νείλος ποταμός,Nile
Νεβάδα,Nevada
Νεκρά θάλασσα,Dead Sea
Νεκροταφείο,Cemetery
Νεμπράσκα,Nebraska
Νεοδύμιο,Neodymium
Νεολιθική περίοδος,Neolithic
Νεολογισμός,Neologism
Νεοπλατωνισμός,Neoplatonism
Νεπάλ,Nepal
Νεπάλ,Nepal
Νερό,Water
Νεστοριανισμός,Nestorianism
Νετρίνο,Neutrino
Νετρόνιο,Neutron
Νευρικό σύστημα,Nervous system
Νευροδιαβιβαστής,Neurotransmitter
Νευρολογία,Neurology
Νευρώνας,Neuron
Νεφέλωμα,Nebula
Νεφέλωμα Καρκίνος,Crab Nebula
Νηλ Άρμστρονγκ,Neil Armstrong
Νηπιαγωγείο,Kindergarten
Νηρηίδα,Nereid
Νησί,Island
Νησί Νόρφολκ,Norfolk Island
Νησιά Καϋμάν,Cayman Islands
Νησιά Κόκος,Cocos  Islands
Νηστεία,Fasting
Νι,Nu
Νιγηρία,Nigeria
Νιγηρία,Nigeria
Νικέλιο,Nickel
Νικαράγουα,Nicaragua
Νικαράγουα,Nicaragua
Νικοτίνη,Nicotine
Νικόλαος Κοπέρνικος,Nicolaus Copernicus
Νιλς Μπορ,Niels Bohr
Νιλς Χένρικ Άμπελ,Niels Henrik Abel
Νινευή,Nineveh
Νιου Χάμσαϊρ,New Hampshire
Νιούπορτ,Newport
Νιρβάνα,Nirvana
Νιόβιο,Niobium
Νοέμβριος,November
Νοβοσιμπίρσκ,Novosibirsk
Νομίσματα,Currency
Νομισματική,Numismatics
Νομισματική,Numismatics
Νομπέλιο,Nobelium
Νομός Αρκαδίας,Arcadia
Νορβηγία,Norway
Νορβηγία,Norway
Νορμανδία,Normandy
Νορν,Norn
Νουακσότ,Nouakchott
Νουκλεοτίδιο,Nucleotide
Νουκλεϊκά οξέα,Nucleic acid
Νούναβουτ,Nunavut
Ντάβιντ Χίλμπερτ,David Hilbert
Ντάλας,Dallas
Ντάλια,Dahlia
Ντάνιελ Μπερνούλι,Daniel Bernoulli
Ντάνιελ Νταφόε,Daniel Defoe
Ντάρμα,Dharma
Ντάστιν Χόφμαν,Dustin Hoffman
Ντέηβιντ Ρικάρντο,David Ricardo
Ντέιβιντ Χιουμ,David Hume
Ντέρμπαν,Durban
Ντίζι Γκιλέσπι,Dizzy Gillespie
Νταγκεροτυπία,Daguerreotype
Ντακάρ,Dakar
Ντανιέλ Ορτέγκα,Daniel Ortega
Ντανταϊσμός,Dada
Νταρμστάντιο,Darmstadtium
Ντεζιντέριους Έρασμος,Desiderius Erasmus
Ντελαγουέρ,Delaware
Ντελφτ,Delft
Ντενί Ντιντερό,Denis Diderot
Ντενγκ Ξιαοπίνγκ,Deng Xiaoping
Ντεϊσμός,Deism
Ντζαμένα,N'Djamena
Ντιάνα,Diana
Ντιγκόνγκ,Dugong
Ντιζόν,Dijon
Ντιούκ Έλινγκτον,Duke Ellington
Ντιτρόιτ,Detroit
Ντμίτρι Μεντελέγιεφ,Dmitri Mendeleev
Ντμίτρι Σοστακόβιτς,Dmitri Shostakovich
Ντομίνικα,Dominica
Ντον,Don River
Ντουάιτ Αϊζενχάουερ,Dwight D. Eisenhower
Ντουμπρόβνικ,Dubrovnik
Ντούμπνιο,Dubnium
Ντόναλντ Ντακ,Donald Duck
Ντόρις Λέσινγκ,Doris Lessing
Ντόρτμουντ,Dortmund
Νυρεμβέργη,Nuremberg
Νωπογραφία,Fresco
Νόαμ Τσόμσκι,Noam Chomsky
Νόμισμα,Coin
Νόμος του Κουλόμπ,Coulomb's law
Νόμος του Μπόιλ,Boyle's law
Νόμος του Χουκ,Hooke's law
Νόμος του Ωμ,Ohm's law
Νόρμαν Μέιλερ,Norman Mailer
Νόσος του Πάρκινσον,Parkinson's disease
Νότια Αμερική,South America
Νότια Αμερική,South America
Νότια Αφρική,South Africa
Νότια Κορέα,South Korea
Νότια Κορέα,South Korea
Νότιο Ημισφαίριο,Southern Hemisphere
Νότιο Νησί,South Island
Νότιος Πόλος,South Pole
Νότος,South
Νύμφες,Nymph
Νώε,Noah
Ξένο,Xenon
Ξένοι αθλητικοί σύλλογοι,Football  clubs
Ξίφος,Sword
Ξενοφάνης,Xenophanes
Ξενοφών,Xenophon
Ξι,Xi
Ξιφασκία,Fencing
Ξυράφι του Όκαμ,Occam's razor
Ξωτικά,Elf
Ξύλινα πνευστά της συμφωνικής ορχήστρας,Woodwind instrument
Ξύλο,Wood
ΟΥΝΕΣΚΟ,UNESCO
Οβίδιος,Ovid
Οδησσός,Odessa
Οδοντιατρική,Dentistry
Οδοντιατρική,Dentistry
Οδοντόγναθα,Odonata
Οδυσσέας,Odysseus
Οδυσσεύς Γκραντ,Ulysses S. Grant
Οδύσσεια,Odyssey
Οθέλος,Othello
Οθωμανική αυτοκρατορία,Ottoman Empire
Οθωμανική αυτοκρατορία,Ottoman Empire
Οι Μάγισσες,Charmed
Οιδίποδας,Oedipus
Οικογένεια,Family
Οικογένεια,Family
Οικολογία,Ecology
Οικολογία,Ecology
Οικονομετρία,Econometrics
Οικονομικά,Economics
Οικονομικά,Economics
Οικονομικά,Economy
Οικοσύστημα,Ecosystem
Οικουμενικές σύνοδοι,Ecumenical council
Οισοφάγος,Esophagus
Οιστρογόνο,Estrogen
Οκρίβας,Pictor
Οκτάς,Octans
Οκταδικό σύστημα αρίθμησης,Octal
Οκτόμπερφεστ,Oktoberfest
Οκτώβριος,October
Ολιγαρχία,Oligarchy
Ολλανδία,Netherlands
Ολλανδία,Netherlands
Ολλανδικές Αντίλλες,Netherlands Antilles
Ολλανδοί,Dutch people
Ολοκληρωμένο κύκλωμα,Integrated circuit
Ολυμπία,Olympia
Ολυμπιακοί Αγώνες,Olympic Games
Ολυμπιακοί Αγώνες,Olympics
Ομάδα,Group
Ομάν,Oman
Ομάν,Oman
Ομίχλη,Fog
Ομοιοκαταληξία,Rhyme
Ομοιοπαθητική,Homeopathy
Ομοιοπολικός δεσμός,Covalent bond
Ομοταξία,Class
Ομοφοβία,Homophobia
Ομοφυλοφιλία,Homosexuality
Ομοφυλόφιλος,Gay
Ομπ,Ob River
Ομπρέλα,Umbrella
Ομσκ,Omsk
Ομόλογο,Bond
Ομόσπονδες Πολιτείες της Μικρονησίας,Federated States of Micronesia
Ονδούρα,Honduras
Ονδούρα,Honduras
Ονομαστική,Nominative case
Οντάριο,Ontario
Οντίν,Odin
Οντολογία,Ontology
Οξείδιο,Oxide
Οξιά,Beech
Οξικό οξύ,Acetic acid
Οξυγόνο,Oxygen
Οξφόρδη,Oxford
Οξύ,Acid
Οπερέτα,Operetta
Οπτική,Optics
Οπτική,Optics
Οράτιος,Horace
Ορέστης,Orestes
Ορατόριο,Oratorio
Οργανίδιο,Organelle
Οργανική Χημεία,Organic chemistry
Οργανική ένωση,Organic compound
Οργανισμός,Organism
Οργανισμός Ηνωμένων Εθνών,United Nations
Οργανισμός Ηνωμένων Εθνών,United Nations
Οργανισμός εξαγωγών πετρελαιοπαραγωγών χωρών,OPEC
Οργασμός,Orgasm
Ορείχαλκος,Brass
Ορθογραφία,Orthography
Ορθογώνιο παραλληλόγραμμο,Rectangle
Ορθόδοξη Εκκλησία,Eastern Orthodox Church
Οριγκάμι,Origami
Ορμή,Momentum
Ορμόνη,Hormone
Ορυκτολογία,Mineralogy
Ορυκτό,Mineral
Ορφέας,Orpheus
Οσάκα,Osaka
Οσάμα μπιν Λάντεν,Osama bin Laden
Οσμάν Α΄,Osman I
Οστεοπόρωση,Osteoporosis
Οστεϊχθύες,Osteichthyes
Οστράβα,Ostrava
Οστό,Bone
Οττάβα,Ottawa
Ουάσινγκτον,Washington
Ουάσινγκτον,Washington
Ουάσινγκτον,Washington
Ουέλλινγκτον,Wellington
Ουίλιαμ Γκόλντινγκ,William Golding
Ουίλιαμ Χέρσελ,William Herschel
Ουίλλιαμ ΜακΚίνλεϋ,William McKinley
Ουίλλιαμ Μπλέηκ,William Blake
Ουίλλιαμ Σαίξπηρ,William Shakespeare
Ουίνστων Τσώρτσιλ,Winston Churchill
Ουίσκι,Whisky
Ουαλία,Wales
Ουαλία,Wales
Ουγγαρία,Hungary
Ουγγαρία,Hungary
Ουγενότοι,Huguenot
Ουγκάντα,Uganda
Ουγκάντα,Uganda
Ουζμπεκιστάν,Uzbekistan
Ουζμπεκιστάν,Uzbekistan
Ουκρανία,Ukraine
Ουκρανία,Ukraine
Ουλάν Μπατόρ,Ulan Bator
Ουρ,Ur
Ουράλια Όρη,Ural Mountains
Ουράνια μηχανική,Celestial mechanics
Ουράνια σφαίρα,Celestial sphere
Ουράνιο,Uranium
Ουράνιο τόξο,Rainbow
Ουράνιος ισημερινός,Celestial equator
Ουρανία,Urania
Ουρανοξύστης,Skyscraper
Ουρανός,Uranus
Ουρανός,Uranus
Ουρική αρθρίτιδα,Arthritis
Ουρική αρθρίτιδα,Gout
Ουρουγουάη,Uruguay
Ουρουγουάη,Uruguay
Ουσιαστικό,Noun
Ουτοπία,Utopia
Ουτρέχτη,Utrecht
Ουτρέχτη,Utrecht
Ουψάλα,Uppsala
Ουώλτ Ντίσνεϋ,Walt Disney
Ουώλτ Ουίτμαν,Walt Whitman
Οφιούχος,Ophiuchus
Οφσάιντ,Offside
Οχάιο,Ohio
Οψιανός,Obsidian
Ούγκο Γκρότιους,Hugo Grotius
Ούγος Καπέτος,Hugh Capet
Πoρτ Μόρεσμπι,Port Moresby
Πάγος,Ice
Πάδοβα,Padua
Πάλσαρ,Pulsar
Πάμπλο Πικάσο,Pablo Picasso
Πάνας,Pan
Πάνθεον,Pantheon
Πάνθηρας,Leopard
Πάουλ Κλέε,Paul Klee
Πάουλ φον Χίντενμπουργκ,Paul von Hindenburg
Πάπας,Pope
Πάπυρος,Papyrus
Πάρις,Paris
Πάσχα,Easter
Πάτρα,Patras
Πέμπτη,Thursday
Πέπσι κόλα,Pepsi
Πέρμια περίοδος,Permian
Πέτερ Πάουλ Ρούμπενς,Peter Paul Rubens
Πέτρος Αβελάρδος,Peter Abelard
Πέτρωμα,Rock
Πήγασος,Pegasus
Πήγασος,Pegasus
Πίεση,Pressure
Πίζα,Pisa
Πίλζεν,Pilsen
Πίνδαρος,Pindar
Πίτερ Σέλλερς,Peter Sellers
Πίτσα,Pizza
Παγανισμός,Paganism
Παγγαία,Pangaea
Παγετώνας,Glacier
Παγκόσμια θέρμανση,Global warming
Παγκόσμιο Κέντρο Εμπορίου,World Trade Center
Παγκόσμιος Ιστός,World Wide Web
Παγκόσμιος Μετεωρολογικός Οργανισμός,World Meteorological Organization
Παγκόσμιος Οργανισμός Εμπορίου,World Trade Organization
Παγκόσμιος Πόλεμος,World war
Παιδί,Child
Παιχνίδι,Game
Πακιστάν,Pakistan
Πακιστάν,Pakistan
Παλάου,Palau
Παλάου,Palau
Παλέρμο,Palermo
Παλίρροια,Tide
Παλαιά Διαθήκη,Old Testament
Παλαιοζωική εποχή,Paleozoic
Παλαιολιθική περίοδος,Paleolithic
Παλαιοντολογία,Paleontology
Παλαιοντολογία,Paleontology
Παλαιστίνη,Palestine
Παλαιστίνη,Palestine
Παλλάδιο,Palladium
Παλμύρα,Palmyra
Παμίρ,Pamir Mountains
Πανίδα,Fauna
Παναγία,Mary
Παναμάς,Panama
Παναμάς,Panama
Πανδώρα,Pandora
Πανεπιστήμιο,University
Πανεπιστήμιο Γέιλ,Yale University
Πανεπιστήμιο Κολούμπια,Columbia University
Πανθεϊσμός,Pantheism
Πανκ,Punk rock
Πανκ μουσική,Punk
Πανσέληνος,Full moon
Παπαγάλος,Parrot
Παπούα Νέα Γουινέα,Papua New Guinea
Παπούα Νέα Γουινέα,Papua New Guinea
Παράδεισος,Heaven
Παράθυρο,Window
Παράκελσος,Paracelsus
Παρίσι,Paris
Παρίσι,Paris
Παραβολή,Parabola
Παραγουάη,Paraguay
Παραγουάη,Paraguay
Παραλία,Beach
Παραλληλόγραμμο,Parallelogram
Παραμαρίμπο,Paramaribo
Παραμύθι,Fable
Παρασιτισμός,Parasitism
Παρασκευή,Friday
Παραψυχολογία,Parapsychology
Παρθένοι Νήσοι,Virgin Islands
Παρθένος,Virgo
Παρθία,Parthia
Παρθενώνας,Parthenon
Παρμενίδης,Parmenides
Παρσέκ,Parsec
Πασκάλ,Pascal
Παστερίωση,Pasteurization
Πατάτα,Potato
Πατριάρχης,Patriarch
Πείραμα,Experiment
Πεδίο χαμηλού βαρομετρικού,Cyclone
Πεδεμόντιο,Piedmont
Πεκίνο,Beijing
Πελαργόμορφα,Ciconiiformes
Πελαργός,Stork
Πελοποννησιακός Πόλεμος,Peloponnesian War
Πελοπόννησος,Peloponnese
Πεντάγραμμο,Pentagram
Πεντηκοστή,Pentecost
Πεντηκοστιανισμός,Pentecostalism
Πεπονιά,Melon
Πεπτίδιο,Peptide
Περγαμηνή,Parchment
Περθ,Perth
Περιβάλλον,Environment
Περικλής,Pericles
Περιοδικός πίνακας των χημικών στοιχείων,Periodic table
Περιστέρι,Columbidae
Περιστερά,Columba
Περιτομή,Circumcision
Περλ Χάρμπορ,Pearl Harbor
Περού,Peru
Περού,Peru
Περσέας,Perseus
Περσέπολη,Persepolis
Περσία,Persian Empire
Περσεφόνη,Persephone
Περσεύς,Perseus
Περσικός Κόλπος,Persian Gulf
Πετοσφαίριση,Volleyball
Πετρέλαιο,Petroleum
Πετρίτης,Peregrine Falcon
Πετρολογία,Petrology
Πεύκο,Pine
Πηγαίος κώδικας,Source code
Πηνελόπη,Penelope
Πι,Pi
Πιάνο,Piano
Πιέ Μοντριάν,Piet Mondrian
Πιέτερ Ζέεμαν,Pieter Zeeman
Πιγκουίνος,Penguin
Πιθανότητα,Probability theory
Πιπεριά,Capsicum
Πιόνι,Pawn
Πλάσμα,Plasma
Πλάτων,Plato
Πλέβεν,Pleven
Πλίνιος ο Νεότερος,Pliny the Younger
Πλίνιος ο Πρεσβύτερος,Pliny the Elder
Πλαγκτόν,Plankton
Πλανήτης,Planet
Πλαστίδιο,Plastid
Πλατυέλμινθες,Flatworm
Πλειάδες,Pleiades
Πληθυσμός,Population
Πληθωρισμός,Inflation
Πληκτρολόγιο,Keyboard
Πληροφορία,Information
Πλοίο,Ship
Πλουτώνιο,Plutonium
Πλούταρχος,Plutarch
Πλούτωνας,Pluto
Πλυντήριο ρούχων,Washing machine
Πλωτίνος,Plotinus
Πνευματική ιδιοκτησία,Copyright
Πνευμονία,Pneumonia
Πνομ Πενχ,Phnom Penh
Ποίηση,Poetry
Ποίηση,Poetry
Πογκρόμ,Pogrom
Ποδήλατο,Bicycle
Ποδοσφαιριστές,Football  players
Ποδόσφαιρο,Football
Ποδόσφαιρο,Football
Ποδόσφαιρο ανά χώρα,Football  by country
Ποζιτρόνιο,Positron
Ποινικό Δίκαιο,Criminal law
Πολική αρκούδα,Polar bear
Πολιτική,Politics
Πολιτική,Politics
Πολιτική επιστήμη,Political science
Πολιτικός,Politician
Πολιτισμός,Culture
Πολιτισμός,Culture
Πολλαπλή σκλήρυνση,Multiple sclerosis
Πολυμερές,Polymer
Πολυμνία,Polyhymnia
Πολυνησία,Polynesia
Πολυώνυμο,Polynomial
Πολωνία,Poland
Πολωνία,Poland
Πολύγωνο,Polygon
Πολώνιο,Polonium
Πομπήιος,Pompey
Ποντίκι,Mouse
Ποντίκι,Mouse
Ποπ,Pop music
Ποπ Αρτ,Pop art
Πορ Λουί,Port Louis
Πορθμείο,Ferry
Πορθμοί,Straits
Πορθμός,Strait
Πορθμός του Μαγγελάνου,Strait of Magellan
Πορνογραφία,Pornography
Πορτογαλία,Portugal
Πορτογαλία,Portugal
Πορτοκαλί,Orange
Πορτοκαλιά,Orange
Ποσειδώνας,Neptune
Ποσειδώνας,Poseidon
Ποσειδώνιο,Neptunium
Ποταμός,River
Πουέρτο Ρίκο,Puerto Rico
Πουέρτο Ρίκο,Puerto Rico
Πουατιέ,Poitiers
Πούλα,Pula
Πράγα,Prague
Πράγα,Prague
Πράια,Praia
Πράσινο,Green
Πράσινο Ακρωτήριο,Cape Verde
Πράσινο Ακρωτήριο,Cape Verde
Πρίαμος,Priam
Πρίσμα,Prism
Πραγματικός αριθμός,Real number
Πρασινοδύμιο,Praseodymium
Προγραμματιστής,Programmer
Προκάμβρια,Precambrian
Προμήθειο,Promethium
Προμηθέας,Prometheus
Προπάνιο,Propane
Προπαγάνδα,Propaganda
Προπονητές ποδοσφαίρου,Football  managers
Προσευχή,Prayer
Προσκοπισμός,Scouting
Προστάτης,Prostate
Προτεκτοράτο,Protectorate
Προτεροζωικός αιώνας,Proterozoic
Προτεσταντισμός,Protestantism
Προφήτης,Prophet
Προφυλακτικό,Condom
Προύσα,Bursa
Πρωθυπουργός,Prime minister
Πρωσία,Prussia
Πρωτακτίνιο,Protactinium
Πρωταπριλιά,April Fools' Day
Πρωτεΐνη,Protein
Πρωτεύοντα θηλαστικά,Primate
Πρωτεύουσα,Capital
Πρωτοχρονιά,New Year
Πρωτόζωο,Protozoa
Πρωτόκολλο Μεταφοράς Υπερκειμένου,Hypertext Transfer Protocol
Πρωτόνιο,Proton
Πρόεδρος,President
Πρύμνη,Puppis
Πρώτη Σύνοδος της Κωνσταντινούπολης,First Council of Constantinople
Πρώτη Σύνοδος της Νίκαιας,First Council of Nicaea
Πρώτιστα,Protist
Πρώτιστα,Protista
Πρώτος αριθμός,Prime number
Πτηνόν,Apus
Πυγμάχοι,Boxers
Πυγμαχία,Boxing
Πυθαγόρας ο Σάμιος,Pythagoras
Πυκνωτής,Capacitor
Πυξίδα,Compass
Πυξίς,Pyxis
Πυρήνας,Kernel
Πυρίτιο,Silicon
Πυραμίδα,Pyramid
Πυρετός,Fever
Πυρηναία,Pyrenees
Πυρηνική σχάση,Nuclear fission
Πυρηνική σύντηξη,Nuclear fusion
Πυρηνική φυσική,Nuclear physics
Πυροβολικό,Artillery
Πυροσβεστική,Firefighter
Πωλ Βερλαίν,Paul Verlaine
Πωλ Γιόχαν Λ. Χάισε,Paul Johann Ludwig von Heyse
Πωλ Γκωγκέν,Paul Gauguin
Πωλ Μακάρτνεϋ,Paul McCartney
Πόδι,Foot
Πόκερ,Poker
Πόλεμος,War
Πόλεμος,War
Πόλεμος της Ισπανικής Διαδοχής,War of the Spanish Succession
Πόλεμος του Βιετνάμ,Vietnam War
Πόλεμος του Κόλπου,Gulf War
Πόλη,Town
Πόλη του Μεξικού,Mexico City
Πόντιος Πιλάτος,Pontius Pilate
Πόρτα,Door
Πόρτο,Porto
Πότσδαμ,Potsdam
Πύργος,Rook
Πύργος της Βαβέλ,Tower of Babel
Πύργος του Άιφελ,Eiffel Tower
Πύρρειος νίκη,Pyrrhic victory
Ράδιο,Radium
Ράινερ Μαρία Ρίλκε,Rainer Maria Rilke
Ράντγιαρντ Κίπλινγκ,Rudyard Kipling
Ρέα,Rhea
Ρέα,Rhea
Ρέγκε,Reggae
Ρέμπραντ,Rembrandt
Ρήνιο,Rhenium
Ρήνος,Rhine
Ρίγα,Riga
Ρίγανη,Oregano
Ρίγκελ,Rigel
Ρίνγκο Σταρ,Ringo Starr
Ρίο ντε Τζανέιρο,Rio de Janeiro
Ρίτσαρντ Νίξον,Richard Nixon
Ρίτσαρντ Ράιτ,Richard Wright
Ρίτσαρντ Φάινμαν,Richard Feynman
Ρίτσαρτ Μπάκμινστερ Φύλλερ,Buckminster Fuller
Ρίχαρντ Βάγκνερ,Richard Wagner
Ρίχαρντ Στράους,Richard Strauss
Ρα,Ra
Ραββίνος,Rabbi
Ραδερφόρντιο,Rutherfordium
Ραδιενέργεια,Radioactive decay
Ραδιοτηλεσκόπιο,Radio telescope
Ραδιοχρονολόγηση,Radiocarbon dating
Ραδιόφωνο,Radio
Ραδόνιο,Radon
Ρακίνας,Jean Racine
Ραμαζάνι,Ramadan
Ραμπάτ,Rabat
Ραμπιντρανάθ Ταγκόρ,Rabindranath Tagore
Ραντάρ,Radar
Ρατσισμός,Racism
Ραφαήλ,Raphael
Ρεβιθιά,Chickpea
Ρεγγίνα,Regina
Ρεμς,Reims
Ρεντγκένιο,Roentgenium
Ρεπουμπλικανικό Κόμμα,Republican Party
Ρευστό,Fluid
Ρεύμα του Κόλπου,Gulf Stream
Ρητορική,Rhetoric
Ρητός αριθμός,Rational number
Ριάντ,Riyadh
Ριβόσωμα,Ribosome
Ρινόκερος,Rhinoceros
Ροδακινιά,Peach
Ροζ,Pink
Ροζάριο,Rosary
Ροκ μουσική,Rock music
Ροκ μουσική,Rock music
Ροκέ,Castling
Ροκοκό,Rococo
Ρολόι,Clock
Ρομανσική γλώσσα,Romansh
Ρομαντισμός,Romanticism
Ρομπέν των Δασών,Robin Hood
Ρομπότ,Robot
Ρουάντα,Rwanda
Ρουάντα,Rwanda
Ρουβίδιο,Rubidium
Ρουβικώνας,Rubicon
Ρουθήνιο,Ruthenium
Ρουμανία,Romania
Ρουμανία,Romania
Ρούντολφ Ες,Rudolf Hess
Ρυθμός της Βασιλικής,Basilica
Ρω,Rho
Ρωμαϊκές θεότητες,Roman mythology
Ρωμαϊκή Αυτοκρατορία,Roman Empire
Ρωμαϊκή Δημοκρατία,Roman Republic
Ρωμαϊκή μυθολογία,Roman mythology
Ρωσία,Russia
Ρωσία,Russia
Ρόαλντ Αμούνδσεν,Roald Amundsen
Ρόδιο,Rhodium
Ρόδος,Rhodes
Ρόζα Παρκς,Rosa Parks
Ρόμβος,Rhombus
Ρόμπερτ Λη,Robert E. Lee
Ρόμπερτ Λούις Στίβενσον,Robert Louis Stevenson
Ρόμπερτ Μπόιλ,Robert Boyle
Ρόμπερτ Ντε Νίρο,Robert De Niro
Ρόμπερτ Οπενχάιμερ,Robert Oppenheimer
Ρόμπερτ Σούμαν,Robert Schumann
Ρόναλντ Ρήγκαν,Ronald Reagan
Ρόουντ Άιλαντ,Rhode Island
Ρότερνταμ,Rotterdam
Ρύζι,Rice
Ρώμη,Rome
Ρώμη,Rome
Σάββατο,Saturday
Σάλιο,Saliva
Σάλτσμπουργκ,Salzburg
Σάμιουελ Μορς,Samuel F. B. Morse
Σάμιουελ Μπέκετ,Samuel Beckett
Σάντρο Μποτιτσέλι,Sandro Botticelli
Σάρι,Sari
Σάρρεϋ,Surrey
Σάτυροι,Satyr
Σέλας,Aurora
Σέλευκος Α' Νικάτωρ,Seleucus I Nicator
Σέλινο,Celery
Σέντραλ Παρκ,Central Park
Σίγκμουντ Φρόυντ,Sigmund Freud
Σίγκριντ Ούντσετ,Sigrid Undset
Σίγμα,Sigma
Σίδηρος,Iron
Σίδνεϊ,Sydney
Σίκαλη,Rye
Σίνκλερ Λιούις,Sinclair Lewis
Σίσυφος,Sisyphus
Σίφωνας,Tornado
Σαγκάη,Shanghai
Σαλέρνο,Salerno
Σαλαμάνδρα,Salamander
Σαλαντίν,Saladin
Σαμάρα,Samara
Σαμάριο,Samarium
Σαμανισμός,Shamanism
Σαμαρκάνδη,Samarkand
Σαμουράι,Samurai
Σαμόα,Samoa
Σαμόα,Samoa
Σαν Σαλβαδόρ,San Salvador
Σαν Φρανσίσκο,San Francisco
Σανσκριτική γλώσσα,Sanskrit
Σαντάμ Χουσεΐν,Saddam Hussein
Σαξωνία,Saxony
Σαξωνία,Saxony
Σαξόφωνο,Saxophone
Σαουδική Αραβία,Saudi Arabia
Σαουδική Αραβία,Saudi Arabia
Σαπφώ,Sappho
Σαράγεβο,Sarajevo
Σαραγόσα,Zaragoza
Σαρανταήμερο,Advent
Σαρδηνία,Sardinia
Σαρκοφάγα,Carnivore
Σαρκοφάγος,Sarcophagus
Σαρλ Φουριέ,Charles Fourier
Σαρλ ντε Γκωλ,Charles de Gaulle
Σαρλρουά,Charleroi
Σασκάτσουαν,Saskatchewan
Σατούρνους,Saturn
Σαχάρα,Sahara
Σαϊγκόν,Ho Chi Minh City
Σαύρα,Lacerta
Σαύρα,Lizard
Σβάστικα,Swastika
Σείριος,Sirius
Σεβίλλη,Seville
Σεγκόβια,Segovia
Σειρά,Series
Σειρήνες,Siren
Σειρηνοειδή,Sirenia
Σεισμολογία,Seismology
Σεισμός,Earthquake
Σελήνη,Moon
Σελήνη,Selene
Σελήνιο,Selenium
Σενεγάλη,Senegal
Σενεγάλη,Senegal
Σεξισμός,Sexism
Σεξουαλικότητα,Sexuality
Σεξουαλικώς μεταδιδόμενα νοσήματα,Sexually transmitted disease
Σεούλ,Seoul
Σεπτέμβριος,September
Σερβία,Serbia
Σερβία,Serbia
Σερβία και Μαυροβούνιο,Serbia and Montenegro
Σεργκέι Αϊζενστάιν,Sergei Eisenstein
Σεργκέι Ραχμάνινοφ,Sergei Rachmaninoff
Σεροτονίνη,Serotonin
Σετ,Set
Σεϋχέλλες,Seychelles
Σεϋχέλλες,Seychelles
Σηκουάνας,Seine
Σημίτες,Semitic
Σημαία,Flag
Σημασιολογία,Semantics
Σημείο,Point
Σημείο τήξης,Melting point
Σημειωτική,Semiotics
Σημύδα,Birch
Σιάτλ,Seattle
Σιέρα Λεόνε,Sierra Leone
Σιέρα Λεόνε,Sierra Leone
Σιβηρία,Siberia
Σιγκαπούρη,Singapore
Σιγκαπούρη,Singapore
Σιδηρούν παραπέτασμα,Iron Curtain
Σικάγο,Chicago
Σικελία,Sicily
Σικελία,Sicily
Σικελική μαφία,Mafia
Σιλεσία,Silesia
Σιμπόργκιο,Seaborgium
Σιμόν ντε Μποβουάρ,Simone de Beauvoir
Σιντάρτα Γκαουτάμα,Gautama Buddha
Σιντοϊσμός,Shinto
Σιχισμός,Sikhism
Σιωνισμός,Zionism
Σκάκι,Chess
Σκάκι,Chess
Σκάνδιο,Scandium
Σκανδιναβία,Scandinavia
Σκανδιναβία,Scandinavia
Σκανδιναβική Χερσόνησος,Scandinavian Peninsula
Σκανδιναβική μυθολογία,Norse mythology
Σκανδιναβική μυθολογία,Norse mythology
Σκηνοθέτης,Film director
Σκιπίων,Scipio Africanus
Σκορπιός,Scorpius
Σκοτεινή ύλη,Dark matter
Σκουλήκι,Worm
Σκωτία,Scotland
Σκωτία,Scotland
Σκωτική γλώσσα,Scottish Gaelic
Σκόπια,Skopje
Σκόρδο,Garlic
Σκύλος,Dog
Σλοβακία,Slovakia
Σλοβακία,Slovakia
Σλοβενία,Slovenia
Σλοβενία,Slovenia
Σοβιετική Ένωση,Soviet Union
Σοκολάτα,Chocolate
Σολομών,Solomon
Σομαλία,Somalia
Σομαλία,Somalia
Σονάτα,Sonata
Σονέτο,Sonnet
Σορβόνη,Sorbonne
Σοσιαλισμός,Socialism
Σοσιαλισμός,Socialism
Σοσιαλιστικό Κόμμα Γαλλίας,Socialist Party
Σουαζιλάνδη,Swaziland
Σουαζιλάνδη,Swaziland
Σουδάν,Sudan
Σουδάν,Sudan
Σουηδία,Sweden
Σουηδία,Sweden
Σουλτάνος,Sultan
Σουμέριοι,Sumer
Σουνίτες,Sunni Islam
Σουντόκου,Sudoku
Σουρινάμ,Suriname
Σουρινάμ,Suriname
Σουχάρτο,Suharto
Σοφία Λόρεν,Sophia Loren
Σοφοκλής,Sophocles
Σούπερμαν,Superman
Σούφι,Sufism
Σπάρτη,Sparta
Σπένσερ Τρέισι,Spencer Tracy
Σπήλαιο,Cave
Σπίρτο,Match
Σπανάκι,Spinach
Σπηλαιολογία,Speleology
Σπιν,Spin
Σπλήνας,Spleen
Σπλιτ,Split
Σπονδυλωτό,Vertebrate
Σπρίνγκφιλντ,Springfield
Σπόγγος,Sponge
Σρι Λάνκα,Sri Lanka
Σρι Λάνκα,Sri Lanka
Στάνλεϊ Κιούμπρικ,Stanley Kubrick
Στέπα,Steppe
Στέφανος Βόρειος,Corona Borealis
Στέφι Γκραφ,Steffi Graf
Στήβεν Χώκινγκ,Stephen Hawking
Στήλη της Ροζέττας,Rosetta Stone
Στίβος,Athletics
Στατιστική,Statistics
Στατιστική,Statistics
Στατιστική μηχανική,Statistical mechanics
Σταυρόλεξο,Crossword
Σταυρός,Cross
Σταυρός Νότιος,Crux
Σταχτοπούτα,Cinderella
Σταύρωση,Crucifixion
Στεγόσαυρος,Stegosaurus
Στενογραφία,Shorthand
Στερεό,Solid
Στερεό,Solid state
Στερλίνα,Pound sterling
Στινγκ,Sting
Στοιχειώδες σωματίδιο,Elementary particle
Στοκχόλμη,Stockholm
Στομάχι,Stomach
Στοματικό σεξ,Oral sex
Στουτγκάρδη,Stuttgart
Στρασβούργο,Strasbourg
Στρατηγική,Strategy
Στρατός,Army
Στρατός,Military
Στρατόσφαιρα,Stratosphere
Στρουκτουραλισμός,Structuralism
Στροφορμή,Angular momentum
Στρωματογραφία,Stratigraphy
Στρόντιο,Strontium
Στωικισμός,Stoicism
Στόουνχεντζ,Stonehenge
Στύγα,Styx
Συγγραφέας,Author
Συγχωροχάρτι,Indulgence
Συμβίωση,Symbiosis
Συμφωνία,Symphony
Συμφωνική ορχήστρα,Orchestra
Συνάρτηση,Function
Συναγωγή,Synagogue
Συναισθήματα,Emotion
Συναισθησία,Synesthesia
Συνεχές ρεύμα,Direct current
Συνθέτης,Composer
Συνθήκη των Βερσαλλιών,Treaty of Versailles
Συνουσία,Sexual intercourse
Συντεχνία,Guild
Συντομογραφία,Abbreviation
Συνωμοσία της Πυρίτιδας,Gunpowder Plot
Συρία,Syria
Συρία,Syria
Συρακούσες,Syracuse
Συστήματα γραφής,Writing system
Συστηματική,Systematics
Συχνότητα,Frequency
Σφίγγα,Sphinx
Σφυρί,Hammer
Σφυροδρέπανο,Hammer and sickle
Σχέδιο Μάρσαλ,Marshall Plan
Σχεδιασμός,Design
Σχετικισμός,Relativism
Σχετικότητα,Relativity
Σχετικότητα,Theory of relativity
Σχιζοφρένεια,Schizophrenia
Σχολαστικισμός,Scholasticism
Σωβινισμός,Chauvinism
Σωκράτης,Socrates
Σωμάτιο Golgi,Golgi apparatus
Σωματιδιακή Φυσική,Particle physics
Σωματιδιακή Φυσική,Particle physics
Σωματοδόμηση,Bodybuilding
Σωρείτες,Cumulus cloud
Σόλων,Solon
Σόφια,Sofia
Σύλβια Πλαθ,Sylvia Plath
Σύμβολο,Symbol
Σύμπαν,Universe
Σύμφωνο,Consonant
Σύνοδος της Εφέσου,Council of Ephesus
Σύνολο,Set
Σύνταγμα,Constitution
Σύνταξη,Syntax
Σύστημα,System
Σύστημα Μπράιγ,Braille
Σύστημα συντεταγμένων,Coordinate system
Σώμα,Field
Τάβλι,Backgammon
Τάγος,Tagus
Τάε Κβον Ντο,Taekwondo
Τάι Τζί Σουάν,Tai chi chuan
Τάμεσης,River Thames
Τάμπερε,Tampere
Τάνταλος,Tantalus
Τάξη,Order
Τάπιρος,Tapir
Τάρανδος,Reindeer
Τένεσι Ουίλιαμς,Tennessee Williams
Τέξας,Texas
Τέοντορ Mόμσεν,Theodor Mommsen
Τέρβιο,Terbium
Τέχνες,Arts
Τέχνη,Art
Τήξη,Melting
Τίβερης,Tiber
Τίγρης ποταμός,Tigris
Τίρανα,Tirana
Ταγγέρη,Tangier
Ταγματάρχης,Major
Ταλάντωση,Oscillation
Ταλίν,Tallinn
Ταλμούδ,Talmud
Ταμερλάνος,Timur
Ταμπού,Taboo
Τανάκ,Tanakh
Τανγκανίκα,Lake Tanganyika
Τανγκό,Tango
Τανζανία,Tanzania
Τανζανία,Tanzania
Ταντάλιο,Tantalum
Ταξί,Taxicab
Ταξινομία,Taxonomy
Ταοϊσμός,Taoism
Τασκένδη,Tashkent
Τασμανία,Tasmania
Τατζ Μαχάλ,Taj Mahal
Τατζικιστάν,Tajikistan
Τατζικιστάν,Tajikistan
Ταυ,Tau
Ταχυδρομικός κώδικας,Postal code
Ταχύτητα του φωτός,Speed of light
Ταϊβάν,Taiwan
Ταϊλάνδη,Thailand
Ταϊλάνδη,Thailand
Ταϊπέι,Taipei
Ταϊτή,Tahiti
Ταύρος,Taurus
Ταώς,Pavo
Τελ Αβίβ,Tel Aviv
Τελλούριο,Tellurium
Τενερίφη,Tenerife
Τερηδόνα,Dental caries
Τερτυλλιανός,Tertullian
Τερψιχόρη,Terpsichore
Τετάρτη,Wednesday
Τετράγωνο,Square
Τετράπλευρο,Quadrilateral
Τετραγράμματο,Yahweh
Τετραγωνικό μέτρο,Square metre
Τετραδόνιο,Quaternion
Τευτονική Χάνσα,Hanseatic League
Τεχεράνη,Tehran
Τεχνήτιο,Technetium
Τεχνητή νοημοσύνη,Artificial intelligence
Τεχνητή νοημοσύνη,Artificial intelligence
Τεχνητός δορυφόρος,Satellite
Τεχνολογία,Technology
Τεχνολογία,Technology
Τεχνολογικό Ινστιτούτο Μασαχουσέτης,Massachusetts Institute of Technology
Τζάκσον Πόλοκ,Jackson Pollock
Τζάνις Τζόπλιν,Janis Joplin
Τζάουλ,Joule
Τζέιμς Βαττ,James Watt
Τζέιμς Κλερκ Μάξγουελ,James Clerk Maxwell
Τζέιμς Μάθιου Μπάρι,J. M. Barrie
Τζέιμς Πρέσκοτ Τζάουλ,James Prescott Joule
Τζέντα,Jeddah
Τζέραλντ Φορντ,Gerald Ford
Τζέρσεϊ,Jersey
Τζέφρι Τσόσερ,Geoffrey Chaucer
Τζίμι Χέντριξ,Jimi Hendrix
Τζίμμυ Κάρτερ,Jimmy Carter
Τζίνι,Genie
Τζαίημς Μάντισον,James Madison
Τζαίημς Μονρόε,James Monroe
Τζαίημς Τζόυς,James Joyce
Τζαζ,Jazz
Τζαζ μουσική,Jazz
Τζακ Κέρουακ,Jack Kerouac
Τζακ Λέμον,Jack Lemmon
Τζακ Λόντον,Jack London
Τζακ ο Αντεροβγάλτης,Jack the Ripper
Τζακάρτα,Jakarta
Τζαμάικα,Jamaica
Τζαμάικα,Jamaica
Τζαμί,Mosque
Τζαϊνισμός,Jainism
Τζιάκομο Πουτσίνι,Giacomo Puccini
Τζιμπουτί,Djibouti
Τζιμπουτί,Djibouti
Τζιορντάνο Μπρούνο,Giordano Bruno
Τζιρόλαμο Σαβοναρόλα,Girolamo Savonarola
Τζον Μίλτον,John Milton
Τζον Μπαρντίν,John Bardeen
Τζον Ράσκιν,John Ruskin
Τζον Στάινμπεκ,John Steinbeck
Τζον Στιούαρτ Μιλλ,John Stuart Mill
Τζον Χέρσελ,John Herschel
Τζον φον Νόιμαν,John von Neumann
Τζορτζ Όργουελ,George Orwell
Τζορτζ Γκέρσουιν,George Gershwin
Τζορτζ Μπέρναρντ Σω,George Bernard Shaw
Τζουζέπε Βέρντι,Giuseppe Verdi
Τζούντο,Judo
Τζων Άνταμς,John Adams
Τζων Κέυνς,John Maynard Keynes
Τζων Λένον,John Lennon
Τζων Λοκ,John Locke
Τζωρτζ Μπους,George Bush
Τζωρτζ Μπους,George W. Bush
Τζωρτζ Ουάσινγκτων,George Washington
Τζωρτζ Χάρισον,George Harrison
Τζόζεφ Κόνραντ,Joseph Conrad
Τζόζεφ Πούλιτζερ,Joseph Pulitzer
Τζόρτζιο Βαζάρι,Giorgio Vasari
Τζόρτζιο ντε Κίρικο,Giorgio de Chirico
Τηθύς,Tethys
Τηθύς,Tethys
Τηλέφωνο,Telephone
Τηλεγραφία,Telegraphy
Τηλεομοιοτυπία,Fax
Τηλεπικοινωνίες,Telecommunication
Τηλεσκόπιο,Telescope
Τηλεσκόπιον,Telescopium
Τηλεόραση,Television
Τηλεόραση,Television
Τιμή,Price
Τιτάνας,Titan
Τιτάνας,Titan
Τιτάνες,Titan
Τιτάνιο,Titanium
Τιτσιάνο,Titian
Τιφλίδα,Tbilisi
Το Βιβλίο του Μόρμον,Book of Mormon
Τολέδο,Toledo
Τομάτα,Tomato
Τοξικολογία,Toxicology
Τοξότης,Sagittarius
Τοπικό δίκτυο υπολογιστών,Local area network
Τοπολογία,Topology
Τοπολογία δικτύου,Network topology
Τορά,Torah
Τορίνο,Turin
Τορπίλη,Torpedo
Τορόντο,Toronto
Τοσκάνη,Tuscany
Τουαρέγκ,Tuareg
Τουβαλού,Tuvalu
Τουβαλού,Tuvalu
Τουκάνα,Tucana
Τουλίπα,Tulip
Τουλούζη,Toulouse
Τουλόν,Toulon
Τουρισμός,Tourism
Τουρκία,Turkey
Τουρκία,Turkey
Τουρκμενιστάν,Turkmenistan
Τουρκμενιστάν,Turkmenistan
Τούβλο,Brick
Τούμπα,Tuba
Τούνδρα,Tundra
Τράπεζα,Bank
Τράπεζα,Mensa
Τρίγωνο,Triangle
Τρίγωνον,Triangulum
Τρίγωνον Νότιον,Triangulum Australe
Τρίτη,Tuesday
Τρίτων,Triton
Τρίχα,Hair
Τραίνο,Train
Τραγούδι,Song
Τραγωδία,Tragedy
Τρακτέρ,Tractor
Τρανζίστορ,Transistor
Τραπέζι,Table
Τραπέζιο,Trapezoid
Τραϊανός,Trajan
Τριέρη,Trier
Τριακονταετής Πόλεμος,Thirty Years' War
Τριγωνομετρία,Trigonometry
Τριγωνομετρική συνάρτηση,Trigonometric function
Τριλοβίτης,Trilobite
Τρινιντάντ,Trinidad
Τρινιντάντ και Τομπάγκο,Trinidad and Tobago
Τρινιντάντ και Τομπάγκο,Trinidad and Tobago
Τροία,Troy
Τρομοκρατία,Terrorism
Τρομοκρατία,Terrorism
Τρομπέτα,Trumpet
Τροπικός του Αιγόκερω,Tropic of Capricorn
Τροπόσφαιρα,Troposphere
Τροτσκισμός,Trotskyism
Τροχαλία,Pulley
Τρούλος,Dome
Τρωικός πόλεμος,Trojan War
Τρωκτικά,Rodent
Τρόλεϊ,Trolleybus
Τρόντχαϊμ,Trondheim
Τρόπις,Carina
Τσάι,Tea
Τσάι,Tea
Τσάρλι Πάρκερ,Charlie Parker
Τσάρλι Τσάπλιν,Charlie Chaplin
Τσάρος,Tsar
Τσέμπαλο,Harpsichord
Τσαντ,Chad
Τσαντ,Chad
Τσελιάμπινσκ,Chelyabinsk
Τσεχία,Czech Republic
Τσεχία,Czech Republic
Τσεχοσλοβακία,Czechoslovakia
Τσεχοσλοβακία,Czechoslovakia
Τσιγάρο,Cigarette
Τυνησία,Tunisia
Τυνησία,Tunisia
Τυρί,Cheese
Τυραννόσαυρος Ρεξ,Tyrannosaurus
Τυρρηνικό πέλαγος,Tyrrhenian Sea
Τυφών,Typhon
Τυχό Μπραχέ,Tycho Brahe
Τόγκο,Togo
Τόγκο,Togo
Τόκιο,Tokyo
Τόκος,Interest
Τόμας Έντισον,Thomas Edison
Τόμας Έντουαρντ Λόρενς,T. E. Lawrence
Τόμας Στερνς Έλιοτ,T. S. Eliot
Τόμας Τζέφερσον,Thomas Jefferson
Τόμας Χάρντι,Thomas Hardy
Τόμας Χομπς,Thomas Hobbes
Τόνγκα,Tonga
Τόνγκα,Tonga
Τόνι Μπλερ,Tony Blair
Τόνι Μόρρισον,Toni Morrison
Τόνος,Ton
Τόνος,Tonne
Τόξο,Bow
Τόφου,Tofu
Τύνιδα,Tunis
Τύρος,Tyre
Υαλογραφία,Stained glass
Υβρίδιο,Hybrid
Υγεία,Health
Υγεία,Health
Υγιεινή,Hygiene
Υγκντράσιλ,Yggdrasil
Υγρασία ατμόσφαιρας,Humidity
Υγρό,Liquid
Υγρό πυρ,Greek fire
Υδατάνθρακες,Carbohydrate
Υδατοσφαίριση,Water polo
Υδράργυρος,Mercury
Υδραγωγείο,Aqueduct
Υδρογόνο,Hydrogen
Υδρολογία,Hydrology
Υδρομηχανική,Fluid mechanics
Υδροχόος,Aquarius
Υδρόσφαιρα,Hydrosphere
Υεμένη,Yemen
Υεμένη,Yemen
Υετός,Precipitation
Υλισμός,Materialism
Υμενόπτερα,Hymenoptera
Υπαρξισμός,Existentialism
Υπερίων,Hyperion
Υπερβολή,Hyperbola
Υπερκαινοφανείς αστέρες,Supernova
Υπερκείμενο,Hypertext
Υπερρεαλισμός,Surrealism
Υπερυπολογιστής,Supercomputer
Υποβρύχιο,Submarine
Υποσύνολο,Subset
Υπουργός,Minister
Υπόθεση Αβογκάντρο,Avogadro's law
Υττέρβιο,Ytterbium
Υφαλοκρηπίδα,Continental shelf
Υψίφωνος,Soprano
Υψηλό Βαρομετρικό,Anticyclone
Φάγος,Bacteriophage
Φάντασμα,Ghost
Φάντο,Fado
Φάρος,Lighthouse
Φάρυγγας,Pharynx
Φέρμιο,Fermium
Φίδι,Snake
Φίλιππος Β',Philip II of Macedon
Φίλιππος Β' της Ισπανίας,Philip II of Spain
"Φίλιππος, Δούκας του Εδιμβούργου",Prince Philip
Φίτζι,Fiji
Φίτζι,Fiji
Φαγκότο,Bassoon
Φαινομενολογία,Phenomenology
Φαινυλκετονουρία,Phenylketonuria
Φαινόλη,Phenol
Φαινόμενο Ντόπλερ,Doppler effect
Φαινόμενο της πεταλούδας,Butterfly effect
Φαινόμενο του θερμοκηπίου,Greenhouse effect
Φακή,Lentil
Φακός,Lens
Φανεροζωικός αιώνας,Phanerozoic
Φαντάρος,Infantry
Φαράντ,Farad
Φαραώ,Pharaoh
Φαρμακευτική,Pharmacology
Φαρμακολογία,Pharmacology
Φασισμός,Fascism
Φασισμός,Fascism
Φασματοσκοπία,Spectroscopy
Φεβρουάριος,February
Φεμινισμός,Feminism
Φεμινισμός,Feminism
Φεντερίκο Φελίνι,Federico Fellini
Φεουδαρχία,Feudalism
Φερδινάνδος Μαγγελάνος,Ferdinand Magellan
Φερμιόνιο,Fermion
Φερντινάντ ντε Σωσσύρ,Ferdinand de Saussure
Φερράρα,Ferrara
Φθινόπωρο,Autumn
Φι,Phi
Φιάλη,Bottle
Φιλί,Kiss
Φιλαδέλφεια,Philadelphia
Φιλελευθερισμός,Liberalism
Φιλιππίνες,Philippines
Φιλιππίνες,Philippines
Φιλιππούπολη,Plovdiv
Φιλολογία,Philology
Φιλολογία,Philology
Φιλοσοφία,Philosophy
Φιλοσοφία,Philosophy
Φιλοτελισμός,Philately
Φινλανδία,Finland
Φινλανδία,Finland
Φινλανδικός κόλπος,Gulf of Finland
Φιντέλ Κάστρο,Fidel Castro
Φιοντόρ Ντοστογιέφσκι,Fyodor Dostoevsky
Φιόρδ,Fjord
Φλάβιος Βασιλίσκος,Basiliscus
Φλάνδρα,Flanders
Φλάουτο,Flute
Φλέβα,Vein
Φλαμανδική γλώσσα,Flemish
Φλωρεντία,Florence
Φλόριντα,Florida
Φοίνικας,Phoenix
Φοίνικας,Phoenix
Φοίνικες,Phoenicia
Φοίνιξ,Phoenix
Φοβία,Phobia
Φονταμενταλισμός,Fundamentalism
Φορητός υπολογιστής,Laptop
Φορμαλδεΰδη,Formaldehyde
Φορολογία,Taxation
Φουντουκιά,Hazel
Φουτουρισμός,Futurism
Φούγκα,Fugue
Φούκινγκ,Fucking
Φούτζι,Mount Fuji
Φράγκιο,Francium
Φράγμα,Dam
Φράκταλ,Fractal
Φράνσις Σκοτ Φιτζέραλντ,F. Scott Fitzgerald
Φράξια Κόκκινος Στρατός,Red Army Faction
Φράουλα,Strawberry
Φρέγια,Freyja
Φρέιρ,Freyr
Φρέντρικτον,Fredericton
Φρίγκα,Frigg
Φρίντριχ Ένγκελς,Friedrich Engels
Φρανθίσκο Φράνκο,Francisco Franco
Φρανκφούρτη,Frankfurt
Φρανκφούρτη,Frankfurt
Φρανσίσκο Γκόγια,Francisco Goya
Φραντς Γιόζεφ Χάυντν,Joseph Haydn
Φραντς Κάφκα,Franz Kafka
Φραντς Λιστ,Franz Liszt
Φραντς Σούμπερτ,Franz Schubert
Φρεγάτα,Frigate
Φρειδερίκος Β' Χοενστάουφεν,Frederick II
Φρεντ Ασταίρ,Fred Astaire
Φριτς Χάμπερ,Fritz Haber
Φρουκτόζη,Fructose
Φρούτα,Fruit
Φρούτα,Fruit
Φτέρη,Fern
Φτώχεια,Poverty
Φυματίωση,Tuberculosis
Φυσική,Physics
Φυσική,Physics
Φυσική επιλογή,Natural selection
Φυσική επιστήμη,Natural science
Φυσικοχημεία,Physical chemistry
Φυσικοχημεία,Physical chemistry
Φυσικό αέριο,Natural gas
Φυσικός αριθμός,Natural number
Φυσιολογία,Physiology
Φυτό,Plant
Φωβισμός,Fauvism
Φωλιά,Nest
Φωνήεν,Vowel
Φωνητική,Phonetics
Φωνητική,Phonetics
Φωνολογία,Phonology
Φως,Light
Φωσφόρος,Phosphorus
Φωταύγεια,Luminescence
Φωτιά,Fire
Φωτογραφία,Photography
Φωτογραφία,Photography
Φωτογραφική μηχανή,Camera
Φωτοσύνθεση,Photosynthesis
Φωτόνιο,Photon
Φόβος,Fear
Φόβος,Phobos
Φύκη,Algae
Φύλλο,Leaf
Φύση,Nature
Φύση,Nature
Φώνημα,Phoneme
Χάβρη,Le Havre
Χάγη,The Hague
Χάινριχ Χίμλερ,Heinrich Himmler
Χάινριχ Χερτζ,Heinrich Hertz
Χάιφα,Haifa
Χάλυβας,Steel
Χάνα Άρεντ,Hannah Arendt
Χάος,Chaos
Χάρολντ Πίντερ,Harold Pinter
Χάρων,Charon
Χάσιο,Hassium
Χέιμνταλ,Heimdall
Χέλμουτ Σμιτ,Helmut Schmidt
Χένρι Κάβεντις,Henry Cavendish
Χένρυ Κίσινγκερ,Henry Kissinger
Χένρυ Μίλλερ,Henry Miller
Χένρυ Μουρ,Henry Moore
Χένρυ Πέρσελ,Henry Purcell
Χίμαιρα,Chimera
Χίος,Chios
Χαβάη,Hawaii
Χαβάη,Hawaii
Χαλάζι,Hail
Χαλίφης,Caliph
Χαλαζίας,Quartz
Χαλκός,Copper
Χαμαιλέων,Chamaeleon
Χαμουραμπί,Hammurabi
Χανς Κρίστιαν Άντερσεν,Hans Christian Andersen
Χαρακίρι,Seppuku
Χαρταετός,Kite
Χαρτογραφία,Cartography
Χαρτογραφία,Cartography
Χαρτονόμισμα,Banknote
Χείρων,Chiron
Χεζμπολάχ,Hezbollah
Χειμερινοί Ολυμπιακοί Αγώνες,Winter Olympic Games
Χειμερινοί Ολυμπιακοί Αγώνες,Winter Olympic Games
Χειμώνας,Winter
Χειρουργική,Surgery
Χειρόγραφα της Νεκράς Θάλασσας,Dead Sea scrolls
Χειρόγραφο,Manuscript
Χελ,Hel
Χερουβείμ,Cherub
Χερσόνησος,Peninsula
Χερσόνησος του Σινά,Sinai Peninsula
Χημεία,Chemistry
Χημεία,Chemistry
Χημειοθεραπεία,Chemotherapy
Χημική αντίδραση,Chemical reaction
Χημικό στοιχείο,Chemical element
Χημικός δεσμός,Chemical bond
Χι,Chi
Χιλή,Chile
Χιλή,Chile
Χιλιετία,Millennium
Χιλιοστόμετρο,Millimetre
Χιλιόγραμμο,Kilogram
Χιντέκι Γιουκάβα,Hideki Yukawa
Χιούμορ,Humour
Χιούστον,Houston
Χιροσίμα,Hiroshima
Χιροχίτο,Hirohito
Χιτίνη,Chitin
Χιόνι,Snow
Χλωροφύλλη,Chlorophyll
Χλώριο,Chlorine
Χολέρα,Cholera
Χολή,Bile
Χοληδόχος κύστη,Gallbladder
Χοληστερίνη,Cholesterol
Χονγκ Κονγκ,Hong Kong
Χονγκ Κονγκ,Hong Kong
Χονιάρα,Honiara
Χονολουλού,Honolulu
Χορδωτά,Chordate
Χορτοφαγία,Vegetarianism
Χορός,Dance
Χορός,Dance
Χορός οριεντάλ,Belly dance
Χουρμάς,Date Palm
Χούμος,Humus
Χούτου,Hutu
Χρήμα,Money
Χρηματιστήριο αξιών,Stock exchange
Χρηματοοικονομικά,Finance
Χρηματοοικονομικά,Finance
Χριστιανισμός,Christianity
Χριστιανισμός,Christianity
Χριστούγεννα,Christmas
Χριστούγεννα,Christmas
Χριστόφορος Κολόμβος,Christopher Columbus
Χρονολόγηση,Chronology
Χρυσή Ορδή,Golden Horde
Χρυσός,Gold
Χρωματίνη,Chromatin
Χρόνος,Time
Χρόνος,Time
Χρώμιο,Chromium
Χταπόδι,Octopus
Χυτοσίδηρος,Cast iron
Χόκεϊ επί πάγου,Ice hockey
Χόκεϊ επί πάγου,Ice hockey
Χόλυγουντ,Hollywood
Χόρχε Λουίς Μπόρχες,Jorge Luis Borges
Χόσνι Μουμπάρακ,Hosni Mubarak
Χώρα,Country
Χώρες του Τρίτου Κόσμου,Third World
Χώρος,Space
Χώρος Χίλμπερτ,Hilbert space
Ψάρι,Fish
Ψάρια,Fish
Ψέμα,Lie
Ψαλίδι,Scissors
Ψαλμός,Psalms
Ψευδάργυρος,Zinc
Ψευδοεπιστήμη,Pseudoscience
Ψηφιακή φωτογραφική μηχανή,Digital camera
Ψηφιδωτό,Mosaic
Ψι,Psi
Ψυχή,Soul
Ψυχιατρική,Psychiatry
Ψυχολογία,Psychology
Ψυχολογία,Psychology
Ψυχρός πόλεμος,Cold War
Ψυχρός πόλεμος,Cold War
Ψωμί,Bread
Ψωρίαση,Psoriasis
Ωκεανία,Oceania
Ωκεανία,Oceania
Ωκεανίδες,Oceanid
Ωκεανογραφία,Oceanography
Ωκεανός,Ocean
Ωκεανός,Oceanus
Ωμ,Ohm
Ωμέγα,Omega
Ωρίων,Orion
Ωριγένης,Origen
Ωφελιμισμός,Utilitarianism
εγκέφαλος,Brain
