Other,English
1. august,August 1
1. jaanuar,January 1
1. juuli,July 1
1. mai,May 1
1. november,November 1
11. november,November 11
11. september,September 11
11. septembri terrorirünnakud,September 11
12. oktoober,October 12
12. veebruar,February 12
136199 Eris,Eris
14. aprill,April 14
14. juuni,June 14
14. veebruar,February 14
15. august,August 15
1530. aastad,1530s
17. märts,March 17
17. september,September 17
1750. aastad,1750s
1760. aastad,1760s
1770. aastad,1770s
1780. aastad,1780s
1790. aastad,1790s
1820. aastad,1820s
1830. aastad,1830s
1840. aastad,1840s
1850. aastad,1850s
1860. aastad,1860s
1870. aastad,1870s
1880. aastad,1880s
1890. aastad,1890s
19. jaanuar,January 19
19. märts,March 19
1900. aastad,1900s
1920. aastad,1920s
1930. aastad,1930s
1940. aastad,1940s
1950. aastad,1950s
1960. aastad,1960s
1970. aastad,1970s
1980. aastad,1980s
1990. aastad,1990s
2. märts,March 2
2. november,November 2
2. veebruar,February 2
20. jaanuar,January 20
21. juuni,June 21
22. veebruar,February 22
23. juuni,June 23
24. juuni,June 24
24. mai,May 24
24. oktoober,October 24
25. märts,March 25
29. juuni,June 29
29. september,September 29
29. veebruar,February 29
3. juuni,June 3
31. detsember,December 31
4. juuli,July 4
5. november,November 5
6. august,August 6
6. jaanuar,January 6
8. detsember,December 8
A,A
A cappella,A cappella
A-vitamiin,Retinol
A-vitamiin,Vitamin A
ABC,ABC
AIDS,AIDS
ASCII,American Standard Code for Information Interchange
ASEAN,Association of Southeast Asian Nations
ATP,ATP
Aabraham,Abraham
Aachen,Aachen
Aadam,Adam
Aadel,Nobility
Aadria meri,Adriatic Sea
Aafrika,Africa
Aafrika Sarv,Horn of Africa
Aaker,Acre
Aaloe,Aloe
Aar,Are
Aare jõgi,Aar
Aaria,Aria
Aaron,Aaron
Aasia,Asia
Aasia taapir,Malayan Tapir
Aasov,Sea of Azov
Aasta,Year
Aastaajad,Season
Aastakümned,Decade
Aatom,Atom
Aatomifüüsika,Atomic physics
Aatomkell,Atomic clock
Aatommass,Atomic mass
Aatommassiühik,Atomic mass unit
Aatomnumber,Atomic number
Abakus,Abacus
Abaluu,Scapula
Abeli rühm,Abelian group
Aberdeen,Aberdeen
Abhaasia,Abkhazia
Abidjan,Abidjan
Abiellumine,Marriage
Abraham Lincoln,Abraham Lincoln
Absint,Absinthe
Absolutism,Absolutism
Absoluutne nulltemperatuur,Absolute zero
Absoluutne tähesuurus,Absolute magnitude
Absoluutselt must keha,Black body
Absoluutväärtus,Absolute value
Abt,Abbot
Abu Dhabi,Abu Dhabi
Abu Dhabi emiraat,Abu Dhabi
Abuja,Abuja
Acapulco,Acapulco
Accra,Accra
Achilleus,Achilles
Aconcagua,Aconcagua
Acre osariik,Acre
Ad-Dawḩah,Doha
Adam Smith,Adam Smith
Adana,Adana
Addis Abeba,Addis Ababa
Adelaide,Adelaide
Aden,Aden
Adeni laht,Gulf of Aden
Adeniin,Adenine
Adenosiintrifosfaat,Adenosine triphosphate
Adiabaatiline protsess,Adiabatic process
Adige jõgi,Adige
Admiral,Admiral
Adolf Hitler,Adolf Hitler
Adonis,Adonis
Adrenaliin,Epinephrine
Adsorptsioon,Adsorption
Advent,Advent
Advokaat,Lawyer
Aed,Garden
Aedkoriander,Coriander
Aeg,Time
Aeneis,Aeneid
Aerosool,Aerosol
Afaliin,Bottlenose Dolphin
Afganistan,Afghanistan
Aforism,Aphorism
Afrikaani keel,Afrikaans
Afroameeriklased,African American
Agamemnon,Agamemnon
Agatha Christie,Agatha Christie
Agnostitsism,Agnosticism
Agoraa,Agora
Agorafoobia,Agoraphobia
Agra,Agra
Ahhaat,Agate
Ahi,Fornax
Ahter,Puppis
Ahvenalised,Perciformes
Ahvileivapuu,Adansonia
Aiandus,Gardening
Aikidō,Aikido
Aine,Matter
Aineias,Aeneas
Aini departemang,Ain
Ainuõõssed,Cnidaria
Airbus,Airbus
Aischylos,Aeschylus
Ajakirjandus,Journalism
Ajalugu,History
Ajatolla,Ayatollah
Ajaveeb,Blog
Ajavöönd,Time zone
Ajuripats,Pituitary gland
Akaatsia,Acacia
Aken,Window
Akira Kurosawa,Akira Kurosawa
Akord,Chord
Aksioom,Axiom
Aktiinium,Actinium
Aktinoidid,Actinide
Aktsia,Share
Akupunktuur,Acupuncture
Akustika,Acoustics
Akvaarium,Aquarium
Akvamariin,Aquamarine
Akvedukt,Aqueduct
Akvitaania,Aquitaine
Al Capone,Al Capone
Al Gore,Al Gore
Al-Başrah,Basra
Al-Kuwayt,Kuwait City
Al-Manāmah,Manama
Al-Qā‘idah,Al-Qaeda
Al-‘Aqabah,Aqaba
Al-‘Aqabah' laht,Gulf of Aqaba
Alabama,Alabama
Alaldi,Rectifier
Alalisvool,Direct current
Alam-Normandia,Basse-Normandie
Alam-Saksi,Lower Saxony
Alamhulk,Subset
Alamsaksa keel,Low German
Alan Shepard,Alan Shepard
Alan Turing,Alan Turing
Alaska,Alaska
Albaania,Albania
Albany,Albany
Albatroslased,Albatross
Albeedo,Albedo
Albert Camus,Albert Camus
Albert Einstein,Albert Einstein
Albert Schweitzer,Albert Schweitzer
Alberta,Alberta
Albiit,Albite
Aldebaran,Aldebaran
Aldehüüdid,Aldehyde
Aleksander Suur,Alexander the Great
Aleksander VI,Pope Alexander VI
Aleksandr Puškin,Alexander Pushkin
Aleksandr Solženitsõn,Aleksandr Solzhenitsyn
Aleksandria,Alexandria
Aleuudid,Aleutian Islands
Alexander Graham Bell,Alexander Graham Bell
Alexandre Dumas vanem,Alexandre Dumas
Alexis de Tocqueville,Alexis de Tocqueville
Alfaosake,Alpha particle
Alfred Dreyfus,Alfred Dreyfus
Alfred Hitchcock,Alfred Hitchcock
Alfred Nobel,Alfred Nobel
Alfred Russel Wallace,Alfred Russel Wallace
Algarv,Prime number
Algebra,Algebra
Algmeridiaan,Prime Meridian
Algoritm,Algorithm
Alkaanid,Alkane
Alkaloidid,Alkaloid
Alkeemia,Alchemy
Alkeenid,Alkene
Alkoholid,Alcohol
Alkoholism,Alcoholism
Alkohoolne jook,Alcoholic beverage
Alküünid,Alkyne
Allah,Allah
Alleel,Allele
Allegooria,Allegory
Allergia,Allergy
Alliteratsioon,Alliteration
Allofoon,Allophone
Allotroopia,Allotropy
Allveelaev,Submarine
Almatõ,Almaty
Alpid,Alps
Alsace,Alsace
Altai,Altay Mountains
Altar,Altar
Altar,Ara
Alternatiivmeditsiin,Alternative medicine
Altruism,Altruism
Alumiinium,Aluminium
Alumiiniumoksiid,Aluminium oxide
Alus,Base
Alvar Aalto,Alvar Aalto
Alžeeria,Algeria
Alžiir,Algiers
Amarüllilised,Amaryllidaceae
Amaterasu,Amaterasu
Amazonas,Amazon River
Ambrosius,Ambrose
Amedeo Avogadro,Amedeo Avogadro
Ameerika Riikide Konföderatsioon,Confederate States of America
Ameerika Samoa,American Samoa
Ameerika jalgpall,American football
Ameerika Ühendriigid,United States
Ameerika Ühendriikide Kongress,United States Congress
Ameerika Ühendriikide hümn,The Star-Spangled Banner
Ameerika Ühendriikide kodusõda,American Civil War
Ameerika Ühendriikide president,President of the United States
Amelia Earhart,Amelia Earhart
Amerigo Vespucci,Amerigo Vespucci
Ameriitsium,Americium
Ametiühing,Syndicate
Ametiühing,Trade union
Ametüst,Amethyst
Amfetamiin,Amphetamine
Amfiteater,Amphitheatre
Amfora,Amphora
Amhari keel,Amharic
Amiidid,Amide
Amiinid,Amine
Aminohapped,Amino acid
Amišid,Amish
Ammoniaak,Ammonia
Amneesia,Amnesia
Amnestia,Amnesty
Amon,Amun
Amper,Ampere
Amplituud,Amplitude
Amsterdam,Amsterdam
Amuur,Amur
Anabaptistid,Anabaptist
Anaeroobne glükolüüs,Fermentation
Anaheim,Anaheim
Analüütiline geomeetria,Analytic geometry
Anarhia,Anarchy
Anarhism,Anarchism
Anatole France,Anatole France
Anatoomia,Anatomy
Anaximandros,Anaximander
Andaluusia,Andalusia
Andamani meri,Andaman Sea
Anders Celsius,Anders Celsius
Andhra Pradesh,Andhra Pradesh
Andid,Andes
Andmebaas,Database
Andorra,Andorra
Andrea Palladio,Andrea Palladio
Andreas,Saint Andrew
Andrei Sahharov,Andrei Sakharov
Andrei Tarkovski,Andrei Tarkovsky
Andrew Jackson,Andrew Jackson
Andrew Johnson,Andrew Johnson
Andrew Lloyd Webber,Andrew Lloyd Webber
Android,Android
Andromeda,Andromeda
Andromeeda,Andromeda
Andromeeda galaktika,Andromeda Galaxy
Andy Warhol,Andy Warhol
Aneemia,Anemia
Anemomeeter,Anemometer
Angara,Angara River
Angeli juga,Angel Falls
Angerjalised,Eel
Anglikaani kirik,Church of England
Angola,Angola
Anguilla,Anguilla
Aniliin,Aniline
Animatsioon,Animation
Anime,Anime
Animism,Animism
Ankara,Ankara
Ankur,Anchor
Annapolis,Annapolis
Annapurna,Annapurna
Anne Boleyn,Anne Boleyn
Anoreksia,Anorexia nervosa
Antananarivo,Antananarivo
Antares,Antares
Antarktika,Antarctica
Anthony Hopkins,Anthony Hopkins
Antigua ja Barbuda,Antigua and Barbuda
Antikehad,Antibody
Antimon,Antimony
Antisemitism,Antisemitism
Antofagasta,Antofagasta
Antoine Lavoisier,Antoine Lavoisier
Anton Bruckner,Anton Bruckner
Anton Tšehhov,Anton Chekhov
Antonio Stradivari,Antonio Stradivari
Antonio Vivaldi,Antonio Vivaldi
Antonüüm,Antonym
Antropoloogia,Anthropology
Antroposoofia,Anthroposophy
Antwerpen,Antwerp
Anubis,Anubis
Aomen,Macau
Apalatšid,Appalachian Mountains
Apatiit,Apatite
Apelsinipuu,Orange
Apenniini poolsaar,Italian Peninsula
Aphrodite,Aphrodite
Apokrüüfid,Apocrypha
Apollo,Apollo
Apollo programm,Apollo program
Apollon,Apollo
Apoptoos,Apoptosis
Aprill,April
Apsiid,Apse
Apuulia,Apulia
Aquino Thomas,Thomas Aquinas
Ar-Riyāḑ,Riyadh
Araabia,Arabian Peninsula
Araabia keel,Arabic language
Araabia meri,Arabian Sea
Araabia Ühendemiraadid,United Arab Emirates
Araablased,Arab
Araali meri,Aral Sea
Arafura meri,Arafura Sea
Aragón,Aragon
Aram Hatšaturjan,Aram Khachaturian
Ararat,Mount Ararat
Arbuus,Watermelon
Archimedes,Archimedes
Ardennesi departemang,Ardennes
Areenid,Aromatic hydrocarbon
Areios,Arius
Arengupsühholoogia,Developmental psychology
Ares,Ares
Argentina,Argentina
Argoon,Argon
Arhaikum,Archean
Arheoloogia,Archaeology
Arhetüüp,Archetype
Arhiiv,Archive
Arhitekt,Architect
Arhitektuur,Architecture
Arianism,Arianism
Aristokraatia,Aristocracy
Aristoteles,Aristotle
Aritmeetika,Arithmetic
Arizona,Arizona
Arkaadia,Arcadia
Arkansas,Arkansas
Arktika,Arctic
Armastus,Love
Armeenia,Armenia
Armeenia keel,Armenian language
Armulaua sakrament,Eucharist
Arno jõgi,Arno River
Arnold Schönberg,Arnold Schoenberg
Arras,Arras
Arseen,Arsenic
Arst,Physician
Artemis,Artemis
Arthur Conan Doyle,Arthur Conan Doyle
Arthur Miller,Arthur Miller
Arthur Rimbaud,Arthur Rimbaud
Arthur Schopenhauer,Arthur Schopenhauer
Aruba,Aruba
Arv,Number
Arvuti,Computer
Arvutihiir,Mouse
Arvutilingvistika,Computational linguistics
Arvutiprogramm,Computer program
Arvutiviirus,Computer virus
Arvutivõrk,Computer network
Asbest,Asbestos
Aseksuaalsus,Asexuality
Aserbaidžaan,Azerbaijan
Asfalt,Asphalt
Asgard,Asgard
Asimuut,Azimuth
Asklepios,Asclepius
Asmara,Asmara
Aspiriin,Aspirin
Assam,Assam
Assemblerkeel,Assembly language
Assoorid,Azores
Assurbanipal,Ashurbanipal
Assüüria,Assyria
Astaat,Astatine
Astana,Astana
Astendamine,Exponentiation
Astenosfäär,Asthenosphere
Asteroid,Asteroid
Astrahan,Astrakhan
Astrobioloogia,Astrobiology
Astrofüüsika,Astrophysics
Astroloogia,Astrology
Astronoomia,Astronomy
Astronoomiline ühik,Astronomical unit
Aswān,Aswan
Atacama,Atacama Desert
Ateena,Athens
Atentaat,Assassination
Athena,Athena
Atlandi ookean,Atlantic Ocean
Atlanta,Atlanta
Atlantis,Atlantis
Atlas,Atlas
Atlase mäed,Atlas Mountains
Atmosfäär,Atmosphere
Atoll,Atoll
Aton,Aten
Atreus,Atreus
Atseetaldehüüd,Acetaldehyde
Atsetoon,Acetone
Atsetüleen,Acetylene
Attila,Attila the Hun
Au,Au
Auckland,Auckland
August,August
Augusta,Augusta
Auguste Rodin,Auguste Rodin
Augustinus,Augustine of Hippo
Augustus,Augustus
Aurumine,Evaporation
Austerlitzi lahing,Battle of Austerlitz
Austin,Austin
Austraalia,Australia
Austraalia dollar,Australian dollar
Australopithecus,Australopithecus
Austria,Austria
Austria-Ungari,Austria-Hungary
Auto,Automobile
Autor,Author
Autoriõigus,Copyright
Autosport,Auto racing
Autotroof,Autotroph
Auvergne,Auvergne
Avalikkussuhted,Public relations
Avataara,Avatar
Ave Maria,Hail Mary
Avignon,Avignon
Avogadro seadus,Avogadro's law
B,B
BASIC,BASIC
Baal,Baal
Baarium,Barium
Baffini laht,Baffin Bay
Baffini saar,Baffin Island
Bagdad,Baghdad
Bahama,Bahamas
Bahrein,Bahrain
Baieri,Bavaria
Baikali järv,Lake Baikal
Bait,Byte
Baja California,Baja California
Bakterid,Bacteria
Bakuu,Baku
Balalaika,Balalaika
Balaton,Lake Balaton
Baldr,Baldr
Baleaarid,Balearic Islands
Bali,Bali
Balkani poolsaar,Balkans
Ballett,Ballet
Ballistiline rakett,Ballistic missile
Baltimore,Baltimore
Bamako,Bamako
Bambus,Bamboo
Banaan,Banana
Banaan,Musa
Bangalore,Bangalore
Bangkok,Bangkok
Bangladesh,Bangladesh
Bangui,Bangui
Banjul,Banjul
Baptism,Baptist
Barbados,Barbados
Barbarid,Barbarian
Barbra Streisand,Barbra Streisand
Barcelona,Barcelona
Barentsi meri,Barents Sea
Bari,Bari
Barokk,Baroque
Barrel,Barrel
Basalt,Basalt
Basel,Basel
Basiilika,Basilica
Basilicata,Basilicata
Basilisk,Basilisk
Basseterre,Basseterre
Basskitarr,Bass guitar
Bastille,Bastille
Batman,Batman
Baton Rouge,Baton Rouge
Bauhaus,Bauhaus
Bayonne,Bayonne
Beauforti meri,Beaufort Sea
Bebop,Bebop
Beirut,Beirut
Bekrell,Becquerel
Belau,Palau
Belfast,Belfast
Belgia,Belgium
Belgrad,Belgrade
Belize,Belize
Belo Horizonte,Belo Horizonte
Benediktlased,Order of Saint Benedict
Bengal,Bengal
Bengali laht,Bay of Bengal
Benin,Benin
Benito Mussolini,Benito Mussolini
Benjamin Britten,Benjamin Britten
Benjamin Harrison,Benjamin Harrison
Benny Goodman,Benny Goodman
Bensiin,Gasoline
Beowulf,Beowulf
Bergen,Bergen
Beringi meri,Bering Sea
Beringi väin,Bering Strait
Berkeelium,Berkelium
Berkshire,Berkshire
Berliin,Berlin
Bermuda,Bermuda
Bermuda kolmnurk,Bermuda Triangle
Bern,Berne
Bernardo Bertolucci,Bernardo Bertolucci
Bertolt Brecht,Bertolt Brecht
Bertrand Russell,Bertrand Russell
Berüllium,Beryllium
Betoon,Concrete
Bette Davis,Bette Davis
Bhutan,Bhutan
Big Ben,Clock Tower
Bihar,Bihar
Biheiviorism,Behaviorism
Bikiinid,Bikini
Bilanss,Balance sheet
Bill Clinton,Bill Clinton
Bill Gates,Bill Gates
Binokkel,Binoculars
Biodiversiteet,Biodiversity
Biofüüsika,Biophysics
Biogeograafia,Biogeography
Biokeemia,Biochemistry
Bioloogia,Biology
Bioloogiline relv,Biological warfare
Biopsia,Biopsy
Biosfäär,Biosphere
Biotiin,Biotin
Bipolaarne häire,Bipolar disorder
Birma,Burma
Biseksuaalsus,Bisexuality
Biskaia laht,Bay of Biscay
Bismarck,Bismarck
Bissau,Bissau
Bitt,Bit
Bitüünia,Bithynia
Biškek,Bishkek
Blaise Pascal,Blaise Pascal
Bluus,Blues
Bob Dylan,Bob Dylan
Bob Marley,Bob Marley
Bobisõit,Bobsleigh
Bodeni järv,Lake Constance
Bodhisattva,Bodhisattva
Bohrium,Bohrium
Boise,Boise
Boksiit,Bauxite
Boliivia,Bolivia
Bologna,Bologna
Bolzano,Bolzano
Bolševikud,Bolshevik
Bonn,Bonn
Bonsai,Bonsai
Boor,Boron
Bordeaux,Bordeaux
Boriss Godunov,Boris Godunov
Boriss Pasternak,Boris Pasternak
Bosnia ja Hertsegoviina,Bosnia and Herzegovina
Boson,Boson
Bosporus,Bosporus
Boston,Boston
Bostoni teejoomine,Boston Tea Party
Bot,Bot
Botaanika,Botany
Botswana,Botswana
Bouvet' saar,Bouvet Island
Boëthius,Anicius Manlius Severinus Boethius
Braga,Braga
Brahma,Brahma
Brahmaputra,Brahmaputra River
Bram Stoker,Bram Stoker
Brandenburg,Brandenburg
Brasiilia,Brazil
Bratislava,Bratislava
Braunschweig,Braunschweig
Brauser,Web browser
Brazzaville,Brazzaville
Bremen,Bremen
Bremerhaven,Bremerhaven
Brescia,Brescia
Brest,Brest
Bretagne,Bretagne
Bridgetown,Bridgetown
Bridž,Contract bridge
Brigaad,Brigade
Brisbane,Brisbane
Bristol,Bristol
Briti Columbia,British Columbia
Briti Neitsisaared,British Virgin Islands
Briti saared,British Isles
Brno,Brno
Bronhiaalastma,Asthma
Brooklyn,Brooklyn
Broom,Bromine
Browni liikumine,Brownian motion
Bruce Lee,Bruce Lee
Brugge,Bruges
Brunei,Brunei
Brändi,Brandy
Brüssel,Brussels
Budapest,Budapest
Buddy Holly,Buddy Holly
Budism,Buddhism
Buenos Aires,Buenos Aires
Bujumbura,Bujumbura
Bukarest,Bucharest
Bulgaaria,Bulgaria
Burgundia,Bourgogne
Burkina Faso,Burkina Faso
Bursa,Bursa
Burundi,Burundi
Buss,Bus
Butaan,Butane
Bydgoszcz,Bydgoszcz
Bürgermeister,Burgomaster
Bürokraatia,Bureaucracy
C,C
C-vitamiin,Vitamin C
C. S. Lewis,C. S. Lewis
CAD,Computer-aided design
CD,Compact Disc
CIA,Central Intelligence Agency
Calabria,Calabria
California,California
Caligula,Caligula
Callisto,Callisto
Calvin Coolidge,Calvin Coolidge
Cambridge,Cambridge
Campania,Campania
Canaverali neem,Cape Canaveral
Canberra,Canberra
Canopus,Canopus
Caracas,Caracas
Cardiff,Cardiff
Carl Gustav Jung,Carl Jung
Carl Lewis,Carl Lewis
Carl Orff,Carl Orff
Carson City,Carson City
Casablanca,Casablanca
Castries,Castries
Catherine Aragónist,Catherine of Aragon
Cayenne,Cayenne
Cd,CD
Cecil Rhodes,Cecil Rhodes
Celsiuse skaala,Celsius
Ceres,Ceres
Cesare Borgia,Cesare Borgia
Champagne-Ardenne,Champagne-Ardenne
Charles Baudelaire,Charles Baudelaire
Charles Darwin,Charles Darwin
Charles Dickens,Charles Dickens
Charles Fourier,Charles Fourier
Charles II Paljaspea,Charles the Bald
Charles Lindbergh,Charles Lindbergh
Charles Mountbatten-Windsor,Charles
Charles Sanders Peirce,Charles Peirce
Charles de Gaulle,Charles de Gaulle
Charleston,Charleston
Charlie Chaplin,Charlie Chaplin
Charlie Parker,Charlie Parker
Charon,Charon
Che Guevara,Che Guevara
Cheiron,Chiron
Chemnitz,Chemnitz
Chennai,Chennai
Chester A. Arthur,Chester A. Arthur
Cheyenne,Cheyenne
Chicago,Chicago
Chihuahua osariik,Chihuahua
Chlodowech I,Clovis I
Chongqing,Chongqing
Christiaan Huygens,Christiaan Huygens
Christoph Kolumbus,Christopher Columbus
Christopher Marlowe,Christopher Marlowe
Chuck Berry,Chuck Berry
Chíos,Chios
Cicero,Cicero
Claude Monet,Claude Monet
Claudio Monteverdi,Claudio Monteverdi
Claudius,Claudius
Cleveland,Cleveland
Colin Powell,Colin Powell
Colombia,Colombia
Colombo,Colombo
Colorado,Colorado
Colorado jõgi,Colorado River
Colosseum,Colosseum
Columbia,Columbia
Conakry,Conakry
Concord,Concord
Connecticut,Connecticut
Constantinus Suur,Constantine I
Coriolisi efekt,Coriolis effect
Cork,Cork
Cornwall,Cornwall
Costa Rica,Costa Rica
Cotonou,Cotonou
Cotopaxi,Cotopaxi
Coulombi seadus,Coulomb's law
Cremona,Cremona
Cumbria,Cumbria
Curitiba,Curitiba
D,D
D-vitamiin,Vitamin D
DVD,DVD
Dadaism,Dada
Dakar,Dakar
Dalai-laama,Dalai Lama
Dallas,Dallas
Damaskus,Damascus
Daniel Bernoulli,Daniel Bernoulli
Daniel Defoe,Daniel Defoe
Daniel Ortega,Daniel Ortega
Dante Alighieri,Dante Alighieri
Dar es Salaam,Dar es Salaam
Dardanellid,Dardanelles
Darmstadtium,Darmstadtium
Darwin,Darwin
Daugavpils,Daugavpils
David Herbert Lawrence,D. H. Lawrence
David Hilbert,David Hilbert
David Hume,David Hume
David Livingstone,David Livingstone
David Ricardo,David Ricardo
Davis Cup,Davis Cup
De facto,De facto
Decius,Decius
Deco,Deco
Deduktsioon,Deductive reasoning
Deemon,Demon
Definitsioon,Definition
Deflatsioon,Deflation
Deism,Deism
Delaware,Delaware
Delfi,Delphi
Demagoogia,Demagogy
Dementsus,Dementia
Demeter,Demeter
Demograafia,Demography
Demokraatia,Democracy
Demokraatlik Partei,Democratic Party
Demokritos,Democritus
Demosthenes,Demosthenes
Denis Diderot,Denis Diderot
Denver,Denver
Depressioon,Clinical depression
Dermatoloogia,Dermatology
Des Moines,Des Moines
Desoksüribonukleiinhape,DNA
Determinant,Determinant
Determinism,Determinism
Detroit,Detroit
Detsember,December
Detsibell,Decibel
Deuteerium,Deuterium
Devon,Devonian
Devoni krahvkond,Devon
Dhaka,Dhaka
Dharma,Dharma
Dhaulagiri,Dhaulagiri
Dialektika,Dialectic
Diameeter,Diameter
Diana,Diana
Diana Frances Mountbatten-Windsor,Diana
Diego Rivera,Diego Rivera
Diferentsiaalvõrrand,Differential equation
Difteeria,Diphtheria
Digitaalfotograafia,Digital photography
Dijon,Dijon
Diktatuur,Dictatorship
Dingo,Dingo
Dinosaurused,Dinosaur
Diocletianus,Diocletian
Dionysos,Dionysus
Diood,Diode
Diplomaatia,Diplomacy
Dire Straits,Dire Straits
Disahhariidid,Disaccharide
Diskett,Floppy disk
Diskursus,Discourse
Dispersioon,Variance
Diviis,Division
Dizzy Gillespie,Dizzy Gillespie
Djibouti,Djibouti
Dmitri Mendelejev,Dmitri Mendeleev
Dmitri Šostakovitš,Dmitri Shostakovich
Dnepr,Dnieper River
Dnipropetrovsk,Dnipropetrovsk
Dobermann,Doberman Pinscher
Dodo,Dodo
Dodoma,Dodoma
Dogma,Dogma
Dokument,Document
Dollar,Dollar
Dolmen,Dolmen
Dolomiit,Dolomite
Domeen,Domain
Dominica,Dominica
Dominiiklased,Dominican Order
Dominikaani Vabariik,Dominican Republic
Domitianus,Domitian
Don,Don River
Donato Bramante,Donato Bramante
Donetsk,Donetsk
Doonau,Danube
Dooria stiil,Doric order
Dopamiin,Dopamine
Doppleri efekt,Doppler effect
Doris Lessing,Doris Lessing
Dortmund,Dortmund
Douala,Douala
Douglas MacArthur,Douglas MacArthur
Dover,Dover
Downi sündroom,Down syndrome
Dr. House,House
Dresden,Dresden
Dualism,Dualism
Dubai emiraat,Dubai
Dublin,Dublin
Dubnium,Dubnium
Dubrovnik,Dubrovnik
Duke Ellington,Duke Ellington
Duke'i ülikool,Duke University
Dušanbe,Dushanbe
Dwight Eisenhower,Dwight D. Eisenhower
Dünaamika,Dynamics
Düsproosium,Dysprosium
Düstoopia,Dystopia
Džainism,Jainism
Džaul,Joule
Džomolungma,Mount Everest
Džäss,Jazz
E,E
E-kiri,E-mail
E-vitamiin,Tocopherol
E. T. A. Hoffmann,E. T. A. Hoffmann
Ebro,Ebro
Echidna,Echidna
Ecuador,Ecuador
Edgar Allan Poe,Edgar Allan Poe
Edgar Degas,Edgar Degas
Edinburgh,Edinburgh
Edmond Halley,Edmond Halley
Edmonton,Edmonton
Edmund Hillary,Edmund Hillary
Edmund Husserl,Edmund Husserl
Edo,Edo
Edvard Grieg,Edvard Grieg
Edvard Munch,Edvard Munch
Edward Gibbon,Edward Gibbon
Edward Jenner,Edward Jenner
Edward Usutunnistaja,Edward the Confessor
Edwin Powell Hubble,Edwin Hubble
Eedeni aed,Garden of Eden
Eelkambrium,Precambrian
Eesti,Estonia
Eetika,Ethics
Eetrid,Ether
Egeuse meri,Aegean Sea
Egiptus,Egypt
Egiptuse nael,Egyptian pound
Egüptoloogia,Egyptology
Ehnaton,Akhenaten
Eiffeli torn,Eiffel Tower
Einsteinium,Einsteinium
Ekliptika,Ecliptic
Ekshibitsionism,Exhibitionism
Eksistentsialism,Existentialism
Ekskommunikatsioon,Excommunication
Eksperiment,Experiment
Ekspressionism,Expressionism
Ekvaator,Equator
Ekvatoriaal-Guinea,Equatorial Guinea
El Paso,El Paso
El Salvador,El Salvador
Elastsusmoodul,Young's modulus
Elavhõbe,Mercury
Elbe,Elbe
Eleanor Roosevelt,Eleanor Roosevelt
Elekter,Electricity
Elektrijaam,Power station
Elektrilaeng,Electric charge
Elektrimootor,Electric motor
Elektritakistus,Electrical resistance
Elektrivool,Electric current
Elektriväli,Electric field
Elektrokardiogramm,Electrocardiogram
Elektrokeemia,Electrochemistry
Elektrolüüs,Electrolysis
Elektrolüüt,Electrolyte
Elektromagnetism,Electromagnetism
Elektromagnetlaine,Electromagnetic radiation
Elektron,Electron
Elektroonika,Electronics
Elektrotehnika,Electrical engineering
Element,Element
Elias Canetti,Elias Canetti
Elizabeth Taylor,Elizabeth Taylor
Ella Fitzgerald,Ella Fitzgerald
Ellips,Ellipse
Elu,Life
Elund,Organ
Elvis Presley,Elvis Presley
Ema,Mother
Ema Teresa,Mother Teresa
Emadepäev,Mother's Day
Emakas,Uterus
Embrüo,Embryo
Embrüoloogia,Embryology
Emilia Romagna,Emilia-Romagna
Emily Dickinson,Emily Dickinson
Emma Goldman,Emma Goldman
Emotikon,Emoticon
Emotsioon,Emotion
Empaatia,Empathy
Empedokles,Empedocles
Empire State Building,Empire State Building
Emulaator,Emulator
Emulsioon,Emulsion
Endeemne liik,Endemism
Energia,Energy
Energia jäävuse seadus,Conservation of energy
Enrico Fermi,Enrico Fermi
Ensüüm,Enzyme
Entomoloogia,Entomology
Entroopia,Entropy
Entsüklopeedia,Encyclopedia
Eoon,Eon
Eotseen,Eocene
Epilepsia,Epilepsy
Epistemoloogia,Epistemology
Epitsenter,Epicenter
Erakond,Political party
Erasmus Rotterdamist,Desiderius Erasmus
Erasure,Erasure
Erato,Erato
Eratosthenes,Eratosthenes
Erbium,Erbium
Erebos,Erebus
Erie järv,Lake Erie
Eriidanus,Eridanus
Erik Axel Karlfeldt,Erik Axel Karlfeldt
Erik Satie,Erik Satie
Erirelatiivsusteooria,Special relativity
Eris,Eris
Ernest Hemingway,Ernest Hemingway
Ernest Rutherford,Ernest Rutherford
Erootika,Erotica
Erosioon,Erosion
Erwin Rommel,Erwin Rommel
Eshatoloogia,Eschatology
Esiaeg,Prehistory
Esikloomalised,Primate
Esimene Moosese raamat,Genesis
Esimene maailmasõda,World War I
Esimene ristisõda,First Crusade
Esmaspäev,Monday
Esperanto,Esperanto
Espoo,Espoo
Espresso,Espresso
Essee,Essay
Essen,Essen
Essex,Essex
Esteetika,Aesthetics
Estrid,Ester
Etaan,Ethane
Etaanhape,Acetic acid
Etanool,Ethanol
Ethernet,Ethernet
Etioopia,Ethiopia
Etna,Mount Etna
Etnograafia,Ethnography
Etnos,Ethnic group
Etoloogia,Ethology
Ettevõte,Business
Ettevõte,Corporation
Ettur,Pawn
Etüleen,Ethylene
Etümoloogia,Etymology
Eufrat,Euphrates
Eugene O'Neill,Eugene O'Neill
Eukarüoodid,Eukaryote
Eukleidese geomeetria,Euclidean geometry
Eunuhh,Eunuch
Euraasia,Eurasia
Euro,Euro
Euroopa,Europe
Euroopa Keskpank,European Central Bank
Euroopa Liit,European Union
Euroopium,Europium
Europa,Europa
Europe,Europa
Euskadi ta Askatasuna,ETA
Eutanaasia,Euthanasia
Eva Braun,Eva Braun
Evanescence,Evanescence
Evangeelium,Gospel
Evolutsioon,Evolution
Eyre'i järv,Lake Eyre
Ezra Pound,Ezra Pound
FBI,Federal Bureau of Investigation
Faas,Phase
Fado,Fado
Fagott,Bassoon
Fahrenheiti skaala,Fahrenheit
Fail,Computer file
Failisüsteem,File system
Faktoriaal,Factorial
Falklandi saared,Falkland Islands
Fanerosoikum,Phanerozoic
Farad,Farad
Farmakoloogia,Pharmacology
Fašism,Fascism
Federico Fellini,Federico Fellini
Felipe II,Philip II of Spain
Felix Mendelssohn-Bartholdy,Felix Mendelssohn
Feminism,Feminism
Feng shui,Feng shui
Fenomenoloogia,Phenomenology
Fenotüüp,Phenotype
Fenrir,Fenrir
Feodalism,Feudalism
Ferdinand II,Ferdinand II
Ferdinand de Saussure,Ferdinand de Saussure
Ferenc Liszt,Franz Liszt
Fermionid,Fermion
Fermium,Fermium
Fernão de Magalhães,Ferdinand Magellan
Ferrara,Ferrara
Fibonacci jada,Fibonacci number
Fidel Castro,Fidel Castro
Fidži,Fiji
Filateelia,Philately
Filipiini meri,Philippine Sea
Filipiinid,Philippines
Filippo Brunelleschi,Filippo Brunelleschi
Filmikunst,Film
Filoloogia,Philology
Filosoofia,Philosophy
Firenze,Florence
Fjodor Dostojevski,Fyodor Dostoevsky
Fjord,Fjord
Flamenko,Flamenco
Flamingo,Flamingo
Florence Nightingale,Florence Nightingale
Florida,Florida
Fluoriit,Fluorite
Flööt,Flute
Foiniikia,Phoenicia
Foneetika,Phonetics
Fonoloogia,Phonology
Foobia,Phobia
Foolhape,Folic acid
Footon,Photon
Formaldehüüd,Formaldehyde
Fort Worth,Fort Worth
Fosfaadid,Phosphate
Fosfor,Phosphorus
Fossiilne kütus,Fossil fuel
Fotoaparaat,Camera
Fotograafia,Photography
Fotosüntees,Photosynthesis
Fovism,Fauvism
Francesco Petrarca,Petrarch
Francis Bacon,Francis Bacon
Francis Drake,Francis Drake
Francis Poulenc,Francis Poulenc
Francisco Franco,Francisco Franco
Francisco Goya,Francisco Goya
Franciscus Assisist,Francis of Assisi
Frank Sinatra,Frank Sinatra
Frankfort,Frankfort
Frankfurt,Frankfurt
Frankfurt Oderi ääres,Frankfurt
Franklin Pierce,Franklin Pierce
Frantsisklased,Franciscan
Frantsium,Francium
Franz II Joseph Karl,Francis II
Franz Kafka,Franz Kafka
Franz Schubert,Franz Schubert
Free State,Free State
Freetown,Freetown
Fresko,Fresco
Freya,Freyja
Freyr,Freyr
Fridtjof Nansen,Fridtjof Nansen
Friedrich Engels,Friedrich Engels
Friedrich I Barbarossa,Frederick I
Friedrich II,Frederick II
Frigg,Frigg
Friisimaa provints,Friesland
Friuli-Venezia Giulia,Friuli-Venezia Giulia
Fruktoos,Fructose
Fucking,Fucking
Fuji,Mount Fuji
Fukuoka,Fukuoka
Funafuti,Funafuti
Fundamentalism,Fundamentalism
Funk,Funk
Funktsioon,Function
Futurism,Futurism
Fuuga,Fugue
Föderaalreserv,Federal Reserve System
Föderatsioon,Federation
Füsioloogia,Physiology
Füüsika,Physics
GIMP,GIMP
GNOME,GNOME
GNU,GNU
GPS,Global Positioning System
GUI,Graphical user interface
GULAG,Gulag
Gaas,Gas
Gabon,Gabon
Gaborone,Gaborone
Gabriel,Gabriel
Gadoliinium,Gadolinium
Gaetano Donizetti,Gaetano Donizetti
Gaia,Gaia
Galaatia,Galatia
Galaktika,Galaxy
Galeer,Galley
Galeniit,Galena
Galenos,Galen
Galicia,Galicia
Galiitsia,Galicia
Galilea,Galilee
Galileo Galilei,Galileo Galilei
Gallia,Gaul
Gallium,Gallium
Gambia,The Gambia
Gammakiirgus,Gamma ray
Ganges,Ganges
Gansu,Gansu
Ganymedes,Ganymede
Garonne,Garonne
Gaza tsoon,Gaza Strip
Geb,Geb
Geen,Gene
Gei,Gay
Geiser,Geyser
Geiša,Geisha
Genealoogia,Family history
Genealoogia,Genealogy
Geneetika,Genetics
Geneetiline kood,Genetic code
Genf,Geneva
Genfi järv,Lake Geneva
Genoom,Genome
Genotsiid,Genocide
Genotüüp,Genotype
Genova,Genoa
Gent,Ghent
Geodeesia,Geodesy
Geofüüsika,Geophysics
Geograafia,Geography
Geokeemia,Geochemistry
Geoloogia,Geology
Geomeetria,Geometry
Geomorfoloogia,Geomorphology
Geopoliitika,Geopolitics
Georg Friedrich Händel,George Frideric Handel
Georg Wilhelm Friedrich Hegel,Georg Wilhelm Friedrich Hegel
George Berkeley,George Berkeley
George Bernard Shaw,George Bernard Shaw
George Boole,George Boole
George Bush,George Bush
George Gershwin,George Gershwin
George Harrison,George Harrison
George Lucas,George Lucas
George Marshall,George Marshall
George Orwell,George Orwell
George Stephenson,George Stephenson
George W. Bush,George W. Bush
George Washington,George Washington
Georges Bizet,Georges Bizet
Georges Braque,Georges Braque
Georgia,Georgia
Gepard,Cheetah
Gerald Ford,Gerald Ford
Germaanium,Germanium
Gestapo,Gestapo
Geto,Ghetto
Ghana,Ghana
Giacomo Puccini,Giacomo Puccini
Gibraltar,Gibraltar
Gibraltari väin,Strait of Gibraltar
Gilgameš,Gilgamesh
Giorgio Vasari,Giorgio Vasari
Giotto di Bondone,Giotto di Bondone
Giovanni Boccaccio,Giovanni Boccaccio
Girolamo Savonarola,Girolamo Savonarola
Giuseppe Garibaldi,Giuseppe Garibaldi
Giuseppe Verdi,Giuseppe Verdi
Giza,Giza
Gladiaator,Gladiator
Glasgow,Glasgow
Glasnost,Glasnost
Globaalne soojenemine,Global warming
Globaliseerumine,Globalization
Gloucestershire,Gloucestershire
Glükolüüs,Glycolysis
Glükoos,Glucose
Glütserool,Glycerol
Gneiss,Gneiss
Gnostitsism,Gnosticism
Go,Go
Goa osariik,Goa
Gobi,Gobi Desert
Golani kõrgendikud,Golan Heights
Golda Meir,Golda Meir
Golf,Golf
Golfi hoovus,Gulf Stream
Goncourti auhind,Prix Goncourt
Google,Google
Gorgod,Gorgon
Grace Kelly,Grace Kelly
Gradient,Gradient
Grafiit,Graphite
Grafiti,Graffiti
Graham Greene,Graham Greene
Gramm,Gram
Grammatika,Grammar
Granaadid,Garnet
Graniit,Granite
Gravitatsioon,Gravitation
Gravitatsioonikonstant,Gravitational constant
Graz,Graz
Greenpeace,Greenpeace
Gregor Mendel,Gregor Mendel
Gregoriuse kalender,Gregorian calendar
Grei,Gray
Greibipuu,Grapefruit
Grenoble,Grenoble
Greta Garbo,Greta Garbo
Grover Cleveland,Grover Cleveland
Groznõi,Grozny
Gruusia,Georgia
Grööni meri,Greenland Sea
Gröönimaa,Greenland
Guaano,Guano
Guadeloupe,Guadeloupe
Guam,Guam
Guangdong,Guangdong
Guatemala,Guatemala
Guatemala,Guatemala City
Guayaquil,Guayaquil
Guernsey,Guernsey
Guglielmo Marconi,Guglielmo Marconi
Guillaume Apollinaire,Guillaume Apollinaire
Guinea,Guinea
Guinea laht,Gulf of Guinea
Guinea-Bissau,Guinea-Bissau
Gujarat,Gujarat
Guomindang,Kuomintang
Gupi,Guppy
Gustav Klimt,Gustav Klimt
Gustav Mahler,Gustav Mahler
Gustave Courbet,Gustave Courbet
Gustave Flaubert,Gustave Flaubert
Guy de Maupassant,Guy de Maupassant
Guyana,Guyana
Günekoloogia,Gynaecology
Güroskoop,Gyroscope
Gəncə,Ganja
H,H
HIV,HIV
HTML,HTML
Haag,The Hague
Habarovsk,Khabarovsk
Hadaikum,Hadean
Hades,Hades
Hadrianus,Hadrian
Hadž,Hajj
Hafnium,Hafnium
Hagia Sophia,Hagia Sophia
Haifa,Haifa
Haigla,Hospital
Haigus,Disease
Haiku,Haiku
Haiti,Haiti
Haiti saar,Hispaniola
Halle,Halle
Hallhani,Greylag Goose
Halloween,Halloween
Hallutsinatsioon,Hallucination
Halogeenid,Halogen
Hambahari,Toothbrush
Hamburg,Hamburg
Hamlet,Hamlet
Hammasratas,Gear
Hammurapi,Hammurabi
Hampshire,Hampshire
Hamster,Hamster
Hani dünastia,Han Dynasty
Hannah Arendt,Hannah Arendt
Hannibal,Hannibal
Hannover,Hanover
Hanoi,Hanoi
Hans Christian Andersen,Hans Christian Andersen
Hansa Liit,Hanseatic League
Hape,Acid
Hapnik,Oxygen
Happesademed,Acid rain
Harakas,European Magpie
Harakiri,Seppuku
Harare,Harare
Harf,Harp
Haridus,Education
Harilik jugapuu,Taxus baccata
Harilik kivipuravik,Boletus edulis
Harilik mandariinipuu,Mandarin orange
Harilik mandlipuu,Almond
Harilik mänd,Scots Pine
Harilik sidrunipuu,Lemon
Harkiv,Kharkiv
Harlem,Harlem
Harold Pinter,Harold Pinter
Harrastus,Hobby
Harriet Beecher Stowe,Harriet Beecher Stowe
Harriet Tubman,Harriet Tubman
Harrisburg,Harrisburg
Hartford,Hartford
Hartum,Khartoum
Hasartmäng,Gambling
Hassium,Hassium
Hastingsi lahing,Battle of Hastings
Haug,Northern pike
Haugaslased,Accipitridae
Havanna,Havana
Hawaii,Hawaii
Hawaii osariik,Hawaii
Hea Lootuse neem,Cape of Good Hope
Heavy metal,Heavy metal music
Heavy-metal,Heavy metal
Hebei,Hebei
Hebriidid,Hebrides
Hector Berlioz,Hector Berlioz
Hedonism,Hedonism
Heelium,Helium
Heeringavaal,Fin Whale
Hektar,Hectare
Hel,Hel
Helen Keller,Helen Keller
Helena,Helen
Helena,Helena
Heli,Sound
Helikopter,Helicopter
Helilooja,Composer
Helirida,Musical scale
Helmut Schmidt,Helmut Schmidt
Helsingi,Helsinki
Hematiit,Hematite
Hemoglobiin,Hemoglobin
Hemorroidid,Hemorrhoid
Henri,Henry
Henri Becquerel,Henri Becquerel
Henri Bergson,Henri Bergson
Henri Matisse,Henri Matisse
Henrik Ibsen,Henrik Ibsen
Henry Cavendish,Henry Cavendish
Henry David Thoreau,Henry David Thoreau
Henry Fonda,Henry Fonda
Henry Ford,Henry Ford
Henry Kissinger,Henry Kissinger
Henry Miller,Henry Miller
Hephaistos,Hephaestus
Hera,Hera
Herakleitos,Heraclitus
Herakles,Heracles
Herakles,Hercules
Heraldika,Heraldry
Herbert George Wells,H. G. Wells
Herbert Hoover,Herbert Hoover
Herbert Marcuse,Herbert Marcuse
Hereesia,Heresy
Hermafrodiit,Hermaphrodite
Herman Melville,Herman Melville
Hermann Hesse,Hermann Hesse
Hermann Ludwig Ferdinand von Helmholtz,Hermann von Helmholtz
Hermeneutika,Hermeneutics
Hermes,Hermes
Herodotos,Herodotus
Heroiin,Heroin
Heron,Hero of Alexandria
Hertfordshire,Hertfordshire
Herts,Hertz
Hertsog,Duke
Herāt,Herat
Hesperiidid,Hesperides
Hessen,Hesse
Hestia,Hestia
Heteroseksuaalsus,Heterosexuality
Heterotroof,Heterotroph
Hieronymus,Jerome
Hiina,China
Hiina,People's Republic of China
Hiina#Hiina Rahvavabariik,China
Hiir,Mouse
Himaalaja,Himalayas
Hinduism,Hinduism
Hindukuš,Hindu Kush
Hipiliikumine,Hippie
Hippokrates,Hippocrates
Hippokratese vanne,Hippocratic Oath
Hirm,Fear
Hirohito,Hirohito
Hiroshima,Hiroshima
Hispaania,Spain
Hispaania inimesed,Spanish people
Hispaania kodusõda,Spanish Civil War
Hispaania pärilussõda,War of the Spanish Succession
Histoloogia,Histology
Hobart,Hobart
Hobujõud,Horsepower
Hobune,Horse
Hobuslased,Equidae
Holland,Netherlands
Hollandi Antillid,Netherlands Antilles
Hollandi inimesed,Dutch people
Holmium,Holmium
Holotseen,Holocene
Homeros,Homer
Homiel,Gomel
Hominoidea,Ape
Homo habilis,Homo habilis
Homofoobia,Homophobia
Homoseksuaalsus,Homosexuality
Homöopaatia,Homeopathy
Homöostaas,Homeostasis
Honduras,Honduras
Hongkong,Hong Kong
Honiara,Honiara
Honolulu,Honolulu
Hooke'i seadus,Hooke's law
Hoone,Building
Hoorni neem,Cape Horn
Hoovus,Ocean current
Horatius,Horace
Hormuze väin,Strait of Hormuz
Horos,Horus
Horoskoop,Horoscope
Horvaatia,Croatia
Hotell,Hotel
Houston,Houston
Huang He,Yellow River
Hubble'i seadus,Hubble's law
Hubilai,Kublai Khan
Hudsoni laht,Hudson Bay
Hufu,Khufu
Hugo Grotius,Hugo Grotius
Hulk,Set
Hulkjalgsed,Myriapoda
Hulknurk,Polygon
Hulktahukas,Polyhedron
Humanism,Humanism
Humanitaarteadused,Humanities
Hunan,Hunan
Hunt,Gray Wolf
Huroni järv,Lake Huron
Huulõielised,Lamiaceae
Huumor,Humour
Huumus,Humus
Hyperion,Hyperion
Hypertext Transfer Protocol,Hypertext Transfer Protocol
Hypnos,Hypnos
Häbe,Vulva
Hägusloogika,Fuzzy logic
Häkker,Hacker
Hävitaja,Destroyer
Hävituslennuk,Fighter aircraft
Hõbe,Silver
Hõbekajakas,Herring Gull
Hõimkond,Phylum
Hõlmikpuu,Ginkgo
Hõõrdumine,Friction
Hüdroelektrijaam,Hydroelectricity
Hüdroloogia,Hydrology
Hüdrosfäär,Hydrosphere
Hügieen,Hygiene
Hülglased,Earless seal
Hümn,Hymn
Hüperbool,Hyperbola
Hüpertensioon,Hypertension
Hüpnoos,Hypnosis
Hüpotees,Hypothesis
Hüüumärk,Exclamation mark
I Konstantinoopoli kirikukogu,First Council of Constantinople
I Nikaia kirikukogu,First Council of Nicaea
II Vatikani kirikukogu,Second Vatican Council
Iapetos,Iapetus
Ibn Rushd,Averroes
Ibn Sīnā,Avicenna
Ibuprofeen,Ibuprofen
Ida,East
Ida-Aafrika,East Africa
Ida-Aafrika riftivöönd,Great Rift Valley
Ida-Hiina meri,East China Sea
Ida-Sussex,East Sussex
Ida-Timor,East Timor
Idaho,Idaho
Ideaalne gaas,Ideal gas
Idealism,Idealism
Ideoloogia,Ideology
Ido,Ido
Igikelts,Permafrost
Igiliikur,Perpetual motion
Ignatius Loyola,Ignatius of Loyola
Igor Stravinski,Igor Stravinsky
Iguaçu juga,Iguazu Falls
Ihtüoloogia,Ichthyology
Iiri meri,Irish Sea
Iirimaa,Ireland
Iirimaa,Republic of Ireland
Iirimaa inimesed,Irish people
Iirimaa saar,Ireland
Iisak,Isaac
Iisrael,Israel
Ilias,Iliad
Illinois,Illinois
Illüüria,Illyria
Ilm,Weather
Ilmjärv,Lake Ilmen
Ilmutuseraamat,Book of Revelation
Iluuisutamine,Figure skating
Imaam,Imam
Ime,Miracle
Imetajad,Mammal
Imeulme,Fantasy
Immanuel Kant,Immanuel Kant
Immunoloogia,Immunology
Immuunsüsteem,Immune system
Impressionism,Impressionism
Impulss,Momentum
Incheon,Incheon
India,India
India ookean,Indian Ocean
Indiaanlane,Indus
Indiana,Indiana
Indianapolis,Indianapolis
Indira Gandhi,Indira Gandhi
Indium,Indium
Indohiina poolsaar,Indochina
Indoneesia,Indonesia
Indra,Indra
Induktor,Inductor
Indus,Indus River
Inerts,Inertia
Inflatsioon,Inflation
Informaatika,Computer science
Informatsioon,Information
Informatsiooni-RNA,Messenger RNA
Informatsiooniteooria,Information theory
Infrapunakiirgus,Infrared
Ingel,Angel
Inglise keel,English language
Inglismaa,England
Inglissarv,Cor anglais
Ingmar Bergman,Ingmar Bergman
Ingrid Bergman,Ingrid Bergman
Inimene,Homo
Inimene,Human
Inimesed,People
Inimlased,Hominidae
Inkvisitsioon,Inquisition
Innsbruck,Innsbruck
Insektitsiid,Insecticide
Insuliin,Insulin
Intelligentsus,Intelligence
Intelligentsuskvoot,Intelligence quotient
Interferents,Interference
Internet,Internet
Internet Explorer,Internet Explorer
Interpretaator,Interpreter
Intervall,Interval
Intranet,Intranet
Intress,Interest
Intsest,Incest
Io,Io
Ioon,Ion
Iooniline side,Ionic bond
Iowa,Iowa
Ipriit,Sulfur mustard
Iraak,Iraq
Iraan,Iran
Iriidium,Iridium
Iris,Iris
Iron Maiden,Iron Maiden
Irratsionaalarvud,Irrational number
Irtõš,Irtysh River
Isaac Asimov,Isaac Asimov
Isaac Bashevis Singer,Isaac Bashevis Singer
Isaac Newton,Isaac Newton
Iseseisvus,Independence
Isis,Isis
Islam,Islam
Islamabad,Islamabad
Islami kalender,Islamic calendar
Island,Iceland
Isomeerid,Isomer
Isotoop,Isotope
Istuv Sõnn,Sitting Bull
Itaalia,Italy
Ithaka,Ithaca
Ivan Lendl,Ivan Lendl
Ivan Pavlov,Ivan Pavlov
Ivan Turgenev,Ivan Turgenev
Jaaguar,Jaguar
Jaanalinnulised,Ratite
Jaanuar,January
Jaapan,Japan
Jaapani meri,Sea of Japan
Jaava,Java
Jack London,Jack London
Jackson,Jackson
Jackson Pollock,Jackson Pollock
Jacksonville,Jacksonville
Jacques Cartier,Jacques Cartier
Jacques Derrida,Jacques Derrida
Jacques Offenbach,Jacques Offenbach
Jahipidamine,Hunting
Jahu,Flour
Jahve,Jehovah
Jahve,Yahweh
Jakarta,Jakarta
Jalg,Foot
Jalgpall,Football
Jalgpall riigiti,Football by country
Jalgpalliklubid,Football clubs
Jalgpallurid,Football players
Jalgratas,Bicycle
Jalgrattasport,Cycling
Jalgrattasõit,Cycling
Jalta,Yalta
Jalta konverents,Yalta Conference
Jalālābād,Jalalabad
Jamaica,Jamaica
James Bond,James Bond
James Buchanan,James Buchanan
James Clerk Maxwell,James Clerk Maxwell
James Cook,James Cook
James Garfield,James A. Garfield
James Joyce,James Joyce
James Knox Polk,James K. Polk
James Madison,James Madison
James Monroe,James Monroe
James Prescott Joule,James Prescott Joule
James Watt,James Watt
Jammu ja Kashmir,Jammu and Kashmir
Jan Amos Komenský,Comenius
Jan Hus,Jan Hus
Jane Austen,Jane Austen
Jane Fonda,Jane Fonda
Jane Grey,Lady Jane Grey
Jane Seymour,Jane Seymour
Jangtse,Yangtze River
Janis Joplin,Janis Joplin
Janus,Janus
Jaosvara,Shareware
Java,Java
Jean Piaget,Jean Piaget
Jean Racine,Jean Racine
Jean Sibelius,Jean Sibelius
Jean de La Fontaine,Jean de La Fontaine
Jean-Jacques Rousseau,Jean-Jacques Rousseau
Jean-Paul Sartre,Jean-Paul Sartre
Jeanne d'Arc,Joan of Arc
Jeemen,Yemen
Jeeriko,Jericho
Jeesus,Jesus
Jefferson City,Jefferson City
Jefferson Davis,Jefferson Davis
Jehoova tunnistajad,Jehovah's Witnesses
Jena,Jena
Jenissei,Yenisei River
Jeremy Bentham,Jeremy Bentham
Jerevan,Yerevan
Jerez de la Frontera,Jerez de la Frontera
Jerome David Salinger,J. D. Salinger
Jersey,Jersey
Jeruusalemm,Jerusalem
Jesuiidid,Society of Jesus
Jiang Jieshi,Chiang Kai-shek
Jiddah,Jeddah
Jimi Hendrix,Jimi Hendrix
Jimmy Carter,Jimmy Carter
Jogurt,Yoghurt
Johann Sebastian Bach,Johann Sebastian Bach
Johann Wolfgang von Goethe,Johann Wolfgang von Goethe
Johannes Brahms,Johannes Brahms
Johannes Gutenberg,Johannes Gutenberg
Johannes Kepler,Johannes Kepler
Johannes Vilhelm Jensen,Johannes Vilhelm Jensen
Johannesburg,Johannesburg
John Adams,John Adams
John Cage,John Cage
John Dalton,John Dalton
John Galsworthy,John Galsworthy
John Keats,John Keats
John Lennon,John Lennon
John Locke,John Locke
John Maynard Keynes,John Maynard Keynes
John Quincy Adams,John Quincy Adams
John Steinbeck,John Steinbeck
John Stuart Mill,John Stuart Mill
John Tyler,John Tyler
John Wayne,John Wayne
Johnny Cash,Johnny Cash
Jood,Iodine
Jooga,Yoga
Joonia,Ionia
Joonia meri,Ionian Sea
Joosua raamat,Book of Joshua
Jordaania,Jordan
Jordani Läänekallas,West Bank
Jordani jõgi,Jordan River
Jorge Luis Borges,Jorge Luis Borges
Joseph Conrad,Joseph Conrad
Joseph Goebbels,Joseph Goebbels
Joseph Haydn,Joseph Haydn
Joseph Louis Gay-Lussac,Joseph Louis Gay-Lussac
Joseph Priestley,Joseph Priestley
Joseph Pulitzer,Joseph Pulitzer
Jossif Stalin,Joseph Stalin
Judaism,Judaism
Judo,Judo
Juga,Waterfall
Jugoslaavia,Yugoslavia
Jules Verne,Jules Verne
Julianus Apostata,Julian the Apostate
Julius Caesar,Julius Caesar
Juliuse kalender,Julian calendar
Jumal,God
Juneau,Juneau
Jupiter,Jupiter
Juri Gagarin,Yuri Gagarin
Justinianus I,Justinian I
Juudas Iskariot,Judas Iscariot
Juudid,Jew
Juuli,July
Juuni,June
Juur,Root
Juura,Jurassic
Juust,Cheese
Jänes,Lepus
Jäneselised,Lagomorpha
Järv,Lake
Jää,Ice
Jääaeg,Ice age
Jäähoki,Ice hockey
Jääkaru,Polar bear
Jääkeegel,Curling
Jäämägi,Iceberg
Jõehobu,Hippopotamus
Jõgi,River
Jõud,Force
Jõulud,Christmas
Jõuluvana,Santa Claus
Jõumoment,Torque
Jüütimaa,Jutland
K2,K2
KGB,KGB
Kaaba,Kaaba
Kaadmium,Cadmium
Kaal,Weight
Kaalium,Potassium
Kaalud,Libra
Kaamel,Camel
Kaardimäng,Card game
Kaart,Map
Kaasan,Kazan
Kabala,Kabbalah
Kabe,Draughts
Kabul,Kabul
Kadakas,Juniper
Kadmos,Cadmus
Kaelkirjak,Giraffe
Kagu-Aasia,Southeast Asia
Kahepaiksed,Amphibian
Kahetiivalised,Fly
Kaimanisaared,Cayman Islands
Kainosoikum,Cenozoic
Kairo,Cairo
Kajaklased,Gull
Kaksikud,Gemini
Kalaan,Sea Otter
Kalad,Fish
Kaldeera,Caldera
Kalender,Calendar
Kalifaat,Caliphate
Kalifornium,Californium
Kaliif,Caliph
Kalimantan,Borneo
Kaljukotkas,Golden Eagle
Kaljumäestik,Rocky Mountains
Kalkulaator,Calculator
Kalor,Calorie
Kaltsedon,Chalcedony
Kaltsiit,Calcite
Kaltsium,Calcium
Kaltsiumkarbonaat,Calcium carbonate
Kaltsiumoksiid,Calcium oxide
Kalvinism,Calvinism
Kamambäär,Camembert
Kambodža,Cambodia
Kambrium,Cambrian
Kamerun,Cameroon
Kammloomad,Ctenophore
Kampala,Kampala
Kamtšatka poolsaar,Kamchatka Peninsula
Kana,Chicken
Kanaari saared,Canary Islands
Kanada,Canada
Kanada dollar,Canadian dollar
Kanal,Canal
Kanarbikulaadsed,Ericales
Kanarbikulised,Ericaceae
Kandahār,Kandahar
Kandela,Candela
Kanep,Cannabis
Kang,Lever
Kannibalism,Cannibalism
Kansas,Kansas
Kansas City,Kansas City
Kantaat,Cantata
Kantrimuusika,Country music
Kanuu,Canoe
Kapadookia,Cappadocia
Kapital,Capital
Kapitalism,Capitalism
Kaplinn,Cape Town
Kara meri,Kara Sea
Karaat,Carat
Karachi,Karachi
Karakal,Caracal
Karakoram,Karakoram
Karate,Karate
Karbamiid,Urea
Karbid,Bivalvia
Karboksüülhapped,Carboxylic acid
Karbon,Carboniferous
Kardinal,Cardinal
Kardinal Richelieu,Cardinal Richelieu
Karen Blixen,Karen Blixen
Kariibi meri,Caribbean Sea
Karikatuur,Caricature
Karl Barth,Karl Barth
Karl Jaspers,Karl Jaspers
Karl Marx,Karl Marx
Karl Popper,Karl Popper
Karl Suur,Charlemagne
Karl von Linné,Carolus Linnaeus
Karma,Karma
Karnataka,Karnataka
Karnivoor,Carnivore
Karpaadid,Carpathian Mountains
Kartaago,Carthage
Kartograafia,Cartography
Kartul,Potato
Karu,Brown Bear
Kasahstan,Kazakhstan
Kasiino,Casino
Kask,Birch
Kaslased,Felidae
Kaspia meri,Caspian Sea
Kass,Cat
Kassiopeia,Cassiopeia
Kaste,Dew
Kasvatusteadus,Pedagogy
Kasvuhoone,Greenhouse
Kasvuhoonegaasid,Greenhouse gas
Kataloonia,Catalonia
Katalüsaator,Catalysis
Katar,Qatar
Katarakt,Cataract
Katarid,Catharism
Katedraal,Cathedral
Katharine Hepburn,Katharine Hepburn
Katk,Bubonic plague
Katmandu,Kathmandu
Katoliiklus,Catholicism
Katoliku kirik,Roman Catholic Church
Katowice,Katowice
Katsushika Hokusai,Hokusai
Katteseemnetaimed,Flowering plant
Kaug-Ida,Far East
Kaugushüpe,Long jump
Kaukaasia,Caucasus
Kaukasus,Caucasus Mountains
Kaunas,Kaunas
Kazimir Malevitš,Kazimir Malevich
Kašelott,Sperm Whale
Keel,Language
Keelatud linn,Forbidden City
Keeleteadus,Linguistics
Keelikloomad,Chordate
Keemia,Chemistry
Keemiline element,Chemical element
Keemiline reaktsioon,Chemical reaction
Keemiline side,Chemical bond
Keemiline ühend,Chemical compound
Keemiliste elementide perioodilisussüsteem,Periodic table
Keemistemperatuur,Boiling point
Keevitamine,Welding
Keha ja vaimu dualism,Dualism
Kehamassiindeks,Body mass index
Keiser,Emperor
Keiserpingviin,Emperor Penguin
Kelvin,Kelvin
Kent,Kent
Kentaurid,Centaur
Kentucky,Kentucky
Kenya,Kenya
Keraamika,Ceramic
Kerberos,Cerberus
Kergejõustik,Athletics
Keriloomad,Rotifer
Kesk-Aafrika,Central Africa
Kesk-Aafrika Vabariik,Central African Republic
Kesk-Ameerika,Central America
Keskaeg,Middle Ages
Keskkond,Environment
Keskpiirkond,Centre
Keskriigid,Central Powers
Ketoonid,Ketone
Kevad,Spring
Khaan,Khan
Kibuts,Kibbutz
Kigali,Kigali
Kiiev,Kiev
Kiililised,Odonata
Kiirendus,Acceleration
Kiirus,Speed
Kiletiivalised,Hymenoptera
Kilimanjaro,Mount Kilimanjaro
Kilogramm,Kilogram
Kilomeeter,Kilometre
Kilp,Shield
Kimalane,Bumblebee
Kimäär,Chimera
Kinaver,Cinnabar
Kindral,General Officer
Kingston,Kingston
Kinshasa,Kinshasa
Kips,Gypsum
Kirbulised,Flea
Kiri,Writing system
Kiribati,Kiribati
Kirik,Church
Kiriku doktor,Doctor of the Church
Kirikuriik,Papal States
Kirillitsa,Cyrillic alphabet
Kirjandus,Literature
Kirjanik,Writer
Kirjavahemärgid,Punctuation
Kirjutusmasin,Typewriter
Kirkūk,Kirkuk
Kirves,Axe
Kiskjalised,Carnivora
Kitarr,Guitar
Kiviaeg,Stone Age
Kivim,Rock
Kivistis,Fossil
Kivisüsi,Coal
Klaas,Glass
Klahvpillid,Keyboard instrument
Klarnet,Clarinet
Klass,Class
Klassikaline muusika,Classical music
Klassitsism,Classicism
Klaver,Piano
Kliima,Climate
Kliimamuutus,Climate change
Klimatoloogia,Climatology
Kloor,Chlorine
Klooster,Monastery
Klorofüll,Chlorophyll
Kloroplast,Chloroplast
Knesset,Knesset
Knud Suur,Canute the Great
Knut Hamsun,Knut Hamsun
Kobras,Beaver
Kodanik,Citizenship
Kodukakk,Tawny Owl
Koduvarblane,House Sparrow
Koer,Dog
Kofeiin,Caffeine
Kohtumõistjate raamat,Book of Judges
Kohtvõrk,Local area network
Kohus,Court
Kohv,Coffee
Koirohi,Artemisia absinthium
Kokaiin,Cocaine
Kolb,Piston
Kolesterool,Cholesterol
Kolju,Skull
Kolkata,Kolkata
Kollaaž,Collage
Kollane,Yellow
Kollane meri,Yellow Sea
Kolmainsus,Trinity
Kolmapäev,Wednesday
Kolmas Riik,Nazi Germany
Kolmas ristisõda,Third Crusade
Kolmekümneaastane sõda,Thirty Years' War
Kolmnurk,Triangle
Kolmnurk,Triangulum
Kolonel,Colonel
Koloonia,Colony
Komeet,Comet
Kommunikatsioon,Communication
Kommunism,Communism
Komoorid,Comoros
Kompanii,Company
Kompass,Compass
Kompilaator,Compiler
Kompleksarv,Complex number
Komöödia,Comedy
Kondensaator,Capacitor
Konfutsianism,Confucianism
Konföderatsioon,Confederation
Kong Fuzi,Confucius
Kongo,Congo
Kongo Demokraatlik Vabariik,Democratic Republic of the Congo
Kongo Vabariik,Republic of the Congo
Kongo jõgi,Congo River
Konjak,Cognac
Konkurents,Competition
Konqueror,Konqueror
Konrad Adenauer,Konrad Adenauer
Konsensus,Consensus
Konservatism,Conservatism
Konstantinoopol,Constantinople
Konsul,Consul
Kontrabass,Double bass
Kontrapunkt,Counterpoint
Kontsentratsioon,Concentration
Koobalt,Cobalt
Koobas,Cave
Kookospalm,Coconut
Kookossaared,Cocos Islands
Kool,School
Koola poolsaar,Kola Peninsula
Koolera,Cholera
Koolibrilased,Hummingbird
Kooma,Coma
Koonus,Cone
Koorilaul,Choir
Kopenhaagen,Copenhagen
Kopskalad,Lungfish
Korallid,Coral
Korallimeri,Coral Sea
Korallrahu,Coral reef
Korea,Korea
Korea sõda,Korean War
Korpus,Field
Korrapärane dodekaeeder,Dodecahedron
Korsika,Corsica
Korund,Corundum
Korvett,Corvette
Korvpall,Basketball
Korvõielised,Asteraceae
Kosmiline kiirgus,Cosmic ray
Kosmoloogia,Cosmology
Kosovo,Kosovo
Kotkad,Eagle
Kovalentne side,Covalent bond
Krabilised,Crab
Kreeka,Greece
Kreeka tähestik,Greek alphabet
Kreeta,Crete
Krevetilised,Shrimp
Kriit,Cretaceous
Kriket,Cricket
Krimm,Crimea
Kristall,Crystal
Kristallograafia,Crystallography
Kristlus,Christianity
Kromatiin,Chromatin
Kromosoom,Chromosome
Kronos,Cronus
Kroom,Chromium
Krüptograafia,Cryptography
Krüptoon,Krypton
Ksenofoobia,Xenophobia
Ksenoon,Xenon
Kuala Lumpur,Kuala Lumpur
Kubism,Cubism
Kude,Tissue
Kuiperi vöö,Kuiper belt
Kukkurhunt,Thylacine
Kuld,Gold
Kuldhord,Golden Horde
Kultuur,Culture
Kung-fu,Kung fu
Kuningvesi,Aqua regia
Kunlun,Kunlun Mountains
Kunst,Art
Kunst,Arts
Kura jõgi,Kura River
Kurdistan,Kurdistan
Kuritegu,Crime
Kursk,Kursk
Kurt Vonnegut,Kurt Vonnegut
Kurt Waldheim,Kurt Waldheim
Kuu,Moon
Kuuba,Cuba
Kuup,Cube
Kuupäevaraja,International Date Line
Kuurium,Curium
Kuveit,Kuwait
Kvantmehaanika,Quantum mechanics
Kvargid,Quark
Kvarts,Quartz
Kvasar,Quasar
KwaZulu-Natal,KwaZulu-Natal
Kyōto,Kyoto
Kährik,Raccoon Dog
Käpalised,Orchidaceae
Kärbes,Musca
Käsitiivalised,Bat
Käsnad,Sponge
Kääne,Declination
Käärid,Scissors
Kõhrkalad,Chondrichthyes
Kõhutants,Belly dance
Kõlar,Loudspeaker
Kõrb,Desert
Kõrbed,Deserts
Kõrgemad vähid,Malacostraca
Kõrgõzstan,Kyrgyzstan
Kõri,Larynx
Kõrrelised,Poaceae
Kõrv,Ear
Kõrvukräts,Long-eared Owl
Kõvadus,Hardness
Köln,Cologne
Küberneetika,Cybernetics
Küberpunk,Cyberpunk
Kühmnokk-luik,Mute Swan
Küklaadid,Cyclades
Kükloobid,Cyclops
Küla,Village
Külm sõda,Cold War
Kümme käsku,Ten Commandments
Küpros,Cyprus
Küsimärk,Question mark
Küürvaal,Humpback Whale
Küüs,Nail
Küüslauk,Garlic
Kōbe,Kobe
L'Aquila,L'Aquila
LAMP-platvorm,LAMP
LISP,Lisp
LSD,Lysergic acid diethylamide
La Manche,English Channel
La Paz,La Paz
La Plata,La Plata
La Spezia,La Spezia
Laadoga järv,Lake Ladoga
Laama,Llama
Laamtektoonika,Plate tectonics
Laava,Lava
Labradori retriiver,Labrador Retriever
Ladina keel,Latin
Ladina kiri,Latin alphabet
Ladina-Ameerika,Latin America
Laev,Ship
Lagos,Lagos
Lahingulaev,Battleship
Lahore,Lahore
Lahus,Solution
Lahusti,Solvent
Laine,Wave
Lainepikkus,Wavelength
Laissez faire,Laissez-faire
Laiuskraad,Latitude
Laivõrk,Wide area network
Lameussid,Flatworm
Lancashire,Lancashire
Languedoc-Roussillon,Languedoc-Roussillon
Lansing,Lansing
Lantaan,Lanthanum
Lantanoidid,Lanthanide
Laos,Laos
Laps,Child
Laptevite meri,Laptev Sea
Las Vegas,Las Vegas
Laser,Laser
Lasteaed,Kindergarten
Lauamäng,Board game
Lauatennis,Table tennis
Laupäev,Saturday
Lauraasia,Laurasia
Lausanne,Lausanne
Lauto,Lute
Laviin,Avalanche
Lavrentsium,Lawrencium
Lazio,Lazio
Le Corbusier,Le Corbusier
Le Havre,Le Havre
Leda,Leda
Lee Harvey Oswald,Lee Harvey Oswald
Leeds,Leeds
Leedu,Lithuania
Leegion,Roman legion
Leelismetallid,Alkali metal
Leena,Lena River
Leer,Confirmation
Leetrid,Measles
Legend,Legend
Lehis,Larch
Leht,Leaf
Lehtsammaltaimed,Moss
Leib,Bread
Leiden,Leiden
Leipzig,Leipzig
Leitnant,Lieutenant
Lennukikandja,Aircraft carrier
Lennundus,Aviation
Leo I,Leo I
Leonardo da Vinci,Leonardo da Vinci
Leonhard Euler,Leonhard Euler
Leonid Brežnev,Leonid Brezhnev
Leopard,Leopard
Lepatriinulased,Coccinellidae
Leping,Contract
Leptonid,Lepton
Lesbi,Lesbian
Lesotho,Lesotho
Leto,Leto
Lev Trotski,Leon Trotsky
Levant,Levant
Levimuusika,Pop music
Lewis Carroll,Lewis Carroll
Lhasa,Lhasa
Lhotse,Lhotse
Libahunt,Werewolf
Libeeria,Liberia
Liberalism,Liberalism
Liblikaefekt,Butterfly effect
Liblikalised,Lepidoptera
Liblikõielised,Fabaceae
Libreto,Libretto
Libreville,Libreville
Liechtenstein,Liechtenstein
Liguuria,Liguria
Liguuria meri,Ligurian Sea
Liibanon,Lebanon
Liibüa,Libya
Liigaasta,Leap year
Liik,Species
Liikumine,Motion
Liilialised,Liliaceae
Liiter,Litre
Liitium,Lithium
Liitmine,Addition
Liiv,Sand
Liivakivi,Sandstone
Liivi laht,Gulf of Riga
Liivimaa,Livonia
Liköör,Liqueur
Lilith,Lilith
Lillkapsas,Cauliflower
Lilongwe,Lilongwe
Lima,Lima
Limnoloogia,Limnology
Limousin,Limousin
Limused,Mollusca
Lincoln,Lincoln
Lineaarvõrrand,Linear equation
Linn,Town
Linnriik,City-state
Linnud,Bird
Linnus,Castle
Linnutee,Milky Way
Linus Pauling,Linus Pauling
Linux,Linux
Linz,Linz
Lipp,Flag
Lisa viide,Fact
Lisajõgi,Tributary
Lise Meitner,Lise Meitner
Lissabon,Lisbon
Litograafia,Lithography
Litosfäär,Lithosphere
Liustik,Glacier
Liverpool,Liverpool
Ljubljana,Ljubljana
Loch Ness,Loch Ness
Logistika,Logistics
Logo,Logo
Loimurid,Tardigrade
Loire,Loire River
Loire'i departemang,Loire
Loki,Loki
Lombardia,Lombardy
London,London
Long Island,Long Island
Loodealad,Northwest Territories
Looded,Tide
Loodus,Nature
Looduskaitse,Environment
Looduslik valik,Natural selection
Loogika,Logic
Loomad,Animal
Loomastik,Fauna
Lope de Vega,Lope de Vega
Lorraine,Lorraine
Los Angeles,Los Angeles
Loti departemang,Lot
Louis Armstrong,Louis Armstrong
Louis II,Louis the Stammerer
Louis Pasteur,Louis Pasteur
Louisiana,Louisiana
Louisiana osariik,Louisiana
Louvre,Louvre
Luanda,Luanda
Lubjakivi,Limestone
Lublin,Lublin
Luciano Pavarotti,Luciano Pavarotti
Lucifer,Lucifer
Ludwig Boltzmann,Ludwig Boltzmann
Ludwig Vaga,Louis the Pious
Ludwig Wittgenstein,Ludwig Wittgenstein
Ludwig van Beethoven,Ludwig van Beethoven
Luide,Dune
Luigi Pirandello,Luigi Pirandello
Luik,Swan
Luksemburg,Luxembourg
Lumi,Snow
Luminestsents,Luminescence
Lund,Lund
Lusaka,Lusaka
Luteetsium,Lutetium
Luterlus,Lutheranism
Luu,Bone
Luuka evangeelium,Gospel of Luke
Luukalad,Osteichthyes
Luup,Magnifying glass
Luuüdi,Bone marrow
Luxembourg,Luxembourg
Luxor,Luxor
Luzon,Luzon
Lynx,Lynx
Lyon,Lyon
Lähis-Ida,Middle East
Lähtekood,Source code
Lämmastik,Nitrogen
Lämmastikhape,Nitric acid
Läti,Latvia
Lääne-Aafrika,West Africa
Lääne-Austraalia,Western Australia
Lääne-Bengal,West Bengal
Lääne-Berliin,West Berlin
Lääne-India,Caribbean
Lääne-Rooma keisririik,Western Roman Empire
Lääne-Sahara,Western Sahara
Lääne-Saksamaa,West Germany
Lääne-Sussex,West Sussex
Lääne-Virginia,West Virginia
Lääneanakard,Cashew
Läänemeri,Baltic Sea
Lääs,West
Lääts,Lens
Lõikheinalised,Cyperaceae
Lõpmatus,Infinity
Lõuatud,Agnatha
Lõuna,South
Lõuna-Aafrika Vabariik,South Africa
Lõuna-Ameerika,South America
Lõuna-Ameerika manner,South America
Lõuna-Austraalia,South Australia
Lõuna-Carolina,South Carolina
Lõuna-Dakota,South Dakota
Lõuna-Hiina meri,South China Sea
Lõuna-Korea,South Korea
Lõunapoolkera,Southern Hemisphere
Lõunapoolus,South Pole
Lõunarist,Crux
Lõunasaar,South Island
Lõvi,Lion
Löökpillid,Percussion instrument
Lülijalgsed,Arthropod
Lüüdia,Lydia
M,M
MESSENGER,MESSENGER
MIDI,Musical Instrument Digital Interface
MS-DOS,MS-DOS
Maa,Earth
Maa-tüüpi planeedid,Terrestrial planet
Maagaas,Natural gas
Maagia,Magic
Maahoki,Field hockey
Maailma Kaubandusorganisatsioon,World Trade Organization
Maailma Terviseorganisatsioon,World Health Organization
Maailmajagu,Continent
Maailmapank,World Bank
Maakitsus,Isthmus
Maakoor,Crust
Maapähkel,Peanut
Maateadus,Earth science
Maatriks,Matrix
Maavärin,Earthquake
Macintosh,Macintosh
Madagaskar,Madagascar
Madeira,Madeira
Madison,Madison
Madonna,Madonna
Madrid,Madrid
Madridi autonoomne piirkond,Madrid
Magalhãesi väin,Strait of Magellan
Magevesi,Freshwater
Magma,Magma
Magna Carta,Magna Carta
Magneesium,Magnesium
Magnetiit,Magnetite
Magnetresonantstomograafia,Magnetic resonance imaging
Magnetväli,Magnetic field
Magu,Stomach
Mahajaana,Mahayana
Maharashtra,Maharashtra
Mahatma Gandhi,Mahatma Gandhi
Mai,May
Main,Main
Maine,Maine
Mais,Maize
Majandusteadus,Economics
Majandusteadus,Economy
Major,Major
Makalu,Makalu
Makroökonoomika,Macroeconomics
Maksud,Tax
Malaaria,Malaria
Malahhiit,Malachite
Malaisia,Malaysia
Malaka poolsaar,Malay Peninsula
Malawi,Malawi
Malcolm X,Malcolm X
Maldiivid,Maldives
Male,Chess
Mali,Mali
Mallorca,Majorca
Malm,Cast iron
Malta,Malta
Malta keel,Maltese language
Maltoos,Maltose
Mammut,Mammoth
Man,Isle of Man
Managua,Managua
Manchester,Manchester
Mandala,Mandala
Mandrilava,Continental shelf
Mandrite triiv,Continental drift
Mandžuuria,Manchuria
Mangaan,Manganese
Mangroov,Mangrove
Manhattan,Manhattan
Manhattani projekt,Manhattan Project
Manila,Manila
Manipur,Manipur
Manitoba provints,Manitoba
Mannheim,Mannheim
Mantova,Mantua
Mantra,Mantra
Manuel de Falla,Manuel de Falla
Mao Zedong,Mao Zedong
Maputo,Maputo
Maraton,Marathon
Marc Chagall,Marc Chagall
Marcel Duchamp,Marcel Duchamp
Marcel Proust,Marcel Proust
Marche,Marche
Marco Polo,Marco Polo
Marcus Antonius,Mark Antony
Marcus Aurelius,Marcus Aurelius
Mardikalised,Beetle
Marduk,Marduk
Margaret Mead,Margaret Mead
Margaret Mitchell,Margaret Mitchell
Margaret Thatcher,Margaret Thatcher
Maria Callas,Maria Callas
Mariaanid,Mariana Islands
Marie Antoinette,Marie Antoinette
Marie Curie,Marie Curie
Mariehamn,Mariehamn
Marilyn Monroe,Marilyn Monroe
Mark Twain,Mark Twain
Markii de Sade,Marquis de Sade
Marksism,Marxism
Marlene Dietrich,Marlene Dietrich
Marmara,Sea of Marmara
Marmor,Marble
Maroko,Morocco
Marseille,Marseille
Marshalli Saared,Marshall Islands
Marshalli plaan,Marshall Plan
Marss,Mars
Martin Buber,Martin Buber
Martin Heidegger,Martin Heidegger
Martin Luther,Martin Luther
Martin Luther King,Martin Luther King
Martin Scorsese,Martin Scorsese
Martin Van Buren,Martin Van Buren
Martina Navrátilová,Martina Navratilova
Martinique,Martinique
Mary Shelley,Mary Shelley
Mary Wollstonecraft,Mary Wollstonecraft
Maryland,Maryland
Mashhad,Mashhad
Masin,Machine
Masinaehitus,Mechanical engineering
Masinkood,Machine code
Masqaţ,Muscat
Mass,Mass
Massachusetts,Massachusetts
Massachusettsi Tehnoloogiainstituut,Massachusetts Institute of Technology
Massiarv,Mass number
Mata Hari,Mata Hari
Matemaatika,Mathematics
Matemaatiline loogika,Mathematical logic
Matterhorn,Matterhorn
Mauna Kea,Mauna Kea
Mauna Loa,Mauna Loa
Maurice Ravel,Maurice Ravel
Mauritaania,Mauritania
Mauritius,Mauritius
Max Born,Max Born
Max Bruch,Max Bruch
Max Planck,Max Planck
Max Weber,Max Weber
Maximianus,Maximian
Mažoor,Major scale
Mbabane,Mbabane
Mediaan,Median
Medici,Medici
Mediina,Medina
Meditatsioon,Meditation
Meditsiin,Medicine
Meelelahutus,Entertainment
Meem,Meme
Meeter,Metre
Meetriline ruum,Metric space
Megabait,Megabyte
Mehaanika,Mechanics
Mehhiko,Mexico
Mehhiko laht,Gulf of Mexico
Meieisapalve,Lord's Prayer
Meioos,Meiosis
Meister Eckhart,Meister Eckhart
Meitneerium,Meitnerium
Meka,Mecca
Mekong,Mekong
Mel Gibson,Mel Gibson
Melaneesia,Melanesia
Meloodia,Melody
Memphis,Memphis
Mendeleevium,Mendelevium
Menelaos,Menelaus
Mercurius,Mercury
Meremiil,Nautical mile
Merevaik,Amber
Meri,Sea
Meridiaan,Meridian
Meripurad,Sea cucumber
Meriroosilised,Sea anemone
Merisiga,Guinea pig
Merisiilikud,Sea urchin
Meritokraatia,Meritocracy
Meritähed,Starfish
Merkantilism,Mercantilism
Merkuur,Mercury
Merovingid,Merovingian
Meryl Streep,Meryl Streep
Mesi,Honey
Mesilane,Bee
Mesindus,Beekeeping
Mesoliitikum,Mesolithic
Mesopotaamia,Mesopotamia
Mesosoikum,Mesozoic
Messina väin,Strait of Messina
Messing,Brass
Metaandmed,Metadata
Metaanhape,Formic acid
Metabolism,Metabolism
Metadoon,Methadone
Metafoor,Metaphor
Metafüüsika,Metaphysics
Metallid,Metal
Metalliline side,Metallic bond
Metallurgia,Metallurgy
Metanool,Methanol
Meteoorkeha,Meteoroid
Meteoriit,Meteorite
Meteoroloogia,Meteorology
Metodism,Methodism
Metroo,Rapid transit
Mets,Forest
Metsandus,Forestry
Metsasarv,Horn
Metskits,Roe Deer
Metssiga,Boar
Miami,Miami
Michael Faraday,Michael Faraday
Michelangelo,Michelangelo
Michelangelo Caravaggio,Caravaggio
Michigan,Michigan
Michigani järv,Lake Michigan
Migreen,Migraine
Miguel de Cervantes Saavedra,Miguel de Cervantes
Mihhail Bakunin,Mikhail Bakunin
Mihhail Glinka,Mikhail Glinka
Mihhail Gorbatšov,Mikhail Gorbachev
Miil,Mile
Mike Tyson,Mike Tyson
Miki Hiir,Mickey Mouse
Mikołaj Kopernik,Nicolaus Copernicus
Mikrofon,Microphone
Mikrokiip,Integrated circuit
Mikroneesia,Micronesia
Mikroneesia Liiduriigid,Federated States of Micronesia
Mikroorganismid,Microorganism
Mikroökonoomika,Microeconomics
Milano,Milan
Miles Davis,Miles Davis
Miljon,Million
Millard Fillmore,Millard Fillmore
Millimeeter,Millimetre
Milton Friedman,Milton Friedman
Milwaukee,Milwaukee
Minarett,Minaret
Mindanao,Mindanao
Mineraal,Mineral
Mineraalvesi,Mineral water
Mineraloogia,Mineralogy
Mingi dünastia,Ming Dynasty
Minimalism,Minimalism
Minnesota,Minnesota
Minoor,Minor scale
Minsk,Minsk
Minut,Minute
Miotseen,Miocene
Missa,Mass
Mississippi,Mississippi
Mississippi,Mississippi River
Missouri,Missouri
Missouri,Missouri River
Missouri osariik,Missouri
Mitokonder,Mitochondrion
Mittemetallid,Nonmetal
Mobiiltelefon,Mobile phone
Modem,Modem
Modernism,Modernism
Modest Mussorgski,Modest Mussorgsky
Moirad,Moirae
Moldova Vabariik,Moldova
Molekul,Molecule
Molekulaarbioloogia,Molecular biology
Molise,Molise
Molübdeen,Molybdenum
Mombasa,Mombasa
Monaco,Monaco
Monarh,Monarch
Monarhia,Monarchy
Mongoolia,Mongolia
Monica Seles,Monica Seles
Monomeer,Monomer
Monopol,Monopoly
Monosahhariidid,Monosaccharide
Monoteism,Monotheism
Monrovia,Monrovia
Mont Blanc,Mont Blanc
Montana,Montana
Montenegro,Montenegro
Montevideo,Montevideo
Montgomery,Montgomery
Montpelier,Montpelier
Montréal,Montreal
Montserrat,Montserrat
Mood,Fashion
Mool,Mole
Moondekivim,Metamorphic rock
Mooses,Moses
Mootorratas,Motorcycle
Moraal,Morality
Morava,Moravia
Morfeem,Morpheme
Morfoloogia,Morphology
Morsetähestik,Morse code
Mosambiik,Mozambique
Moskva,Moscow
Mossad,Mossad
Mosul,Mosul
Mount McKinley,Mount McKinley
Mošee,Mosque
Muinasjutt,Fairy tale
Muld,Soil
Multiipelskleroos,Multiple sclerosis
Mumbai,Mumbai
Muqdisho,Mogadishu
Murdumisnäitaja,Refractive index
Murmansk,Murmansk
Murrang,Fault
Murre,Dialect
Mussoon,Monsoon
Must,Black
Must auk,Black hole
Must meri,Black Sea
Must surm,Black Death
Must-toonekurg,Black Stork
Musträstas,Blackbird
Mutatsioon,Mutation
Muusad,Muse
Muuseum,Museum
Muusik,Musician
Muusika,Music
Muusikaalbum,Album
Muusikainstrument,Musical instrument
Muusikateadus,Musicology
Muutmälu,Random access memory
Muḩammad,Muhammad
Myanmar,Burma
Myanmar,Myanmar
Mäekuru,Mountain pass
Mäestik,Mountain range
Mäger,Eurasian Badger
Mägi,Mountain
Mälu,Memory
Mänd,Pine
Mäng,Game
Märter,Martyr
Märts,March
México,Mexico City
Mõrtsukhai,Great white shark
Mõtlemine,Thought
Mõttekoda,Think tank
Mõõde,Dimension
Mõõk,Sword
Mööbel,Furniture
Mükeene,Mycenae
Mükoloogia,Mycology
München,Munich
Münt,Coin
Müokardi infarkt,Myocardial infarction
Mürk,Poison
Mürk,Toxicity
Müstika,Mysticism
Mütoloogia,Mythology
Müüt,Myth
N'Djamena,N'Djamena
NATO,NATO
NSA,National Security Agency
Naatrium,Sodium
Naatriumhüdroksiid,Sodium hydroxide
Naatriumkloriid,Sodium chloride
Naatsaret,Nazareth
Nadine Gordimer,Nadine Gordimer
Nael,Pound
Nafta,Petroleum
Nagasaki,Nagasaki
Nagoya,Nagoya
Nahk,Skin
Naine,Woman
Nairobi,Nairobi
Naljapäev,April Fools' Day
Namibi kõrb,Namib Desert
Namiibia,Namibia
Nancy,Nancy
Nanga Parbat,Nanga Parbat
Nanotehnoloogia,Nanotechnology
Nantes,Nantes
Napoli,Naples
Nashville,Nashville
Natsionaalsotsialistlik Saksa Töölispartei,Nazi Party
Natsionalism,Nationalism
Naturaalarv,Natural number
Nauru,Nauru
Neandertallane,Neanderthal
Nebraska,Nebraska
Nebukadnetsar II,Nebuchadrezzar II
Neckar,Neckar
Neerud,Kidney
Neeva,Neva River
Negev,Negev
Neil Armstrong,Neil Armstrong
Neitsi,Virginity
Neitsinahk,Hymen
Neitsisaared,Virgin Islands
Nelgilaadsed,Caryophyllales
Nelipüha,Pentecost
Nelipühilased,Pentecostalism
Neljapäev,Thursday
Neljas ristisõda,Fourth Crusade
Nelson Mandela,Nelson Mandela
Nemea lõvi,Nemean Lion
Neodüüm,Neodymium
Neoliitikum,Neolithic
Neologism,Neologism
Neoon,Neon
Nepal,Nepal
Neptuun,Neptune
Neptuunium,Neptunium
Nero,Nero
Nerva,Nerva
Nessie,Loch Ness Monster
Neuron,Neuron
Neutriinod,Neutrino
Neutron,Neutron
Neutrontäht,Neutron star
Nevada,Nevada
New Brunswick,New Brunswick
New Delhi,New Delhi
New Hampshire,New Hampshire
New Jersey,New Jersey
New Jersey osariik,New Jersey
New Mexico,New Mexico
New Orleans,New Orleans
New Yorgi osariik,New York
New York,New York City
Newark,Newark
Newfoundland,Newfoundland
Newfoundland ja Labrador,Newfoundland and Labrador
Newport,Newport
Niagara juga,Niagara Falls
Niamey,Niamey
Niatsiin,Niacin
Nicaragua,Nicaragua
Nice,Nice
Niels Bohr,Niels Bohr
Niels Henrik Abel,Niels Henrik Abel
Nigeeria,Nigeria
Niger,Niger
Nigeri jõgi,Niger River
Nihilism,Nihilism
Niilus,Nile
Nikaia usutunnistus,Nicene Creed
Nikita Hruštšov,Nikita Khrushchev
Nikkel,Nickel
Nikola Petrović-Njegoš,Nicholas
Nikola Tesla,Nikola Tesla
Nikolaus,Saint Nicholas
Nikosia,Nicosia
Nikotiin,Nicotine
Nina,Nose
Nioobium,Niobium
Nirvaana,Nirvana
Nisu,Wheat
Njassa järv,Lake Malawi
Njuuton,Newton
Njördr,Njord
Noa,Noah
Noam Chomsky,Noam Chomsky
Nobeelium,Nobelium
Nobeli auhind,Nobel Prize
Nofretete,Nefertiti
Nokkloom,Platypus
Noodivõti,Clef
Noot,Note
Norfolk,Norfolk
Norfolki saar,Norfolk Island
Norman Mailer,Norman Mailer
Normandia,Normandy
Norra,Norway
Norra kroon,Norwegian krone
Norra meri,Norwegian Sea
Nostradamus,Nostradamus
Nouakchott,Nouakchott
Nova Scotia,Nova Scotia
Novaja Zemlja,Novaya Zemlya
November,November
Noviaal,Novial
Novosibirsk,Novosibirsk
Nuga,Knife
Nuhkvara,Spyware
Null,0
Numiidia,Numidia
Numismaatika,Numismatics
Nunavut,Nunavut
Nurk,Angle
Nädal,Week
Närimiskumm,Chewing gum
Närvisüsteem,Nervous system
Näärid,New Year
Nõrk vastastikmõju,Weak interaction
Nõukogude Liit,Soviet Union
Nürnberg,Nuremberg
Nüüdisaegsed olümpiamängud,Olympic Games
O'ahu,Oahu
OPEC,OPEC
Oaas,Oasis
Oakland,Oakland
Oaxaca osariik,Oaxaca
Ob,Ob River
Oboe,Oboe
Obsidiaan,Obsidian
Ockhami habemenuga,Occam's razor
Oda,Bishop
Oda,Spear
Oder,Barley
Odessa,Odessa
Odin,Odin
Odra,Oder River
Odysseus,Odysseus
Odüsseia,Odyssey
Ofort,Etching
Ohhoota meri,Sea of Okhotsk
Ohio,Ohio
Ohmi seadus,Ohm's law
Oidipus,Oedipus
Okasnahksed,Echinoderm
Okeaania,Oceania
Okeanograafia,Oceanography
Okeanos,Oceanus
Oklahoma,Oklahoma
Oksiidid,Oxide
Oksüdatsiooniaste,Oxidation state
Oksüümoron,Oxymoron
Oktaav,Octave
Oktoober,October
Oktoobrirevolutsioon,October Revolution
Oligarhia,Oligarchy
Oligotseen,Oligocene
Oliiviõli,Olive oil
Oliver Cromwell,Oliver Cromwell
Oliver Stone,Oliver Stone
Oliviin,Olivine
Olympia,Olympia
Olümpia,Olympia
Olümpiamängud,Olympics
Olümpos,Mount Olympus
Omaan,Oman
Omaani laht,Gulf of Oman
Omaha,Omaha
Omsk,Omsk
Onomastika,Onomastics
Ontario järv,Lake Ontario
Ontario provints,Ontario
Ontoloogia,Ontology
Ood,Ode
Ookean,Ocean
Ooper,Opera
Oopium,Opium
Opaal,Opal
Opel,Opel
Opera,Opera
Operatsioonisüsteem,Operating system
Operett,Operetta
Optika,Optics
Oraalseks,Oral sex
Oranž,Orange
Oratoorium,Oratorio
Orbiit,Orbit
Ordoviitsium,Ordovician
Oregon,Oregon
Orel,Organ
Org,Valley
Orgaaniline ühend,Organic compound
Organell,Organelle
Organisatsioon,Organization
Organism,Organism
Orgasm,Orgasm
Origami,Origami
Origenes,Origen
Orinoco,Orinoco
Orissa,Orissa
Orjus,Slavery
Orkester,Orchestra
Orlando,Orlando
Ornitoloogia,Ornithology
Orson Welles,Orson Welles
Oscar,Academy Award
Oscar Wilde,Oscar Wilde
Oslo,Oslo
Osmium,Osmium
Osoon,Ozone
Osoonikiht,Ozone layer
Ostrava,Ostrava
Otsetõus,Right ascension
Ottawa,Ottawa
Otto I,Otto I
Otto von Bismarck,Otto von Bismarck
Ovidius,Ovid
P,P
P'yŏngyang,Pyongyang
PKr,Anno Domini
Paabel,Babylon
Paabulind,Pavo
Paan,Pan
Paapua Uus-Guinea,Papua New Guinea
Paast,Fasting
Paat,Boat
Paavst,Pope
Pablo Neruda,Pablo Neruda
Pablo Picasso,Pablo Picasso
Padova,Padua
Paelussid,Cestoda
Paganlus,Paganism
Paju,Willow
Pakistan,Pakistan
Paleoliitikum,Paleolithic
Paleontoloogia,Paleontology
Paleosoikum,Paleozoic
Paleotseen,Paleocene
Palermo,Palermo
Palestiina,Palestine
Palestiina,Palestinian National Authority
Paljunemine,Reproduction
Pallaadium,Palladium
Palve,Prayer
Pamiir,Pamir Mountains
Panama,Panama
Panama kanal,Panama Canal
Panama maakitsus,Isthmus of Panama
Panamá,Panama City
Pangaea,Pangaea
Panteism,Pantheism
Panter,Panthera
Paokiirus,Escape velocity
Papüürus,Papyrus
Parabool,Parabola
Paracelsus,Paracelsus
Parafiilia,Paraphilia
Paraguay,Paraguay
Parallaks,Parallax
Paramaribo,Paramaribo
Parapsühholoogia,Parapsychology
Parfüüm,Perfume
Pariis,Paris
Parkinsoni tõbi,Parkinson's disease
Parlament,Parliament
Parmenides,Parmenides
Paroodia,Parody
Parsek,Parsec
Partlased,Anatidae
Pascal,Pascal
Paskal,Pascal
Pass,Passport
Pastapliiats,Ballpoint pen
Pastöriseerimine,Pasteurization
Pataljon,Battalion
Patent,Patent
Patriarh,Patriarch
Patrick White,Patrick White
Patsifism,Pacifism
Patt,Sin
Paul Gauguin,Paul Gauguin
Paul Johann Ludwig von Heyse,Paul Johann Ludwig von Heyse
Paul McCartney,Paul McCartney
Paul von Hindenburg,Paul von Hindenburg
Pauli printsiip,Pauli exclusion principle
Paulus,Paul the Apostle
Pauluse kiri roomlastele,Epistle to the Romans
Pays de la Loire,Pays de la Loire
Peaaju,Brain
Peajalgsed,Cephalopod
Pealinn,Capital
Peaminister,Prime minister
Peapiiskop,Archbishop
Pedofiilia,Pedophilia
Peensool,Small intestine
Peetrus,Saint Peter
Peking,Beijing
Peloponnesos,Peloponnese
Pennsylvania,Pennsylvania
Pentagramm,Pentagram
Peptiidid,Peptide
Percy Shelley,Percy Bysshe Shelley
Perekond,Genus
Perestroika,Perestroika
Perikles,Pericles
Perm,Perm
Perm,Permian
Pernambuco,Pernambuco
Perseus,Perseus
Perth,Perth
Peruu,Peru
Pesapall,Baseball
Peter Paul Rubens,Peter Paul Rubens
Peterburi,Saint Petersburg
Petroloogia,Petrology
Philadelphia,Philadelphia
Philippos II,Philip II of Macedon
Phnom Penh,Phnom Penh
Phoenix,Phoenix
Picardie,Picardie
Pidžin,Pidgin
Piemonte,Piedmont
Pierre,Pierre
Pierre Abélard,Peter Abelard
Pierre Curie,Pierre Curie
Pierre de Fermat,Pierre de Fermat
Pihuarvuti,Personal digital assistant
Pii,Pi
Piibel,Bible
Piilupart Donald,Donald Duck
Piim,Milk
Piimhape,Lactic acid
Piinamine,Torture
Piiskop,Bishop
Pikkus,Length
Pilv,Cloud
Pilvelõhkuja,Skyscraper
Pinatubo,Mount Pinatubo
Pindala,Area
Ping,Ping
Pinge,Voltage
Pippin Lühike,Pepin the Short
Pirnipuu,Pear
Pisa,Pisa
Pistesääsklased,Mosquito
Pistoda,Dagger
Pittsburgh,Pittsburgh
Plaatina,Platinum
Planeet,Planet
Plankton,Plankton
Plastiidid,Plastid
Platon,Plato
Playboy,Playboy
Pleistotseen,Pleistocene
Plejaadid,Pleiades
Plii,Lead
Pliiats,Pencil
Plinius Noorem,Pliny the Younger
Pliotseen,Pliocene
Plovdiv,Plovdiv
Plutoonium,Plutonium
Pluuto,Pluto
Plymouth,Plymouth
Plzeň,Pilsen
Po,Po River
Poeesia,Poetry
Poitou-Charentes,Poitou-Charentes
Pokker,Poker
Poks,Boxing
Poksijad,Boxers
Polaarpäev,Midnight sun
Polaarrebane,Arctic fox
Poliitik,Politician
Poliitika,Politics
Politoloogia,Political science
Politsei,Law enforcement
Politsei,Police
Polo,Polo
Poloonium,Polonium
Polügaamia,Polygamy
Polümeerid,Polymer
Polüneesia,Polynesia
Polüteism,Polytheism
Polüvinüülkloriid,Polyvinyl chloride
Pomelo,Pomelo
Pommitaja,Bomber
Pompei,Pompeii
Poola,Poland
Poolestusaeg,Half-life
Pooljuht,Semiconductor
Poolmetallid,Metalloid
Poolsaar,Peninsula
Poomine,Hanging
Port Louis,Port Louis
Port Moresby,Port Moresby
Port-au-Prince,Port-au-Prince
Portland,Portland
Porto,Porto
Portselan,Porcelain
Portsmouth,Portsmouth
Portugal,Portugal
Poseidon,Poseidon
Positron,Positron
Postmark,Postage stamp
Postmodernism,Postmodernism
Potsdam,Potsdam
Praha,Prague
Prantsuse Polüneesia,French Polynesia
Prantsuse frank,French franc
Prantsusmaa,France
Prantsusmaa inimesed,French people
Praseodüüm,Praseodymium
Preester,Priest
Preetor,Praetor
President,President
Pretoria,Pretoria
Pretsessioon,Precession
Prints Edwardi saar,Prince Edward Island
"Prints Philip, Edinburghi hertsog",Prince Philip
Prioonid,Prion
Professor,Professor
Programmeerimine,Computer programming
Programmeerimiskeel,Programming language
Prokarüoot,Prokaryote
Promeetium,Promethium
Pronks,Bronze
Pronksiaeg,Bronze Age
Proosa,Prose
Prooton,Proton
Propaan,Propane
Propaganda,Propaganda
Protaktiinium,Protactinium
Proterosoikum,Proterozoic
Protestantism,Protestantism
Protistid,Protist
Protistid,Protista
Protsent,Percentage
Protsessor,Central processing unit
Providence,Providence
Prussakalised,Cockroach
Pseudonüüm,Pseudonym
Pseudoteadus,Pseudoscience
Psühhiaatria,Psychiatry
Psühhoanalüüs,Psychoanalysis
Psühholoogia,Psychology
Psühhoos,Psychosis
Psühhoteraapia,Psychotherapy
Psüühika- ja käitumishäired,Mental disorder
Ptolemaios,Ptolemy
Puberteet,Puberty
Puerto Rico,Puerto Rico
Puhkpillid,Wind instrument
Puit,Wood
Pula,Pula
Pulsar,Pulsar
Pump,Pump
Punahirv,Red Deer
Punane,Red
Punane kärbseseen,Amanita muscaria
Punane meri,Red Sea
Punanihe,Redshift
Punased khmeerid,Khmer Rouge
Punavetiktaimed,Red algae
Punk,Punk
Punk rock,Punk rock
Punkt,Point
Puri,Sail
Putukad,Insect
Puu,Tree
Puupuhkpillid,Woodwind instrument
Pythagoras,Pythagoras
Pátra,Patras
Päevakivi,Feldspar
Päike,Sun
Päikeseenergia,Solar energy
Päikeseplekk,Facula
Päikeseplekk,Sunspot
Päikeseseisak,Solstice
Päikesesüsteem,Solar System
Päikesetuul,Solar wind
Päikesevarjutus,Eclipse
Päikesevarjutus,Solar eclipse
Pärak,Anus
Päriskonnalised,Frog
Pärisorjus,Serfdom
Pärispatt,Original sin
Pärn,Tilia
Pärsia laht,Persian Gulf
Põder,Moose
Põhi,North
Põhiseadus,Constitution
Põhja-Aafrika,North Africa
Põhja-Ameerika,North America
Põhja-Ameerika manner,North America
Põhja-Carolina,North Carolina
Põhja-Dakota,North Dakota
Põhja-Euroopa,Northern Europe
Põhja-Iirimaa,Northern Ireland
Põhja-Jäämeri,Arctic Ocean
Põhja-Korea,North Korea
Põhja-Mariaanid,Northern Mariana Islands
Põhja-Yorkshire,North Yorkshire
Põhjalaht,Gulf of Bothnia
Põhjameri,North Sea
Põhjanael,Polaris
Põhjapolaarjoon,Arctic Circle
Põhjapoolkera,Northern Hemisphere
Põhjapoolus,North Pole
Põhjapõder,Reindeer
Põhjaterritoorium,Northern Territory
Põhjuslikkus,Causality
Põlemine,Combustion
Põlemine,Fire
Põletik,Inflammation
Põllumajandus,Agriculture
Põrgu,Hell
Põrn,Spleen
Pöögilaadsed,Fagales
Püha Graal,Holy Grail
Püha Jüri,Saint George
Püha Vaim,Holy Spirit
Pühak,Saint
Pühapäev,Sunday
Pürenee poolsaar,Iberian Peninsula
Püreneed,Pyrenees
Püriit,Pyrite
Püsimälu,Read-only memory
Pütlased,Grebe
Qini dünastia,Qin Dynasty
Queensland,Queensland
Quentin Tarantino,Quentin Tarantino
Quito,Quito
Québeci provints,Quebec
R,R
Ra,Ra
Raadio,Radio
Raadium,Radium
Raafael,Raphael
Raamat,Book
Raamatukogu,Library
Raamatukoguteadus,Library science
Rabat,Rabat
Rabi,Rabbi
Rabindranath Tagore,Rabindranath Tagore
Rachel Carson,Rachel Carson
Radiaan,Radian
Radioaktiivsus,Radioactive decay
Radiosüsiniku meetod,Radiocarbon dating
Radoon,Radon
Raffael,Raphael
Raha,Money
Rahe,Hail
Rahu,Peace
Rahvaarv,Population
Rahvaluule,Folklore
Rahvaste Ühendus,Commonwealth of Nations
Rahvasteliit,League of Nations
Rahvuspark,National park
Rahvusvaheline Aatomienergia Agentuur,International Atomic Energy Agency
Rahvusvaheline Kohus,International Court of Justice
Rahvusvaheline Valuutafond,International Monetary Fund
Rahvusvaheline leping,Treaty
Rahvusvaheline organisatsioon,International organization
Rahvusvaheline õigus,International law
Rainer Maria Rilke,Rainer Maria Rilke
Rakk,Cell
Rakumembraan,Cell membrane
Rakutuum,Cell nucleus
Raleigh,Raleigh
Ralph Waldo Emerson,Ralph Waldo Emerson
Ramadaan,Ramadan
Ramses II,Ramesses II
Rangluu,Clavicle
Rannik,Coast
Raps,Rapeseed
Rasedus,Pregnancy
Raskuskese,Center of mass
Rassism,Racism
Rasvumus,Obesity
Ratas,Wheel
Ratsionaalarvud,Rational number
Ratsu,Knight
Rauaaeg,Iron Age
Raud,Iron
Raudne eesriie,Iron Curtain
Ravenna,Ravenna
Ray Bradbury,Ray Bradbury
Reaalarv,Real number
Rebane,Red Fox
Reede,Friday
Reekviem,Requiem
Reenium,Rhenium
Referendum,Referendum
Reformatsioon,Protestant Reformation
Refraktsioon,Refraction
Regent,Regent
Reggae,Reggae
Regina,Regina
Regioon,Region
Reims,Reims
Rein,Rhine
Reklaam,Advertising
Relatiivsusteooria,Principle of relativity
Relatiivsusteooria,Theory of relativity
Relativism,Relativism
Relee,Relay
Religioon,Religion
Relv,Weapon
Rembrandt,Rembrandt
Renessanss,Renaissance
Revolutsioon,Revolution
Rhea,Rhea
Rhode Island,Rhode Island
Rhodos,Rhodes
Rhodose koloss,Colossus of Rhodes
Rhythm and blues,Rhythm and blues
Ribonukleiinhape,RNA
Richard Feynman,Richard Feynman
Richard Nixon,Richard Nixon
Richard Strauss,Richard Strauss
Richard Wagner,Richard Wagner
Richmond,Richmond
Riia,Riga
Riietus,Clothing
Riigihümn,National anthem
Riigipea,Head of state
Riik,Kingdom
Riik,State
Riistvara,Computer hardware
Ring,Ring
Ringjoon,Circle
Ringo Starr,Ringo Starr
Rio de Janeiro,Rio de Janeiro
Rio de Janeiro osariik,Rio de Janeiro
Rist,Cross
Ristkülik,Rectangle
Ristleja,Cruiser
Ristõielised,Brassicaceae
Roald Amundsen,Roald Amundsen
Robert Andrews Millikan,Robert Andrews Millikan
Robert Boyle,Robert Boyle
Robert De Niro,Robert De Niro
Robert E. Lee,Robert E. Lee
Robert Fischer,Bobby Fischer
Robert Hooke,Robert Hooke
Robert Koch,Robert Koch
Robert Louis Stevenson,Robert Louis Stevenson
Robert Oppenheimer,Robert Oppenheimer
Robert Redford,Robert Redford
Robert Schumann,Robert Schumann
Robot,Robot
Rock'n'roll,Rock and roll
Rock-muusika,Rock music
Rodrigo Díaz de Vivar,El Cid
Roger Bacon,Roger Bacon
Roheline,Green
Roheneemesaared,Cape Verde
Rokokoo,Rococo
Romaan,Novel
Romantism,Romanticism
Romb,Rhombus
Ronald Reagan,Ronald Reagan
Rong,Train
Roodium,Rhodium
Rooma,Rome
Rooma riik,Roman Empire
Roomajad,Reptile
Roos,Rose
Rooside sõda,Wars of the Roses
Roosilaadsed,Rosales
Roosõielised,Rosaceae
Rootsi,Sweden
Rootsi kroon,Swedish krona
Rosa Parks,Rosa Parks
Roseau,Roseau
Rostock,Rostock
Rott,Rat
Rotterdam,Rotterdam
Rubiidium,Rubidium
Rubiin,Ruby
Rubla,Ruble
Rudolf Diesel,Rudolf Diesel
Rudolf Heß,Rudolf Hess
Rudyard Kipling,Rudyard Kipling
Rula,Skateboard
Rumeenia,Romania
Ruteenium,Ruthenium
Rutherford Hayes,Rutherford B. Hayes
Rutherfordium,Rutherfordium
Ruti raamat,Book of Ruth
Ruut,Square
Ruuter,Router
Ruutjuur,Square root
Ruutvõrrand,Quadratic equation
Rwanda,Rwanda
Räni,Silicon
Ränidioksiid,Silicon dioxide
Ränikivi,Chert
Ränivetikad,Diatom
Rõhk,Pressure
Rõngussid,Annelid
Röntgeenium,Roentgenium
Rügement,Regiment
Rühm,Group
Rütm,Rhythm
SI-süsteem,International System of Units
SOS,SOS
SRÜ,Commonwealth of Independent States
SS,Schutzstaffel
Saalomoni Saared,Solomon Islands
Saar,Island
Saarestik,Archipelago
Saatan,Satan
Saatürid,Satyr
Saba,Tail
Sacramento,Sacramento
Sadam,Port
Sademed,Precipitation
Safiir,Sapphire
Safran,Saffron
Sagedus,Frequency
Sahara,Sahara
Sahharoos,Sucrose
Saientoloogia,Scientology
Saint Helens,Mount St. Helens
Saint Kitts ja Nevis,Saint Kitts and Nevis
Saint Lawrence'i jõgi,Saint Lawrence River
Saint Louis,St. Louis
Saint Lucia,Saint Lucia
Saint Paul,Saint Paul
Saint Vincent,Saint Vincent and the Grenadines
Saint Vincent ja Grenadiinid,Saint Vincent and the Grenadines
Saint-Martin,Saint Martin
Saja-aastane sõda,Hundred Years' War
Sajandid,Century
Sakrament,Sacrament
Saksa Demokraatlik Vabariik,East Germany
Saksa keel,German language
Saksa lambakoer,German Shepherd Dog
Saksa mark,German mark
Saksa-Rooma riik,Holy Roman Empire
Saksamaa,Germany
Saksimaa,Saxony
Salem,Salem
Salzburg,Salzburg
Salzburgi liidumaa,Salzburg
Samaarium,Samarium
Samara,Samara
Sambia,Zambia
Samblikud,Lichen
Samoa,Samoa
Samuel Beckett,Samuel Beckett
Samurai,Samurai
San Antonio,San Antonio
San Diego,San Diego
San Francisco,San Francisco
San Jose,San Jose
San Marino,San Marino
San Salvador,San Salvador
Sandro Botticelli,Sandro Botticelli
Sansibar,Zanzibar
Sanskriti keel,Sanskrit
Santa Fe,Santa Fe
Santiago,Santiago
Santo Domingo,Santo Domingo
Sappho,Sappho
Sapporo,Sapporo
Sarajevo,Sarajevo
Sarapuu,Hazel
Saratov,Saratov
Sardiinia,Sardinia
Sariin,Sarin
Sarikalised,Apiaceae
Saskatchewani provints,Saskatchewan
Satanism,Satanism
Satiir,Satire
Saturn,Saturn
Saudi Araabia,Saudi Arabia
Saul Bellow,Saul Bellow
Savann,Savanna
Savi,Clay
Schwarzwald,Black Forest
Seaborgium,Seaborgium
Seadusandlik võim,Legislature
Sears Tower,Sears Tower
Seattle,Seattle
Seemnetaimed,Spermatophyte
Seened,Fungi
Seened,Fungus
Seep,Soap
Seine,Seine
Seismoloogia,Seismology
Seišellid,Seychelles
Seksism,Sexism
Seksuaalsus,Sex
Seksuaalvahekord,Sexual intercourse
Sekt,Sect
Sekund,Second
Seleen,Selenium
Selgroogsed,Vertebrate
Selgrootud,Invertebrate
Selts,Order
Semiidid,Semitic
Semiootika,Semiotics
Semiramise rippaiad,Hanging Gardens of Babylon
Senaator,Senate
Senegal,Senegal
Seniit,Zenith
Sentimeeter,Centimetre
Seos,Relation
September,September
Septuaginta,Septuagint
Serbia,Serbia
Serbia ja Montenegro,Serbia and Montenegro
Sergei Rahmaninov,Sergei Rachmaninoff
Seriin,Serine
Seth,Set
Settekivim,Sedimentary rock
Sevastopol,Sevastopol
Sevilla,Seville
Shanghai,Shanghai
Sheffield,Sheffield
Shetlandi saared,Shetland
Shikoku,Shikoku
Shōgi,Shogi
Siber,Siberia
Sibul,Onion
Sichuan,Sichuan
Siddhārtha Gautama,Gautama Buddha
Sidrunhape,Citric acid
Sidrunmeliss,Lemon balm
Sierra Leone,Sierra Leone
Sigmund Freud,Sigmund Freud
Sigrid Undset,Sigrid Undset
Siimens,Siemens
Siinai poolsaar,Sinai Peninsula
Siirius,Sirius
Sikhism,Sikhism
Sikkim,Sikkim
Sild,Bridge
Sillad,Bridges
Silm,Eye
Silmulised,Lamprey
Silur,Silurian
Simone de Beauvoir,Simone de Beauvoir
Sinclair Lewis,Sinclair Lewis
Singapur,Singapore
Singel,Single
Sinikael-part,Mallard
Sinine,Blue
Sinivaal,Blue Whale
Sinivetikad,Cyanobacteria
Sintoism,Shinto
Sionism,Zionism
Sipelglased,Ant
Sirge,Line
Sirkel,Compass
Sirp ja vasar,Hammer and sickle
Sise-Mongoolia,Inner Mongolia
Sisemajanduse kogutoodang,Gross domestic product
Sitsiilia,Sicily
Sjælland,Zealand
Skagerrak,Skagerrak
Skandinaavia,Scandinavia
Skandinaavia mütoloogia,Norse mythology
Skandinaavia poolsaar,Scandinavian Peninsula
Skandium,Scandium
Skanner,Image scanner
Skeptitsism,Skepticism
Skinheadid,Skinhead
Skisofreenia,Schizophrenia
Skolastika,Scholasticism
Skopje,Skopje
Skorpion,Scorpius
Skulptuur,Sculpture
Slayer,Slayer
Slovakkia,Slovakia
Sloveenia,Slovenia
Smaragd,Emerald
Smolensk,Smolensk
Snuuker,Snooker
Sodiaak,Zodiac
Sofia,Sofia
Softball,Softball
Sojauba,Soybean
Sokrates,Socrates
Somaalia,Somalia
Somerset,Somerset
Sonaat,Sonata
Sonett,Sonnet
Soojus,Heat
Soojusmasin,Heat engine
Soolad,Salt
Soolekepike,Escherichia coli
Soome,Finland
Soome laht,Gulf of Finland
Soontaimed,Vascular plant
Sophia Loren,Sophia Loren
Sophokles,Sophocles
Sopran,Soprano
Sotsialism,Socialism
Sotsiolingvistika,Sociolinguistics
Sotsioloogia,Sociology
Sparta,Sparta
Spektroskoopia,Spectroscopy
Spencer Tracy,Spencer Tracy
Sphinx,Sphinx
Spinn,Spin
Split,Split
Sport,Sport
Spree,Spree
Springfield,Springfield
Squash,Squash
Sri Lanka,Sri Lanka
Stalinism,Stalinism
Standardhälve,Standard deviation
Stanley Kubrick,Stanley Kubrick
Stara planina,Balkan Mountains
Staten Island,Staten Island
Statistika,Statistics
Stavanger,Stavanger
Stefan Zweig,Stefan Zweig
Steffi Graf,Steffi Graf
Stephen Hawking,Stephen Hawking
Steradiaan,Steradian
Steven Spielberg,Steven Spielberg
Stockholm,Stockholm
Stonehenge,Stonehenge
Strasbourg,Strasbourg
Stratigraafia,Stratigraphy
Strontsium,Strontium
Strukturalism,Structuralism
Sturmabteilung,Sturmabteilung
Stuttgart,Stuttgart
Stuupa,Stupa
Styx,Styx
Subkultuur,Subculture
Sucre,Sucre
Sudaan,Sudan
Sudoku,Sudoku
Sudu,Smog
Suessi kanal,Suez Canal
Sufiks,Suffix
Sugukond,Family
Suharto,Suharto
Suhkurtõbi,Diabetes mellitus
Suitsupääsuke,Barn Swallow
Sukarno,Sukarno
Sulam,Alloy
Sulamine,Melting
Sulamistemperatuur,Melting point
Sulawesi,Sulawesi
Sulgpall,Badminton
Sultan,Sultan
Sumatra,Sumatra
Sumer,Sumer
Sunniidid,Sunni Islam
Supernoova,Supernova
Suriname,Suriname
Surm,Death
Surmanuhtlus,Capital punishment
Surnumeri,Dead Sea
Surrey,Surrey
Sushi,Sushi
Suupill,Harmonica
Suur Hiina müür,Great Wall of China
Suur Pauk,Big Bang
Suur Prantsuse revolutsioon,French Revolution
Suur Vallrahu,Great Barrier Reef
Suur depressioon,Great Depression
Suur järvistu,Great Lakes
Suur neljapäev,Maundy Thursday
Suurbritannia,United Kingdom
Suurbritannia inimesed,British people
Suurbritannia naelsterling,Pound sterling
Suurbritannia saar,Great Britain
Suure slämmi turniirid,Grand Slam
Suured Antillid,Greater Antilles
Suursaadik,Ambassador
Suva,Suva
Suveräänsus,Sovereignty
Suvi,Summer
Svaasimaa,Swaziland
Svalbard,Svalbard
Svastika,Swastika
Sydney,Sydney
Sylvia Plath,Sylvia Plath
Sõda,War
Sõjakuritegu,War crime
Sõjaväeline auaste,Military rank
Sõlm,Knot
Sõltuvus,Drug addiction
Sõna,Word
Sõnajalgtaimed,Fern
Sõnavabadus,Freedom of speech
Sõnn,Taurus
Sõrmistik,Keyboard
Sõudmine,Rowing
Söögitoru,Esophagus
Süda,Heart
Sügis,Autumn
Sülearvuti,Laptop
Sülg,Saliva
Sümbioos,Symbiosis
Sümbol,Symbol
Sümfoonia,Symphony
Sümptom,Symptom
Sünagoog,Synagogue
Sünonüüm,Synonym
Süntesaator,Synthesizer
Sürrealism,Surrealism
Süsihape,Carbonic acid
Süsihappegaas,Carbon dioxide
Süsinik,Carbon
Süsinikuringe,Carbon cycle
Süsivesikud,Carbohydrate
Süsivesinikud,Hydrocarbon
Süsteem,System
Süstikkalad,Lancelet
Süüria,Syria
Sārī,Sari
Sŏul,Seoul
T. S. Eliot,T. S. Eliot
TCP,Transmission Control Protocol
Taani,Denmark
Taani kroon,Danish krone
Tabu,Taboo
Tacitus,Tacitus
Tadž Mahal,Taj Mahal
Tadžikistan,Tajikistan
Taekwondo,Taekwondo
Taevasfäär,Celestial sphere
Tahiti,Tahiti
Tahkis,Solid
Tahkis,Solid state
Tai,Thailand
Tai laht,Gulf of Thailand
Taibei,Taipei
Taijiquan,Tai chi chuan
Taimed,Plant
Taimetoitlus,Vegetarianism
Taiwan,Republic of China
Taiwan,Taiwan
Taju,Perception
Takisti,Resistor
Taks,Dachshund
Takson,Taxon
Taksonoomia,Taxonomy
Taliolümpiamängud,Winter Olympic Games
Tallahassee,Tallahassee
Tallinn,Tallinn
Tallium,Thallium
Talmud,Talmud
Talv,Winter
Tamil Nadu,Tamil Nadu
Tamili Eelami Vabastustiigrid,Liberation Tigers of Tamil Eelam
Tamm,Pedunculate Oak
Tampa,Tampa
Tampere,Tampere
Tanah,Tanakh
Tanganjika järv,Lake Tanganyika
Tangi dünastia,Tang Dynasty
Tank,Tank
Tansaania,Tanzania
Tantaal,Tantalum
Tants,Dance
Taoism,Taoism
Tardkivim,Igneous rock
Tarkvara,Computer software
Tarkvara,Software
Tartu,Tartu
Tasand,Plane
Tasmaania,Tasmania
Tasmani meri,Tasman Sea
Teadmine,Knowledge
Teadus,Science
Teaduslik meetod,Scientific method
Teadusulme,Science fiction
Teater,Theatre
Tee,Tea
Teeba,Thebes
Teemant,Diamond
Teetanus,Tetanus
Tegucigalpa,Tegucigalpa
Teheran,Tehran
Tehisintellekt,Artificial intelligence
Tehiskaaslane,Satellite
Tehneetsium,Technetium
Tehnoloogia,Technology
Teine Moosese raamat,Exodus
Teine maailmasõda,World War II
Teine ristisõda,Second Crusade
Teisipäev,Tuesday
Tejo,Tagus
Tel Aviv,Tel Aviv
Telefon,Telephone
Teleskoop,Telescope
Televisioon,Television
Tellis,Brick
Telluur,Tellurium
Tempel,Temple
Temperatuur,Temperature
Tenerife,Tenerife
Tennessee,Tennessee
Tennessee Williams,Tennessee Williams
Tennis,Tennis
Tenor,Tenor
Tenzing Norgay,Tenzing Norgay
Teod,Gastropoda
Teodoliit,Theodolite
Teokraatia,Theocracy
Teoloogia,Theology
Teooria,Theory
Teoreem,Theorem
Teras,Steel
Terbium,Terbium
Termiidilised,Termite
Termodünaamika,Thermodynamics
Termodünaamika teine seadus,Second law of thermodynamics
Termomeeter,Thermometer
Tertullianus,Tertullian
Tervis,Health
Tesla,Tesla
Testament,Will
Testosteroon,Testosterone
Tethys,Tethys
Tetrapoodid,Tetrapod
Tevere,Tiber
Texas,Texas
Thales,Thales
Thames,River Thames
Thbilisi,Tbilisi
Theodor Mommsen,Theodor Mommsen
Theodore Roosevelt,Theodore Roosevelt
Theodosius I,Theodosius I
Theravaada,Theravada
Theseus,Theseus
Thessaloníki,Thessaloniki
Thomas Alva Edison,Thomas Edison
Thomas Hobbes,Thomas Hobbes
Thomas Jefferson,Thomas Jefferson
Thomas Mann,Thomas Mann
Thomas Paine,Thomas Paine
Thomas Robert Malthus,Thomas Malthus
Thor,Thor
Thukydides,Thucydides
Tiamiin,Thiamine
Tianjin,Tianjin
Tiberius,Tiberius
Tigris,Tigris
Tihaslased,Tit
Tihedus,Density
Tiibet,Tibet
Timor,Timor
Timur,Timur
Tina,Tin
Tirana,Tirana
Tirool,Tyrol
Titaan,Titanium
Titaanid,Titan
Titan,Titan
Titus,Titus
Tizian,Titian
Tocantinsi osariik,Tocantins
Togo,Togo
Toidulisaained,Food additive
Toit,Food
Toitumisahel,Food chain
Toledo,Toledo
Toll,Inch
Tom Hanks,Tom Hanks
Tom ja Jerry,Tom and Jerry
Tomat,Tomato
Tonga,Tonga
Toni Morrison,Toni Morrison
Tonn,Ton
Tonn,Tonne
Tony Blair,Tony Blair
Toompuu,Prunus
Toora,Torah
Toorium,Thorium
Topaas,Topaz
Topeka,Topeka
Torino,Turin
Toronto,Toronto
Torpeedo,Torpedo
Toscana,Tuscany
Toshkent,Tashkent
Totalitarism,Totalitarianism
Toulouse,Toulouse
Tour de France,Tour de France
Toyota Motor Corporation,Toyota
Traditsioon,Tradition
Tragöödia,Tragedy
Traianus,Trajan
Tramm,Tram
Transformaator,Transformer
Transilvaania,Transylvania
Transistor,Transistor
Transport,Transportation
Transseksuaalsus,Transsexualism
Trapets,Trapezoid
Treipink,Lathe
Trento,Trento
Trenton,Trenton
Trier,Trier
Triias,Triassic
Triitium,Tritium
Trilobiidid,Trilobite
Trinidad,Trinidad
Trinidad ja Tobago,Trinidad and Tobago
Tripoli,Tripoli
Triskele,Triskelion
Triton,Triton
Trollibuss,Trolleybus
Tromb,Tornado
Tromboon,Trombone
Trompet,Trumpet
Trondheim,Trondheim
Trotskism,Trotskyism
Trumani doktriin,Truman Doctrine
Trumm,Drum
Trygve Halvdan Lie,Trygve Lie
Tsaar,Tsar
Tseerium,Cerium
Tseesium,Caesium
Tseiloni kaneelipuu,Cinnamon
Tselluloos,Cellulose
Tsement,Cement
Tsikuraat,Ziggurat
Tsink,Zinc
Tsirkoonium,Zirconium
Tsitrus,Citrus
Tsivilisatsioon,Civilization
Tsunami,Tsunami
Tsunft,Guild
Tsölibaat,Celibacy
Tsüklon,Cyclone
Tsüstiline fibroos,Cystic fibrosis
Tsütoplasma,Cytoplasm
Tubakas,Tobacco
Tuberkuloos,Tuberculosis
Tucson,Tucson
Tuhnik,Aardvark
Tulemaa saared,Tierra del Fuego
Tulemüür,Firewall
Tuletikk,Match
Tuletis,Derivative
Tuletorn,Lighthouse
Tulikalised,Ranunculaceae
Tund,Hour
Tundra,Tundra
Tuneesia,Tunisia
Tunis,Tunis
Tunnel,Tunnel
Tunnetusteadus,Cognitive science
Tunnuslause,Motto
Turg,Market
Turingi masin,Turing machine
Turism,Tourism
Turundus,Marketing
Turvas,Peat
Tuttpütt,Great Crested Grebe
Tuuleenergia,Wind power
Tuuleveski,Windmill
Tuulium,Thulium
Tuumaenergia,Nuclear power
Tuumafüüsika,Nuclear physics
Tuvalu,Tuvalu
Tycho Brahe,Tycho Brahe
Typhon,Typhon
Tähestik,Alphabet
Täht,Letter
Täht,Star
Tähtkuju,Constellation
Täidesaatev võim,Executive
Täisarv,Integer
Täiskasvanu,Adult
Täpsustusleheküljed,Disambiguation
Tärklis,Starch
Tääk,Bayonet
Tõde,Truth
Tõenäosus,Probability
Tõenäosusteooria,Probability theory
Tõstmine,Weightlifting
Tööpuudus,Unemployment
Tööriist,Tool
Tööstus,Industry
Türgi,Turkey
Türkmenistan,Turkmenistan
Türreeni meri,Tyrrhenian Sea
Tüvirakud,Stem cell
Tüüringi,Thuringia
Tōkyō,Tokyo
Tšaad,Chad
Tšaadi järv,Lake Chad
Tšehhi,Czech Republic
Tšehhoslovakkia,Czechoslovakia
Tšeljabinsk,Chelyabinsk
Tšello,Cello
Tšetšeeni Vabariik,Chechnya
Tšetšeenia,Chechnya
Tšiili,Chile
Tšornobõl,Chernobyl
Tšuktši meri,Chukchi Sea
UFO,Unidentified flying object
UNESCO,UNESCO
UNICEF,United Nations Children's Fund
UNIX,Unix
USA Neitsisaared,United States Virgin Islands
USA dollar,United States dollar
Udu,Fog
Ufa,Ufa
Uganda,Uganda
Ujumine,Swimming
Ukraina,Ukraine
Ulaanbaatar,Ulan Bator
Ultraheli,Ultrasound
Ultraviolettkiirgus,Ultraviolet
Ulysses S. Grant,Ulysses S. Grant
Umbria,Umbria
Unenägu,Dream
Ungari,Hungary
Uni,Sleep
Universaalne gaasikonstant,Gas constant
Universum,Universe
Ununbium,Ununbium
Ununheksium,Ununhexium
Ununkvaadium,Ununquadium
Ununpentium,Ununpentium
Ununtrium,Ununtrium
Upanišadid,Upanishad
Uppsala,Uppsala
Uraan,Uranium
Uraan,Uranus
Uriin,Urine
Uruguay,Uruguay
Usbekistan,Uzbekistan
Ussid,Worm
Utah,Utah
Utilitarism,Utilitarianism
Utoopia,Utopia
Utrecht,Utrecht
Uttar Pradesh,Uttar Pradesh
Uural,Ural Mountains
Uus Testament,New Testament
Uus-Guinea,New Guinea
Uus-Kaledoonia,New Caledonia
Uus-Lõuna-Wales,New South Wales
Uus-Meremaa,New Zealand
Vaakum,Vacuum
Vaalad,Whale
Vaalalised,Cetacea
Vaarao,Pharaoh
Vaba tahe,Free will
Vabadus,Freedom
Vabamüürlus,Freemasonry
Vabariik,Republic
Vabariiklik Partei,Republican Party
Vabavara,Freeware
Vaduz,Vaduz
Vaenukägu,Hoopoe
Vahelduvvool,Alternating current
Vahemeri,Mediterranean
Vahemeri,Mediterranean Sea
Vahevöö,Mantle
Vaikne ookean,Pacific Ocean
Vakuool,Vacuole
Vald,Municipality
Valencia,Valencia
Valentina Tereškova,Valentina Tereshkova
Valetamine,Lie
Valge Maja,White House
Valge kääbus,White dwarf
Valge meri,White Sea
Valgevaal,Beluga
Valgevene,Belarus
Valgla,Drainage basin
Valgud,Protein
Valgus,Light
Valgusaasta,Light-year
Valgusdiood,Light-emitting diode
Valguse kiirus,Speed of light
Valhalla,Valhalla
Valimised,Election
Valküür,Valkyrie
Valletta,Valletta
Valm,Fable
Valuuta,Currency
Vampiir,Vampire
Vana Testament,Old Testament
Vana-Makedoonia,Macedon
Vanaadium,Vanadium
Vanakreeka mütoloogia,Greek mythology
Vanapõhja keel,Old Norse
Vanarooma mütoloogia,Roman mythology
Vancouver,Vancouver
Vancouveri saar,Vancouver Island
Vandalism,Vandalism
Vangla,Prison
Vanker,Rook
Vanuatu,Vanuatu
Vapp,Coat of arms
Varna,Varna
Varssavi,Warsaw
Vasar,Hammer
Vask,Copper
Vassili Kandinsky,Wassily Kandinsky
Vastupaavst,Antipope
Vatikan,Vatican City
Vatt,Watt
Vedelik,Liquid
Veeb,World Wide Web
Veeber,Weber
Veebruar,February
Veebruarirevolutsioon,February Revolution
Veenus,Venus
Veepall,Water polo
Vehklemine,Fencing
Vein,Wine
Veis,Cattle
Vektor,Vector
Venemaa,Russia
Veneto,Veneto
Venezia,Venice
Venezuela,Venezuela
Veomees,Auriga
Veresoon,Blood vessel
Vergilius,Virgil
Veri,Blood
Vermont,Vermont
Verona,Verona
Versailles' loss,Palace of Versailles
Versailles' rahu,Treaty of Versailles
Vesi,Water
Vesinik,Hydrogen
Vesinikeksponent,PH
Vesinikkloriidhape,Hydrochloric acid
Vespasianus,Vespasian
Vestfaali rahu,Peace of Westphalia
Vesuuv,Mount Vesuvius
Vetikad,Algae
Viangchan,Vientiane
Vibur,Flagellum
Victor Hugo,Victor Hugo
Victoria,Victoria
Victoria juga,Victoria Falls
Victoria järv,Lake Victoria
Vietnam,Vietnam
Vietnami sõda,Vietnam War
Vihkamine,Hatred
Vihm,Rain
Viikingid,Viking
Viin,Vienna
Viin,Vodka
Viipekeel,Sign language
Viirused,Virus
Viiul,Violin
Vikerkaar,Rainbow
Vilgud,Mica
Vili,Fruit
Vilnius,Vilnius
Vincent van Gogh,Vincent van Gogh
Vincenzo Bellini,Vincenzo Bellini
Vingugaas,Carbon monoxide
Vioola,Viola
Virginia,Virginia
Virginia Woolf,Virginia Woolf
Virmalised,Aurora
Virtuaalreaalsus,Virtual reality
Viskoossus,Viscosity
Vismut,Bismuth
Vitamiinid,Vitamin
Vitus Bering,Vitus Bering
Vivien Leigh,Vivien Leigh
Vladimir Lenin,Vladimir Lenin
Vladimir Putin,Vladimir Putin
Vladivostok,Vladivostok
Volfram,Tungsten
Volga,Volga River
Volgograd,Volgograd
Volt,Volt
Voltaire,Voltaire
Voorus,Virtue
Vorst,Sausage
Vulkaan,Volcano
Vulkanoloogia,Volcanology
Väetis,Fertilizer
Vähilaadsed,Crustacean
Väikesed Antillid,Lesser Antilles
Väin,Strait
Väinad,Straits
Väljasuremine,Extinction
Värvipimedus,Color blindness
Värvulised,Passeriformes
Värvulised,Passerine
Värvus,Color
Väärisgaasid,Noble gas
Vääriskivi,Gemstone
Väävel,Sulfur
Väävelhape,Sulfuric acid
Või,Butter
Võilill,Dandelion
Võimsus,Power
Võluvägi,Charmed
Võnkumine,Oscillation
Võrdpäevsus,Equinox
Võrkkest,Retina
Võrkpall,Volleyball
Võrrand,Equation
Vürtsid,Spice
Wake,Wake Island
Wales,Wales
Walesi prints,Prince of Wales
Walt Disney,Walt Disney
Walt Whitman,Walt Whitman
Walter Gropius,Walter Gropius
Washington,Washington
Washingtoni osariik,Washington
Waterloo lahing,Battle of Waterloo
Weimar,Weimar
Weimari vabariik,Weimar Republic
Wellington,Wellington
Wernher von Braun,Wernher von Braun
Weser,Weser River
Westminster Abbey,Westminster Abbey
Whitehorse,Whitehorse
Wicca,Wicca
Wiesbaden,Wiesbaden
Wight,Isle of Wight
Wilhelm I,William I
Wilhelm II,William II
Wilhelm Ostwald,Wilhelm Ostwald
William Blake,William Blake
William Bradford Shockley,William Shockley
William Butler Yeats,William Butler Yeats
William Ewart Gladstone,William Gladstone
William Faulkner,William Faulkner
William Golding,William Golding
William Harvey,William Harvey
William Henry Harrison,William Henry Harrison
William Howard Taft,William Howard Taft
William McKinley,William McKinley
William Shakespeare,William Shakespeare
William Somerset Maugham,W. Somerset Maugham
Willy Brandt,Willy Brandt
Windhoek,Windhoek
Winnipeg,Winnipeg
Winston Churchill,Winston Churchill
Wisconsin,Wisconsin
Wisła,Vistula
Wolfgang Amadeus Mozart,Wolfgang Amadeus Mozart
Woodrow Wilson,Woodrow Wilson
Woody Allen,Woody Allen
Worcestershire,Worcestershire
Wuhan,Wuhan
Wyoming,Wyoming
X,X
Xenophon,Xenophon
Xinjiang,Xinjiang
Y,Y
Yale'i Ülikool,Yale University
Yangon,Yangon
Yellowstone'i rahvuspark,Yellowstone National Park
Yggdrasil,Yggdrasil
Yokohama,Yokohama
Yosemite rahvuspark,Yosemite National Park
Yukoni ala,Yukon
Yunnan,Yunnan
Yāsir ‘Arafāt,Yasser Arafat
Z,Z
Zachary Taylor,Zachary Taylor
Zagreb,Zagreb
Zambezi,Zambezi
Zaragoza,Zaragoza
Zen-budism,Zen
Zeus,Zeus
Zimbabwe,Zimbabwe
Zombie,Zombie
Zooloogia,Zoology
estonian,english
sorgo,Sorghum
Ämblikulaadsed,Arachnid
Ämblikulised,Spider
Äänisjärv,Lake Onega
Ålborg,Aalborg
Århus,Aarhus
Õhurõhk,Atmospheric pressure
Õhusõiduk,Aircraft
Õigeusk,Eastern Orthodox Church
Õigusteadus,Law
Õis,Flower
Õlimaal,Oil painting
Õlipuu,Olive
Õlu,Beer
Õppimine,Learning
Õun,Apple
Ökoloogia,Ecology
Ökoloogiline nišš,Ecological niche
Ökonomeetria,Econometrics
Ökosüsteem,Ecosystem
Öpiku-Oorti pilv,Oort cloud
Östrogeenid,Estrogen
Ööpäev,Day
ÜRO,United Nations
Üheidulehelised,Monocotyledon
Ühend,Union
Ühepäevikulised,Mayfly
Ühikelement,Identity element
Ühikmaatriks,Identity matrix
Ühiskond,Society
Ühisosa,Intersection
Ükssarvik,Unicorn
Üldine Tolli- ja Kaubanduskokkulepe,General Agreement on Tariffs and Trade
Üldrelatiivsusteooria,General relativity
Ülem-Normandia,Haute-Normandie
Ülemjärv,Lake Superior
Üleslükkejõud,Buoyancy
Ülijuhtivus,Superconductivity
Ülikool,University
Ümarussid,Nematode
Ümberlõikamine,Circumcision
Ürglind,Archaeopteryx
Üterbium,Ytterbium
Ütrium,Yttrium
Ābādān,Abadan
Čechy,Bohemia
İstanbul,Istanbul
Ōsaka,Osaka
Şaddām Ḩusayn,Saddam Hussein
Šahada,Shahadah
Šahh,Shah
Šamanism,Shamanism
Šariaat,Sharia
Šimpans,Chimpanzee
Šiva,Shiva
Šogun,Shogun
Šokolaad,Chocolate
Šotimaa,Scotland
Šovinism,Chauvinism
Šveits,Switzerland
Šveitsi frank,Swiss franc
Šveitsi inimesed,Swiss people
Ḩalab,Aleppo
Ḩamās,Hamas
Ḩizb Allāh,Hezbollah
Ḩusnī Mubārak,Hosni Mubarak
‘Alī ibn Abī Ţālib,Ali
‘Ammān,Amman
