Other,English
1,1
1 Bealtaine,May 1
1 Ceres,Ceres
1 Eanáir,January 1
1 Iúil,July 1
1 Lúnasa,August 1
1 Samhain,November 1
100,100
100,100
11 Meán Fómhair,September 11
11 Samhain,November 11
12 Deireadh Fómhair,October 12
12 Feabhra,February 12
13,13
13,13
14 Aibreán,April 14
14 Feabhra,February 14
14 Meitheamh,June 14
15 Lúnasa,August 15
17 Meán Fómhair,September 17
17 Márta,March 17
1728,1728
1750í,1750s
1760í,1760s
1770í,1770s
1780í,1780s
1790í,1790s
1820í,1820s
1830í,1830s
1840í,1840s
1850í,1850s
1860í,1860s
1870í,1870s
1880í,1880s
1890í,1890s
19 Eanáir,January 19
19 Márta,March 19
1900í,1900s
1920idí,1920s
1930idí,1930s
1940idí,1940s
1950idí,1950s
1960idí,1960s
1970idí,1970s
1980idí,1980s
1990idí,1990s
2,2
2 Feabhra,February 2
2 Márta,March 2
2 Samhain,November 2
20 Eanáir,January 20
21 Meitheamh,June 21
22 Feabhra,February 22
23 Meitheamh,June 23
24 Bealtaine,May 24
24 Deireadh Fómhair,October 24
24 Meitheamh,June 24
25 Márta,March 25
29 Feabhra,February 29
29 Meitheamh,June 29
29 Meán Fómhair,September 29
3,3
3 Meitheamh,June 3
31 Nollaig,December 31
33,33
37,37
4,4
4 Iúil,July 4
40,40
41,41
42,42
5,5
5 Samhain,November 5
6,6
6 Eanáir,January 6
6 Lúnasa,August 6
60,60
61,61
62,62
63,63
64,64
65,65
66,66
67,67
68,68
69,69
7,7
7,7
70,70
71,71
72,72
73,73
74,74
75,75
76,76
77,77
78,78
79,79
8 Nollaig,December 8
80,80
81,81
82,82
83,83
84,84
85,85
86,86
87,87
88,88
89,89
9/11,September 11
ADN,DNA
AJAX,Ajax
ASCII,American Standard Code for Information Interchange
Aachen,Aachen
Abhainn Mississippi,Mississippi River
Abhainn an Hudson,Hudson River
Abhainn na Tamaise,River Thames
Abraham Lincoln,Abraham Lincoln
Abuja,Abuja
Accra,Accra
Acrapolas,Acropolis
Acre,Acre
Adam Smith,Adam Smith
Adamh,Atom
Adas Ababa,Addis Ababa
Adelaide,Adelaide
Adolf Hitler,Adolf Hitler
Aeriompar,Aviation
Aeráid,Climate
Afracáinis,Afrikaans
Agnóisí,Agnosticism
Aibreán,April
Aibítir,Alphabet
Aibítir Choireallach,Cyrillic alphabet
Aibítir Eabhraise,Hebrew alphabet
Aibítir Ghréagach,Greek alphabet
Aibítir Laidineach,Latin alphabet
Aigéad aicéiteach,Acetic acid
Ailceimic,Alchemy
Ailfrid Mór,Alfred the Great
Ailtireacht,Architecture
Ailtireacht,Architecture
Aimitis,Amethyst
Aimpéar,Ampere
Aimsir,Weather
Ainmhí,Animal
Airciméidéas,Archimedes
Airgead,Silver
Airgeadra,Currency
Airméinis,Armenian language
Al Capone,Al Capone
Al Gore,Al Gore
Alabama,Alabama
Alabama,Alabama
Alan Turing,Alan Turing
Alasca,Alaska
Alastar Mór,Alexander the Great
Albain,Scotland
Albain Nua,Nova Scotia
Albert Abraham Michelson,Albert Abraham Michelson
Albert Einstein,Albert Einstein
Alberta,Alberta
Aleksandr Solzhenitsyn,Aleksandr Solzhenitsyn
Alexander Graham Bell,Alexander Graham Bell
Alfa,Alpha
Alfred Nobel,Alfred Nobel
Algaí,Algae
Almaty,Almaty
Alt,Joint
Alúmanam,Aluminium
Am Uilíoch Comheagartha,Coordinated Universal Time
Amadeo Avogadro,Amedeo Avogadro
Amairis,Amharic
Amfaibiach,Amphibian
Amhrán náisiúnta,National anthem
Amman,Amman
Amstardam,Amsterdam
Amóinia,Ammonia
An Abhainn,Eridanus
An Aeinéid,Aeneid
An Aetóip,Ethiopia
An Afganastáin,Afghanistan
An Afraic,Africa
An Aigéine,Oceania
An Ailgéir,Algeria
An Airgintín,Argentina
An Airgintín,Argentina
An Airméin,Armenia
An Airméin,Armenia
An Aithin,Athens
An Albáin,Albania
An Altóir,Ara
An Amasóin,Amazon River
An Aragóin,Aragon
An Araib Shádach,Saudi Arabia
An Asarbaiseáin,Azerbaijan
An Astraláise,Australasia
An Astráil,Australia
An Bantiarna Jane Grey,Lady Jane Grey
An Bhangladéis,Bangladesh
An Bhaváir,Bavaria
An Bhealarúis,Belarus
An Bheilg,Belgium
An Bheilís,Belize
An Bhoisnia-Heirseagaivéin,Bosnia and Herzegovina
An Bholaiv,Bolivia
An Bholaiv,Bolivia
An Bhotsuáin,Botswana
An Bhrasaíl,Brazil
An Bhrasaíl,Brazil
An Bhratasláiv,Bratislava
An Bhreatain,Great Britain
An Bhreatain Bheag,Wales
An Bhreatain Bheag,Wales
An Bhriotáin,Bretagne
An Bhruiséil,Brussels
An Bhulgáir,Bulgaria
An Bhútain,Bhutan
An Bodach,Orion
An Béar Beag,Ursa Minor
An Béar Mór,Ursa Major
An Bíobla,Bible
An Búda,Buddha
An Caimileon,Chamaeleon
An Cainneon Mór,Grand Canyon
An Ceinteár,Centaurus
An Chambóid,Cambodia
An Chasacstáin,Kazakhstan
An Chatalóin,Catalonia
An Chipir,Cyprus
An Chipir,Cyprus
An Chirgeastáin,Kyrgyzstan
An Cholóim,Colombia
An Cholóim,Colombia
An Cholóim Bhriotanach,British Columbia
An Chorr,Grus
An Chorsaic,Corsica
An Chosaiv,Kosovo
An Chrimé,Crimea
An Chros,Crux
An Chróit,Croatia
An Chuileog,Musca
An Chéad Chogadh Domhanda,World War I
An Chéinia,Kenya
An Chíle,Carina
An Chóiré Theas,South Korea
An Chóiré Thuaidh,North Korea
An Cogadh Fuar,Cold War
An Colgán,Dorado
An Colm,Columba
An Cupán,Crater
An Cúpla,Gemini
An Damaisc,Damascus
An Danmhairg,Denmark
An Danóib,Danube
An Dara Cogadh Domhanda,World War II
An Dara Cogadh Domhanda,World War II
An Dealbhóir,Sculptor
An Deilf,Delphinus
An Domhan,Earth
An Dragan,Draco
An Eala,Cygnus
An Easpáinneoil,Hispaniola
An Eilvéis,Switzerland
An Eoraip,Europe
An Eoraip,Europe
An Eoráise,Eurasia
An Faolchú,Lupus
An Fhionlainn,Finland
An Fhionlainn,Finland
An Fhoirnéis,Fornax
An Fhrainc,France
An Fhrainc,France
An Féinics,Phoenix
An Gabhar,Capricornus
An Ghabúin,Gabon
An Ghailís,Galicia
An Ghaimbia,The Gambia
An Ghealach,Moon
An Ghearmáin,Germany
An Ghearmáin,Germany
An Ghraonlainn,Greenland
An Ghraonlainn,Greenland
An Ghrian,Sun
An Ghréig,Greece
An Ghuine,Guinea
An Ghuine Mheánchriosach,Equatorial Guinea
An Giorria,Lepus
An Háig,The Hague
An Iaráic,Iraq
An Iaráin,Iran
An India,India
An Indinéis,Indonesia
An Iodáil,Italy
An Iodáil,Italy
An Iordáin,Jordan
An Iorua,Norway
An Laitvia,Latvia
An Leafcóis,Nicosia
An Leon,Leo
An Libia,Libya
An Libéir,Liberia
An Lincse,Lynx
An Liobáin,Lebanon
An Liobáin,Lebanon
An Liotuáin,Lithuania
An Lir,Lyra
An Líontán,Reticulum
An Madra Beag,Canis Minor
An Madra Mór,Canis Major
An Mathshlua Órga,Golden Horde
An Mhacadóin,Macedonia
An Mhaighdean,Virgo
An Mhalaeisia,Malaysia
An Mheá,Libra
An Mheánmhuir,Mediterranean Sea
An Mholdóiv,Moldova
An Mhongóil,Mongolia
An Mhongóil,Mongolia
An Mhuir Bhailt,Baltic Sea
An Mhuir Mharbh,Dead Sea
An Mhuir Thuaidh,North Sea
An Mháratáin,Mauritania
An Mhórsceir Bhacainneach,Great Barrier Reef
An Micreascóp,Microscopium
An Míol Mór,Cetus
An Namaib,Namibia
An Nigéir,Nigeria
An Nollaig,Christmas
An Normainn,Normandy
An Nua-Shéalainn,New Zealand
An Nígir,Niger
An Níl,Nile
An Odaisé,Odyssey
An Ostair,Austria
An Phacastáin,Pakistan
An Phalaistín,Palestine
An Phléimeann,Flanders
An Phoblacht Dhoiminiceach,Dominican Republic
An Pholainn,Poland
An Pholainn,Poland
An Phortaingéil,Portugal
An Phortaingéil,Portugal
An Phrúis,Prussia
An Phéacóg,Pavo
An Phéist,Serpens
An Phéist Bheag,Hydrus
An Phéist Uisce,Hydra
An Portán,Cancer
An Préachán,Corvus
An Péintéir,Pictor
An Reithe,Aries
An Renaissance,Renaissance
An Riail,Norma
An Ríocht Aontaithe,United Kingdom
An Róimh,Rome
An Rómáin,Romania
An Rúis,Russia
An Rúis,Russia
An Sahára,Sahara
An Saighdeoir,Sagittarius
An Scairp,Scorpius
An Sionnach,Vulpecula
An Siséal,Caelum
An Soitheach Naofa,Holy Grail
An Spealadh Mór,Great Depression
An Spiorad Naomh,Holy Spirit
An Spáinn,Spain
An Spáinn,Spain
An Tansáin,Tanzania
An Tasmáin,Tasmania
An Teileascóp,Telescopium
An Tibéid,Tibet
An Triantán,Triangulum
An Tuirc,Turkey
An Tuircméanastáin,Turkmenistan
An Tuscáin,Tuscany
An Tábla,Mensa
An Táidsíceastáin,Tajikistan
An Téalainn,Thailand
An Tíomór Thoir,East Timor
An Túcán,Tucana
An Túinéis,Tunisia
An Ungáir,Hungary
An Veinéis,Venice
An tAerchaidéal,Antlia
An tAigéan Artach,Arctic Ocean
An tAigéan Atlantach,Atlantic Ocean
An tAigéan Ciúin,Pacific Ocean
An tAigéan Indiach,Indian Ocean
An tAontas Eorpach,European Union
An tAontas Eorpach,European Union
An tAontas Sóivéadach,Soviet Union
An tAra,Auriga
An tIasc Eitilte,Volans
An tIndiach,Indus
An tIolar,Aquila
An tOchtamhán,Octans
An tOileán Fada,Long Island
An tSacsain,Saxony
An tSaighead,Sagitta
An tSairdín,Sardinia
An tSalvadóir,El Salvador
An tSeapáin,Japan
An tSeapáin,Japan
An tSeineagáil,Senegal
An tSeirbia,Serbia
An tSeisnia,Chechnya
An tSeoirsia,Georgia
An tSicil,Sicily
An tSile,Chile
An tSiombáib,Zimbabwe
An tSiombáib,Zimbabwe
An tSiria,Syria
An tSlóivéin,Slovenia
An tSlóvaic,Slovakia
An tSomáil,Somalia
An tSualainn,Sweden
An tSuasalainn,Swaziland
An tSúdáin,Sudan
An tUisceadóir,Aquarius
An Áise,Asia
An Éigipt,Egypt
An Íoslainn,Iceland
An Íoslainn,Iceland
An Ísiltír,Netherlands
An Úcráin,Ukraine
An Úisbéiceastáin,Uzbekistan
Anam,Soul
Anchorage,Anchorage
Andalucía,Andalusia
Anderson Luis de Souza,Deco
Andraiméide,Andromeda
Andrew Jackson,Andrew Jackson
Andrew Johnson,Andrew Johnson
Andóra,Andorra
Angóla,Angola
Anno Domini,Anno Domini
Antamón,Antimony
Antananarivo,Antananarivo
Antartaice,Antarctica
Antigua agus Barbúda,Antigua and Barbuda
Antoine Lavoisier,Antoine Lavoisier
Antraipeolaíocht,Anthropology
Antwerpen,Antwerp
Aoine,Friday
Aoine an Chéasta,Good Friday
Aois,Century
Aontas na nÉimíríochtaí Arabacha,United Arab Emirates
Apaisigh,Apache
Araibis,Arabic language
Arastotail,Aristotle
Arizona,Arizona
Arizona,Arizona
Arkansas,Arkansas
Arsanaic,Arsenic
Arthur Miller,Arthur Miller
Arthur Schopenhauer,Arthur Schopenhauer
"Arthur Wellesley, an chéad Diúc Wellington",Arthur Wellesley
Artrapód,Arthropod
Arán,Bread
Astaitín,Astatine
Astana,Astana
Athleasú Creidimh,Protestant Reformation
Athrú aeráide,Climate change
"Atlanta, Georgia",Atlanta
"Austin, Texas",Austin
Bagdad,Baghdad
Baictéar,Bacteria
Baile Átha Cliath,Dublin
Bainisteoirí sacair,Football  managers
Bainne,Milk
Baiona,Bayonne
Bairiam,Barium
Bairéin,Bahrain
Bancác,Bangkok
Barbadós,Barbados
Barcelona,Barcelona
Bari,Bari
Basalt,Basalt
Basilicata,Basilicata
Batman,Batman
Bealach na Bó Finne,Milky Way
Bealtaine,May
Bean,Woman
Beart,Byte
Beathaisnéis,Biography
Beinin,Benin
Beirilliam,Beryllium
Beirlín,Berlin
Beitheal,Bethlehem
Benito Mussolini,Benito Mussolini
"Benjamin Disraeli, an Chéad Iarla Beaconsfield",Benjamin Disraeli
Benjamin Harrison,Benjamin Harrison
Beoir,Beer
Beowulf,Beowulf
Bertolt Brecht,Bertolt Brecht
Bill Gates,Bill Gates
Biosmat,Bismuth
"Birmingham, Alabama",Birmingham
Bitheolaíocht,Biology
Bitheolaíocht,Biology
Blag,Blog
Blaise Pascal,Blaise Pascal
Bliain,Year
Bob Dylan,Bob Dylan
Bob Marley,Bob Marley
Bobby Fischer,Bobby Fischer
Bogearraí,Software
"Boise, Idaho",Boise
Bologna,Bologna
Bordeaux,Bordeaux
Bostún,Boston
Bot,Bot
Brabhsálaí gréasáin,Web browser
Bram Stoker,Bram Stoker
Brandenburg,Brandenburg
Breosla iontaiseach,Fossil fuel
Bridgetown,Bridgetown
Briostó,Bristol
Brisbane,Brisbane
Brooklyn,Brooklyn
Brugge,Bruges
Bréagchéadfa,Hallucination
Bróimín,Bromine
Brúiné,Brunei
Buddy Holly,Buddy Holly
Buenos Aires,Buenos Aires
Buircíne Fasó,Burkina Faso
Bujumbura,Bujumbura
Bunachar sonraí,Database
Bunúsach,Fundamental
Bunúsaíocht,Fundamentalism
Béal Feirste,Belfast
Béalgrád,Belgrade
Béaloideas,Folklore
Béarla,English language
Béiriút,Beirut
Béising,Beijing
Béite,Beta
Bórón,Boron
Búcairist,Bucharest
Búdachas,Buddhism
Búdaipeist,Budapest
C,C
C,C
C. S. Lewis,C. S. Lewis
COBOL,COBOL
Cabúl,Kabul
Cadhc,Kayak
Caeisiam,Caesium
Caerdydd,Cardiff
Caidmiam,Cadmium
Caife,Coffee
Caiféin,Caffeine
Cairdinéal de Richelieu,Cardinal Richelieu
Caireo,Cairo
Caiseoipé,Cassiopeia
Caitheamh aimsire,Hobby
Calabria,Calabria
Calcúta,Kolkata
California,California
California,California
Caligula,Caligula
Callisto,Callisto
Calvin Coolidge,Calvin Coolidge
Camarún,Cameroon
Campania,Campania
Canberra,Canberra
Capa,Kappa
Carbaihiodráit,Carbohydrate
Carbón,Carbon
Carghas,Lent
Carl Jung,Carl Jung
Carl von Linné,Carolus Linnaeus
Carolina Theas,South Carolina
Carolina Thuaidh,North Carolina
"Carson City, Nevada",Carson City
Cartúm,Khartoum
Carón,Charon
Casnewydd,Newport
Cat,Cat
Catar,Qatar
Cath Hastings,Battle of Hastings
Cath Mharatóin,Battle of Marathon
Cath Thermopylae,Battle of Thermopylae
Cath na Somme,Battle of the Somme
Cathair Ho Chi Minh,Ho Chi Minh City
Cathair Pheadair,Saint Petersburg
Cathair na Vatacáine,Vatican City
Ceanada,Canada
Ceanada,Canada
Cecil Rhodes,Cecil Rhodes
Ceiféas,Cepheus
Ceilvin,Kelvin
Ceimic,Chemistry
Ceimic,Chemistry
Central Intelligence Agency,Central Intelligence Agency
Ceol,Music
Ceol,Music
Ceoldráma,Opera
Ceoltóir,Musician
Cephalochordata,Lancelet
Charlemagne,Charlemagne
Charles Darwin,Charles Darwin
Charles Dickens,Charles Dickens
Charles de Gaulle,Charles de Gaulle
Che Guevara,Che Guevara
Chester A. Arthur,Chester A. Arthur
Chicago,Chicago
Christiaan Huygens,Christiaan Huygens
Chuck Berry,Chuck Berry
Cicearó,Cicero
Cileagram,Kilogram
Cilimeaindearó,Mount Kilimanjaro
Cill,Cell
Cillín néarach,Neuron
Cinedhíothú,Genocide
Ciníochas,Racism
Cispheil,Basketball
Ciúbachas,Cubism
Clark Gabel,Clark Gable
Clement Attlee,Clement Attlee
"Cleveland, Ohio",Cleveland
"Cloch, Páipéar, Siosúr",Rock
Cluiche,Game
Cluichí Oilimpeacha,Olympic Games
Clóirín,Chlorine
Cogadh Cathartha SAM,American Civil War
Cogadh Cathartha Shasana,English Civil War
Cogadh Cathartha na Spáinne,Spanish Civil War
Cogadh Fuar,Cold War
Cogadh Réabhlóideach Mheiriceá,American Revolutionary War
Cogadh Vítneam,Vietnam War
Cogadh na Murascaille,Gulf War
Cogadh na Peilipinéise,Peloponnesian War
Cogadh na Rósanna,Wars of the Roses
Cogadh na Seacht mBliana,Seven Years' War
Coimeádachas,Conservatism
Coipeadh,Fermentation
Colin Powell,Colin Powell
Colorado,Colorado
Comhphobal Maidrid,Madrid
Compás,Compass
Compás an Mhairnéalaigh,Pyxis
Connecticut,Connecticut
Conradh na Náisiún,League of Nations
Copar,Copper
Corcaigh,Cork
Corda,Chord
Cordaigh,Chordate
Corn na Breataine,Cornwall
Coróin an Tuaiscirt,Corona Borealis
Coventry,Coventry
Creideamh,Religion
Crioptón,Krypton
Crios Kuiper,Kuiper belt
Crios astaróideach,Asteroid belt
Criostóir Colambas,Christopher Columbus
Croí,Heart
Cruach,Steel
Cruicéad,Cricket
Cruthaíochtachas,Creationism
Críoch Lochlann,Scandinavia
Críoch an Tuaiscirt,Northern Territory
Críostaíocht,Christianity
Críostaíocht,Christianity
Cuarc,Quark
Cuimhne randamrochtana,Random access memory
Cultúr,Culture
Cumann na gCarad,Religious Society of Friends
Cumannachas,Communism
Cumannachas,Communism
Curitiba,Curitiba
Cuáit,Kuwait
Cáisc,Easter
Céadaoin,Wednesday
Céadaoin an Luaithrigh,Ash Wednesday
Cóbalt,Cobalt
Cóbanhávan,Copenhagen
Cócaireacht,Cooking
Cóiméad,Comet
Córas Idirnáisiúnta na nAonad,International System of Units
Córas oibriúcháin,Operating system
Cósta Ríce,Costa Rica
Cúba,Cuba
Cúige Uladh,Ulster
Dainté Ailigéirí,Dante Alighieri
Dakota Theas,South Dakota
Dakota Thuaidh,North Dakota
"Dallas, Texas",Dallas
Damhna,Matter
Damhsa,Dance
Daon-Phoblacht na Síne,People's Republic of China
Daonlathas,Democracy
Daonáireamh,Census
Daorchluiche,Baseball
Darfur,Darfur
Darwin,Darwin
David Livingstone,David Livingstone
De facto,De facto
Deilte,Delta
Deimos,Deimos
Deireadh Fómhair,October
Deireadh na Loinge,Puppis
Delaware,Delaware
Denver,Denver
Desmond Tutu,Desmond Tutu
"Detroit, Michigan",Detroit
Diallas,Declination
"Diana, Banphrionsa na Breataine Bige",Diana
Diego Rivera,Diego Rivera
Dietrich Bonhoeffer,Dietrich Bonhoeffer
Diobúití,Djibouti
Dlí,Law
Dlí Ohm,Ohm's law
Dlúthdhiosca,Compact Disc
Dmítrí Meindeiléiv,Dmitri Mendeleev
Dochtúir leighis,Physician
Dodoma,Dodoma
Doiminice,Dominica
Domhandas,Globalization
Domhnach,Sunday
Don Quixote,Don Quixote
Dordghiotár,Bass guitar
Dornálaíocht,Boxing
Draoithe,Druid
Drámaíocht,Drama
Duais Nobel,Nobel Prize
Dubai,Dubai
Duine,Human
Dwight D. Eisenhower,Dwight D. Eisenhower
Dárasalám,Dar es Salaam
Dé-ocsaíde charbóin,Carbon dioxide
Déardaoin,Thursday
Dúil,Element
Dúil cheimiceach,Chemical element
Dún Éideann,Edinburgh
Dúpholl,Black hole
ETA,ETA
Eabhrac,York
Eacnamaíocht,Economics
Eacnamaíocht,Economy
Eacuadór,Ecuador
Eaglais Chaitliceach Rómhánach,Roman Catholic Church
Eagraíocht Chonradh an Atlantaigh Thuaidh,NATO
Eagraíocht Tíortha Onnmhairithe an Pheitriliam,OPEC
Ealaín,Art
Eanáir,January
Earcail,Heracles
Earcail,Hercules
Earcail,Hercules
Eas Niagara,Niagara Falls
Eaxodus,Exodus
Edgar Rice Burroughs,Edgar Rice Burroughs
Edmund Hillary,Edmund Hillary
Eibhear,Granite
Eindhoven,Eindhoven
Eipsealón,Epsilon
Eitinn,Tuberculosis
Elvis Presley,Elvis Presley
Emilia-Romagna,Emilia-Romagna
Emiliano Zapata,Emiliano Zapata
Emily Dickinson,Emily Dickinson
Eocarót,Eukaryote
Eoin Cailvín,John Calvin
Eolaíocht,Science
Eolaíocht,Science
Eolaíocht an domhain,Earth science
Eris,Eris
Ernest Hemingway,Ernest Hemingway
Esperanto,Esperanto
Esperanto,Esperanto
Ethernet,Ethernet
Euro,Euro
Europa,Europa
Eva Braun,Eva Braun
FORTRAN,Fortran
FTP,File Transfer Protocol
Faisisteachas,Fascism
Feabhra,February
Fealsúnacht,Philosophy
Fear na bPéisteanna,Ophiuchus
Fearann,Domain
Feithid,Insect
Ferdinand de Saussure,Ferdinand de Saussure
Fernão de Magalhães,Ferdinand Magellan
Ficheall,Chess
Fidel Castro,Fidel Castro
Fidsí,Fiji
Filíocht,Poetry
Fisic,Physics
Fisic,Physics
Florida,Florida
Flórans,Florence
Folt Bheirnicé,Coma Berenices
Fosfar,Phosphorus
Frainciam,Francium
Francbhéarla,Lingua franca
Francis Crick,Francis Crick
Francis Drake,Francis Drake
Francisco Franco,Francisco Franco
Frank Lloyd Wright,Frank Lloyd Wright
Frank Sinatra,Frank Sinatra
Frankfurt,Frankfurt
Franklin Pierce,Franklin Pierce
Franz Kafka,Franz Kafka
Franz Liszt,Franz Liszt
Friedrich Engels,Friedrich Engels
Friesland,Friesland
Friuli-Venezia Giulia,Friuli-Venezia Giulia
Fuaim,Sound
Fungas,Fungus
Fungas,Mushroom
Fáilte an Aingil,Hail Mary
Fáinleog,Swallow
Fásach,Desert
Fí,Phi
Fíleam,Phylum
Fíon,Wine
Fírinne,Truth
Físeán,Video
Fóinéim,Phoneme
Fón póca,Mobile phone
Fótón,Photon
GNOME,GNOME
GULag,Gulag
Gaborone,Gaborone
Gaeilge na hAlban,Scottish Gaelic
Gailliam,Gallium
Gaillimh,Galway
Galair,Disease
Galf,Golf
Galileo Galilei,Galileo Galilei
Ganymede,Ganymede
Garraíodóireacht,Gardening
Gearmáiniam,Germanium
Gearmáinis,German language
Geineasas,Genesis
Genova,Genoa
Geolaíocht,Geology
Geolaíocht,Geology
George Berkeley,George Berkeley
George Bernard Shaw,George Bernard Shaw
George Boole,George Boole
George Harrison,George Harrison
George Lucas,George Lucas
George Orwell,George Orwell
George W. Bush,George W. Bush
George Washington,George Washington
Georgetown,Georgetown
Georgia,Georgia
Gerald R. Ford,Gerald Ford
Geronimo,Geronimo
Gilitín,Guillotine
Giotán,Bit
Giovanni Boccaccio,Giovanni Boccaccio
Giuseppe Verdi,Giuseppe Verdi
Giúdachas,Judaism
Glaschú,Glasgow
Gluaisteán,Automobile
Gnó,Business
Google,Google
Gorm,Blue
Gradaim an Acadaimh,Academy Award
Granada,Granada
Gregor Mendel,Gregor Mendel
Grianchóras,Solar System
Grianghrafadóireacht,Photography
Grover Cleveland,Grover Cleveland
Grozny,Grozny
Gréasán Domhanda,World Wide Web
Guglielmo Marconi,Guglielmo Marconi
Guine Bhissau,Guinea-Bissau
Gáma,Gamma
Gána,Ghana
Géineas,Genus
Géineolaíocht,Genetics
Gó,Go
Göteborg,Gothenburg
H. G. Wells,H. G. Wells
HTML,HTML
Ha Noi,Hanoi
Haca,Field hockey
Haemaifilia,Haemophilia
Hamburg,Hamburg
Hans Christian Andersen,Hans Christian Andersen
Harare,Harare
Harold Pinter,Harold Pinter
"Harrisburg, Pennsylvania",Harrisburg
Harry Houdini,Harry Houdini
"Hartford, Connecticut",Hartford
Haváí,Hawaii
Hearó Chathair Alastair,Hero of Alexandria
Heilsincí,Helsinki
Heinrich Himmler,Heinrich Himmler
Heireadótas,Herodotus
Henry Ford,Henry Ford
Herbert C. Hoover,Herbert Hoover
Hesse,Hesse
Hidreacarbón,Hydrocarbon
Hidrigin,Hydrogen
Hiondúchas,Hinduism
Hipeacraitéas,Hippocrates
Hipirtéacs,Hypertext
Hirohito,Hirohito
Hobart,Hobart
Hollywood,Hollywood
Hondúras,Honduras
Hong Cong,Hong Kong
Hosni Mubarak,Hosni Mubarak
"Houston, Texas",Houston
Hugues Capet na Fraince,Hugh Capet
Háití,Haiti
Héiliam,Helium
Hóiméar,Homer
IRA,Irish Republican Army
Iacárta,Jakarta
Iaidín,Iodine
Iamáice,Jamaica
Ian Fleming,Ian Fleming
Iarann,Iron
Iarthar na hAstráile,Western Australia
Iarúsailéim,Jerusalem
Iasar Arafat,Yasser Arafat
Iasc,Fish
Idaho,Idaho
Idirdhealáin,Disambiguation
Idirlíon,Internet
Ido,Ido
Illinois,Illinois
Illinois,Illinois
Ilmheáin,Multimedia
Immanuel Kant,Immanuel Kant
Imtharraingt,Gravitation
Indiam,Indium
Indiana,Indiana
"Indianapolis, Indiana",Indianapolis
Ingearán,Helicopter
Ingmar Bergman,Ingmar Bergman
Innealtóireacht,Engineering
Io,Io
Iompar,Transportation
Ioslam,Islam
Iosrael,Israel
Iostanbúl,Istanbul
Iowa,Iowa
Isaac Asimov,Isaac Asimov
Isaac Newton,Isaac Newton
Iseatóp,Isotope
Islamabad,Islamabad
Iáva,Java
Iósaf Stailín,Joseph Stalin
Ióta,Iota
Iúil,July
Iúil Caesar,Julius Caesar
Iúpatar,Jupiter
Jacques Cartier,Jacques Cartier
James A. Garfield,James A. Garfield
James Buchanan,James Buchanan
James Cook,James Cook
James Joyce,James Joyce
James Knox Polk,James K. Polk
James Madison,James Madison
James Monroe,James Monroe
Jane Austen,Jane Austen
Janis Joplin,Janis Joplin
Java,Java
Jawaharlal Nehru,Jawaharlal Nehru
Jean de La Fontaine,Jean de La Fontaine
Jean-Jacques Rousseau,Jean-Jacques Rousseau
Jeddah,Jeddah
Jimi Hendrix,Jimi Hendrix
Jimmy Carter,Jimmy Carter
Johann Sebastian Bach,Johann Sebastian Bach
Johann Wolfgang von Goethe,Johann Wolfgang von Goethe
Johannes Gutenberg,Johannes Gutenberg
Johannes Kepler,Johannes Kepler
John Adams,John Adams
John Dalton,John Dalton
John Lennon,John Lennon
John Locke,John Locke
John Major,John Major
John Quincy Adams,John Quincy Adams
John Tyler,John Tyler
John Wayne,John Wayne
Johnny Cash,Johnny Cash
Joseph Conrad,Joseph Conrad
Joseph Goebbels,Joseph Goebbels
Juneau,Juneau
KGB,KGB
Kansas,Kansas
Karachi,Karachi
Karl Marx,Karl Marx
Katowice,Katowice
Kent,Kent
Kentucky,Kentucky
Kigali,Kigali
Köln,Cologne
LISP,Lisp
La Paz,La Paz
Lagos,Lagos
Laidin,Latin
Lambda,Lambda
Laos,Laos
"Las Vegas, Nevada",Las Vegas
Latium,Lazio
Leadóg,Tennis
Leanbh,Child
Learpholl,Liverpool
Leasa,Lhasa
Leathré,Half-life
Lee Harvey Oswald,Lee Harvey Oswald
Leicester,Leicester
Leictreachas,Electricity
Leictreon,Electron
Leon Trotscaí,Leon Trotsky
Leonardo da Vinci,Leonardo da Vinci
Leonid Brezhnev,Leonid Brezhnev
Leosóta,Lesotho
Lewis Carroll,Lewis Carroll
Liacht bhan,Gynaecology
Lichtinstéin,Liechtenstein
Liguria,Liguria
Lima,Lima
Linux,Linux
Liobrálachas,Liberalism
Liospóin,Lisbon
Lipidí,Lipid
Litiam,Lithium
Litríocht,Literature
Litríocht,Literature
Livias,Livy
Liúibleána,Ljubljana
Loch Tanganyika,Lake Tanganyika
Lombardia,Lombardy
Londain,London
Los Angeles,Los Angeles
Louisiana,Louisiana
Louisiana,Louisiana
Louvre,Louvre
Luaidhe,Lead
Luainíocht,Precession
Luan,Monday
Luasghéarú,Acceleration
Luciano Pavarotti,Luciano Pavarotti
Lucsamburg,Luxembourg
Lucsamburg,Luxembourg
Ludwig van Beethoven,Ludwig van Beethoven
Luimneach,Limerick
Lusaka,Lusaka
Lá,Day
Lá saoire,Holiday
Léicean,Lichen
Líonra achair fhairsing,Wide area network
Líonra achair logánta,Local area network
Lúnasa,August
Lúthchleasaíocht,Athletics
MS-DOS,MS-DOS
Macbeth,Macbeth
Madagascar,Madagascar
Maenmar,Burma
Mafia,Mafia
Mahatma Gandhi,Mahatma Gandhi
Maidrid,Madrid
Maighdean mhara,Mermaid
Mailí,Mali
Maine,Maine
Mainile,Manila
Mais adamhach,Atomic mass
Malabo,Malabo
Mamach,Mammal
Manchain,Manchester
Manhattan,Manhattan
Manitoba,Manitoba
Mao Tse-tung,Mao Zedong
Maputo,Maputo
Maracó,Morocco
Marche,Marche
Marco Polo,Marco Polo
Margaret Thatcher,Margaret Thatcher
Marie Antoinette na hOstaire,Marie Antoinette
Marilyn Monroe,Marilyn Monroe
Mario Vargas Llosa,Mario Vargas Llosa
Mark Twain,Mark Twain
Marlene Dietrich,Marlene Dietrich
Mars,Mars
Marseille,Marseille
Martin Luther,Martin Luther
Martin Luther King,Martin Luther King
Martin Van Buren,Martin Van Buren
Mary Shelley,Mary Shelley
Mary Wollstonecraft,Mary Wollstonecraft
Maryland,Maryland
Massachusetts,Massachusetts
Massachusetts Institute of Technology,Massachusetts Institute of Technology
Matamaitic,Mathematics
Matamaitic fheidhmeach,Applied mathematics
Max Planck,Max Planck
Mearbhia,Fast food
Mearcair,Mercury
Mearcair,Mercury
Meath radaighníomhach,Radioactive decay
Meice,Mecca
Meicsiceo,Mexico
Meicsiceo,Mexico
Meiriceá Laidineach,Latin America
Meiriceá Theas,South America
Meiriceá Theas,South America
Meiriceá Thuaidh,North America
Meiriceá Thuaidh,North America
Meitheamh,June
Meitéareolaíocht,Meteorology
Mel Gibson,Mel Gibson
Meán Fómhair,September
Mianra,Mineral
Michigan,Michigan
Michigan,Michigan
Mick Jagger,Mick Jagger
Micreathonnán,Microwave oven
Micribhitheolaíocht,Microbiology
Miguel de Cervantes,Miguel de Cervantes
Milano,Milan
Millard Fillmore,Millard Fillmore
"Minneapolis, Minnesota",Minneapolis
Minnesota,Minnesota
Minnesota,Minnesota
Minsc,Minsk
Miotaseolaíocht,Mythology
Missouri,Missouri
Mogaidisiú,Mogadishu
Moirféim,Morpheme
Molise,Molise
Monacó,Monaco
Monarcacht,Monarchy
Montainéagró,Montenegro
Montana,Montana
Monte Carlo,Monte Carlo
"Montgomery, Alabama",Montgomery
Montréal,Montreal
Montsarat,Montserrat
Mosc,Mosque
Moscó,Moscow
Mosi-oa-Tunya,Victoria Falls
Muhammad Ali,Muhammad Ali
Muir na Cairibe,Caribbean Sea
Muir Éireann,Irish Sea
Mumbai,Mumbai
Murascaill Guine,Gulf of Guinea
Murascaill Mheicsiceo,Gulf of Mexico
Murascaill na Fionlainne,Gulf of Finland
Máinliacht,Surgeon
Máinliacht,Surgery
Máirt,Tuesday
Málta,Malta
Máltais,Maltese language
Márta,March
Méadar,Metre
Míceolaíocht,Mycology
Míchail Gorbaitsov,Mikhail Gorbachev
Míochaine,Medicine
Móideim,Modem
Móilín,Molecule
Móiminteam uilleach,Angular momentum
Mór-roinn,Continent
Mósaimbíc,Mozambique
Mú,Mu
Na Balcáin,Balkans
Na Lochlannaigh,Viking
Na Seolta,Vela
Na Séiséil,Seychelles
Na hAindéis,Andes
Na hOileáin Bhailéaracha,Balearic Islands
Na hOileáin Chanáracha,Canary Islands
Na hOileáin Fhilipíneacha,Philippines
Na hÉisc,Pisces
Nairobi,Nairobi
Naomh Agaistín,Augustine of Hippo
Naomh Aindriú,Saint Andrew
Naomh Peadar,Saint Peter
Naomh Pádraig,Saint Patrick
Naomh Pól,Paul the Apostle
Napoli,Naples
Nasctheanga,Pidgin
Nearó,Nero
Nebraska,Nebraska
Neil Armstrong,Neil Armstrong
Neipeal,Nepal
Neiptiún,Neptune
Nelson Mandela,Nelson Mandela
Neodrón,Neutron
Neodrónréalta,Neutron star
Neon,Neon
Nevada,Nevada
Nevada,Nevada
Neville Chamberlain,Neville Chamberlain
New Hampshire,New Hampshire
New Jersey,New Jersey
"New Orleans, Louisiana",New Orleans
New South Wales,New South Wales
Nicearagua,Nicaragua
Nicolaus Copernicus,Nicolaus Copernicus
Niels Bohr,Niels Bohr
Nihilí,Nihilism
Nikita Khrushchev,Nikita Khrushchev
Nix,Nix
Noam Chomsky,Noam Chomsky
Nollaig,December
Norfolk,Norfolk
Nua-Eabhrac,New York
Nua-Eabhrac,New York
Nua-Eabhrac,New York City
Nua-Ghuine Phapua,Papua New Guinea
Nua-Mheicsiceo,New Mexico
Nunavut,Nunavut
Náisiúin Aontaithe,United Nations
Náisiún,Nation
Náisiúnachas,Nationalism
Nárú,Nauru
Néaltrú,Dementia
Néareolaíocht,Neurology
Nítrigin,Nitrogen
Nú,Nu
Núicléón,Nucleon
Ocsaigin,Oxygen
Ohio,Ohio
Oideachas,Education
Oileáin Bhriotanacha na Maighdean,British Virgin Islands
Oileáin Chomóra,Comoros
Oileáin Fháclainne,Falkland Islands
Oileáin Marshall,Marshall Islands
Oileáin Mhaildíve,Maldives
Oileán,Island
Oileán Mhanann,Isle of Man
Oileán Mhuirís,Mauritius
Oileán Rhode,Rhode Island
"Oileán Staten, Nua Eabhrac",Staten Island
Oileán na Tríonóide agus Tobága,Trinidad and Tobago
Oilibhéar Cromail,Oliver Cromwell
Oimeacrón,Omicron
Oklahoma,Oklahoma
Ollnóva,Supernova
Ollphléasc,Big Bang
Ollscoil,University
Olympia,Olympia
Ontario,Ontario
Onteolaíocht,Ontology
Oregon,Oregon
Osama bin Laden,Osama bin Laden
Oscar Wilde,Oscar Wilde
Osló,Oslo
Ottawa,Ottawa
Otto von Bismarck,Otto von Bismarck
Oxford,Oxford
Oíche Shamhna,Halloween
Pablo Picasso,Pablo Picasso
Palau,Palau
Palermo,Palermo
Panama,Panama
Paracelsus,Paracelsus
Paragua,Paraguay
Paranóia,Paranoia
Parlaimint,Parliament
Paul McCartney,Paul McCartney
Peigeasas,Pegasus
Peil Mheiriceánach,American football
Peiriú,Peru
Pennsylvania,Pennsylvania
Perciform,Perciformes
Pernambuco,Pernambuco
Perth,Perth
"Phoenix, Arizona",Phoenix
Picteilín,Pixel
Piedmont,Piedmont
Pionsóireacht,Fencing
Piréiní,Pyrenees
Pisa,Pisa
Planda,Plant
Platón,Plato
Plymouth,Plymouth
Pláinéad,Planet
Plútóiniam,Plutonium
Plútón,Pluto
Poblacht,Republic
Poblacht Dhaonlathach an Chongó,Democratic Republic of the Congo
Poblacht Weimar,Weimar Republic
Poblacht an Chongó,Republic of the Congo
Poblacht na Seice,Czech Republic
Poblacht na hAfraice Láir,Central African Republic
Poblacht na hÉireann,Republic of Ireland
Poblacht Éimin,Yemen
Podchraolachán,Podcast
Polaitíocht,Politics
Polaitíocht,Politics
Polóiniam,Polonium
Potaisiam,Potassium
Protastúnachas,Protestantism
Prág,Prague
Príomh-Aire,Prime minister
Príomhchathair,Capital
Prócarót,Prokaryote
Prótacal Aistrithe Hipirtéacs,Hypertext Transfer Protocol
Prótaisteach,Protist
Prótón,Proton
Puglia,Apulia
Pyongyang,Pyongyang
Páirtí Daonlathach,Democratic Party
Páirtí Poblachtach,Republican Party
Pálás Buckingham,Buckingham Palace
Pálás Versailles,Palace of Versailles
Pápa,Pope
Páras,Paris
Pí,Pi
Píotagarás,Pythagoras
Píotsa,Pizza
Pórtó Rice,Puerto Rico
Queens,Queens
Queensland,Queensland
Québec,Quebec
Rabat,Rabat
Radón,Radon
Raidió,Radio
Rang,Class
Reiligiún,Religion
Rialtas,Government
Richard Nixon,Richard Nixon
Richard Wagner,Richard Wagner
Ringo Starr,Ringo Starr
Rinn Verde,Cape Verde
Rio de Janeiro,Rio de Janeiro
Rio de Janeiro,Rio de Janeiro
Riyadh,Riyadh
Roald Amundsen,Roald Amundsen
Robert Anson Heinlein,Robert A. Heinlein
Robert Boyle,Robert Boyle
Robert Koch,Robert Koch
Robin Hood,Robin Hood
Roicéad,Rocket
Ronald W. Reagan,Ronald Reagan
Rosa Parks,Rosa Parks
Rothar,Bicycle
Ruanda,Rwanda
Rugbaí,Rugby football
Rutherford B. Hayes,Rutherford B. Hayes
Réabhlóid Dheireadh Fómhair,October Revolution
Réabhlóid na Feabhra,February Revolution
Réabhlóid na Fraince,French Revolution
Réabhlóid na Rúise 1917,Russian Revolution
Réalteolaí,Astronomer
Réalteolaíocht,Astronomy
Réalteolaíocht,Astronomy
Réaltra,Galaxy
Réaltra Andraiméide,Andromeda Galaxy
Ríge,Riga
Ríocht,Kingdom
Ríocht Aontaithe,United Kingdom
Ríomhaire,Computer
Ríomhaireacht,Computer science
Ríomhaireacht,Computing
Ríomhchlár,Computer program
Ríomhchlárúchán,Computer programming
Ríomheolaíocht,Computer science
Ríomhphost,E-mail
Ró,Rho
Ródaire,Router
Rúbaidiam,Rubidium
SEIF,AIDS
Sacar,Football
Sacramento,Sacramento
Saddam Hussein,Saddam Hussein
"Saint Paul, Minnesota",Saint Paul
Sairéavó,Sarajevo
Saladin,Saladin
Salvador,Salvador
Samhain,November
Samuel Beckett,Samuel Beckett
Samó,Samoa
San Críostóir-Nimheas,Saint Kitts and Nevis
"San Diego, California",San Diego
"San Francisco, California",San Francisco
San Juan,San Juan
San Lúisia,Saint Lucia
San Mairíne,San Marino
San Uinseann agus na Greanáidíní,Saint Vincent and the Grenadines
Sanscrait,Sanskrit
"Santa Fe, Nua-Mheicsiceo",Santa Fe
Santiago de Chile,Santiago
Sasana,England
Sasana Nua,New England
Satarn,Saturn
Satharn,Saturday
Saul Bellow,Saul Bellow
Scairdinneall,Jet engine
Scamall Oort,Oort cloud
Scannán,Film
Seacláid,Chocolate
Sead,Chad
Seanad Stáit Aontaithe Mheiriceá,United States Senate
Seandálaíocht,Archaeology
Seattle,Seattle
Seiléiniam,Selenium
Seoul,Seoul
Sevilla,Seville
Shang-hai,Shanghai
Sheffield,Sheffield
Siarra Leon,Sierra Leone
Sigme,Sigma
Sigmund Freud,Sigmund Freud
Sileacan,Silicon
Simone de Beauvoir,Simone de Beauvoir
Sinc,Zinc
Singeapór,Singapore
Sliabh,Mountain
Sliabh Alpa,Alps
Sliabh Cervin,Matterhorn
Sliabhraon,Mountain range
Snagcheol,Jazz
Snúcar,Snooker
Socheolaíocht,Sociology
Sochtheangeolaíocht,Sociolinguistics
Soicind,Second
Solas,Light
Solasbhliain,Light-year
Sorastar,Zoroaster
Sorastrachas,Zoroastrianism
Sparta,Sparta
Spermatophyta,Spermatophyte
Spórt,Sport
Sruth Murascaille Mheicsiceo,Gulf Stream
Srí Lanca,Sri Lanka
St. Louis,St. Louis
Staidreamh,Statistics
Stair,History
Stair,History
Stephen Hawking,Stephen Hawking
Sting,Sting
Stráice Gaza,Gaza Strip
Stumpa,Stub
Stáit Aontaithe Mheiriceá,United States
Stáit Aontaithe Mheiriceá,United States
Stáit Chónaidhme na Micrinéise,Federated States of Micronesia
Stán,Tin
Stócólm,Stockholm
Sulfar,Sulfur
Suranam,Suriname
Sydney,Sydney
Síceolaíocht,Psychology
Síceolaíocht,Psychology
Síciatracht,Psychiatry
Sócraitéas,Socrates
Sóidiam,Sodium
Sóisialachas,Socialism
Súnámaí,Tsunami
Sūdoku,Sudoku
Tailliam,Thallium
Tailéas,Thales
Taj Mahal,Taj Mahal
Talamh an Éisc,Newfoundland
Talamh an Éisc agus Labradóir,Newfoundland and Labrador
Tallahassee,Tallahassee
Tallinn,Tallinn
Talmhaíocht,Agriculture
Tampere,Tampere
Tarbh Suite,Sitting Bull
Tbilisi,Tbilisi
Teallúiream,Tellurium
Teanga,Language
Teanga,Tongue
Teanga chomharthaíochta,Sign language
Teangeolaíocht,Linguistics
Teangeolaíocht,Linguistics
Tegucigalpa,Tegucigalpa
Tehran,Tehran
Teileachumarsáid,Telecommunication
Teilifís,Television
Tennessee,Tennessee
Teomólongma,Mount Everest
Tethys,Tethys
Texas,Texas
Texas,Texas
Theodore Roosevelt,Theodore Roosevelt
Thomas Edison,Thomas Edison
Thomas Jefferson,Thomas Jefferson
Thomas Mann,Thomas Mann
Thomas More,Thomas More
Thucydides,Thucydides
Thüringen,Thuringia
Tibir,Tiber
Timur Bacach,Timur
Tocantins,Tocantins
Tolamaes,Ptolemy
Toledo,Toledo
Tom Hanks,Tom Hanks
Tomás ó Aquino,Thomas Aquinas
Tonga,Tonga
Tony Blair,Tony Blair
Torontó,Toronto
Traein,Train
Tram,Tram
Traoi,Troy
Trento,Trento
Triantán an Deiscirt,Triangulum Australe
Trombón,Trombone
Trumpa,Trumpet
Tríonóid,Trinity
Tuaisceart Éireann,Northern Ireland
Tuvalu,Tuvalu
Tábla peiriadach,Periodic table
Téite,Theta
Tír,State
Tíreolaíocht,Geography
Tíreolaíocht,Geography
Tó,Tau
Tóga,Togo
Tóra,Torah
Túr Londan,Tower of London
UNESCO,UNESCO
Uachtarán na Stát Aontaithe,President of the United States
Uathachas,Autism
Uganda,Uganda
Uilliam II na Gearmáine,William II
Uimhir adamhach,Atomic number
Uimhir phríomha,Prime number
Uisce,Water
Uisce beatha,Whisky
Ulysses S. Grant,Ulysses S. Grant
Ulánbátar,Ulan Bator
Umbria,Umbria
Upsalón,Upsilon
Uragua,Uruguay
Urdais,Urdu
Urochordata,Tunicate
Utah,Utah
Utrecht,Utrecht
Utrecht,Utrecht
Vaileite,Valletta
Vancouver,Vancouver
Vanuatú,Vanuatu
Vega,Vega
Veiniséala,Venezuela
Veirgil,Virgil
Veirteabrach,Vertebrate
Veneto,Veneto
Vermont,Vermont
Victor Hugo,Victor Hugo
Victoria,Victoria
"Victoria, an Cholóim Bhriotanach",Victoria
Vilnias,Vilnius
Vincent van Gogh,Vincent van Gogh
Virginia,Virginia
Virginia Thiar,West Virginia
Vladímír Pútín,Vladimir Putin
Vlaidímír Léinín,Vladimir Lenin
Voltaire,Voltaire
Vársá,Warsaw
Véineas,Venus
Véineas,Venus
Vín,Vienna
Víreas,Virus
Víreas ríomhaireachta,Computer virus
Vítneam,Vietnam
Vítneam,Vietnam
W. B. Yeats,William Butler Yeats
Walt Disney,Walt Disney
Walter Scott,Walter Scott
Washington,Washington
William Ewart Gladstone,William Gladstone
William H. Taft,William Howard Taft
William Harvey,William Harvey
William Henry Harrison,William Henry Harrison
William J. Clinton,Bill Clinton
William McKinley,William McKinley
William Rowan Hamilton,William Rowan Hamilton
William Shakespeare,William Shakespeare
Winston Churchill,Winston Churchill
Wisconsin,Wisconsin
Wolfgang Amadeus Mozart,Wolfgang Amadeus Mozart
Woodrow Wilson,Woodrow Wilson
Woody Allen,Woody Allen
Wyoming,Wyoming
Xeanón,Xenon
Xenophon,Xenophon
Xí,Xi
Yorkshire Thuaidh,North Yorkshire
Yuri Gagarin,Yuri Gagarin
Zachary Taylor,Zachary Taylor
Zaragoza,Zaragoza
Zombaí,Zombie
Zéite,Zeta
Zó-eolaíocht,Zoology
an Tarbh,Taurus
irish,english
Ágastas,Augustus
Áirc an Chonartha,Ark of the Covenant
Éan,Bird
Éan Parthais,Apus
Éiceolaíocht,Ecology
Éire,Ireland
Éire,Republic of Ireland
Éite,Eta
Íliad,Iliad
Íosa Críost,Jesus
Óivid,Ovid
Óman,Oman
Ór,Gold
Úfó,Unidentified flying object
Únúinheicsiam,Ununhexium
Úrscéal,Novel
Úráiniam,Uranium
Úránas,Uranus
