Other,English
1. janúar,January 1
1. júlí,July 1
1. maí,May 1
1. nóvember,November 1
1. ágúst,August 1
10,10
1000,1000
1000,1000
101,101
105,105
11,11
11. nóvember,November 11
11. september,September 11
115,115
12,12
12. febrúar,February 12
12. október,October 12
120,120
13,13
13,13
135,135
14,14
14,14
14. apríl,April 14
14. febrúar,February 14
14. júní,June 14
15,15
15,15
15. ágúst,August 15
1531-1540,1530s
16,16
16,16
17,17
17,17
17. mars,March 17
17. september,September 17
1728,1728
1728,1728
1751-1760,1750s
1751–1760,1750s
1761-1770,1760s
1761–1770,1760s
1771-1780,1770s
1771–1780,1770s
1781-1790,1780s
1781–1790,1780s
1791-1800,1790s
1791–1800,1790s
18,18
18,18
180,180
1821-1830,1820s
1821–1830,1820s
1831-1840,1830s
1831–1840,1830s
1841-1850,1840s
1841-1850,1840s
1851–1860,1850s
1861-1870,1860s
1861–1870,1860s
1871-1880,1870s
1871–1880,1870s
1881-1890,1880s
1881–1890,1880s
1891-1900,1890s
1891–1900,1890s
19,19
19. janúar,January 19
19. mars,March 19
1901-1910,1900s
1921-1930,1920s
1921-1930,1920s
1931-1940,1930s
1931-1940,1930s
1941-1950,1940s
1941-1950,1940s
1951-1960,1950s
1951-1960,1950s
1961-1970,1960s
1961-1970,1960s
1971-1980,1970s
1971-1980,1970s
1981-1990,1980s
1981-1990,1980s
1991-2000,1990s
1991-2000,1990s
2. febrúar,February 2
2. mars,March 2
2. nóvember,November 2
20,20
20. janúar,January 20
21,21
21. júní,June 21
22,22
22. febrúar,February 22
23,23
23. júní,June 23
24,24
24,24
24. júní,June 24
24. maí,May 24
24. október,October 24
25,25
25. mars,March 25
26,26
27,27
28,28
29,29
29. febrúar,February 29
29. júní,June 29
29. september,September 29
3. júní,June 3
30,30
31,31
31. desember,December 31
32,32
33,33
34,34
37,37
39,39
4,4
4. júlí,July 4
40,40
5,5
5. nóvember,November 5
500,500
6,6
6. janúar,January 6
6. ágúst,August 6
66,66
67,67
68,68
69,69
7,7
76,76
8,8
8. desember,December 8
81,81
88,88
9,9
96,96
97,97
98,98
A,A
A-vítamín,Retinol
A-vítamín,Vitamin A
Aachen,Aachen
Abel Tasman,Abel Tasman
Aberdeen,Aberdeen
Abidjan,Abidjan
Abraham,Abraham
Abraham Lincoln,Abraham Lincoln
Abstraktlist,Abstract art
Abú Dabí,Abu Dhabi
Abú Dabí,Abu Dhabi
Abútja,Abuja
Acetýlsalicýlsýra,Aspirin
Acre,Acre
Adam Smith,Adam Smith
Addis Ababa,Addis Ababa
Adelaide,Adelaide
Adenflói,Gulf of Aden
Adenósínþrífosfat,Adenosine triphosphate
Adolf Eichmann,Adolf Eichmann
Adolf Hitler,Adolf Hitler
Adríahaf,Adriatic Sea
Afbygging,Deconstruction
Afganistan,Afghanistan
Afganistan,Afghanistan
Afl,Power
Afleiðsla,Deductive reasoning
Afríka,Africa
Afríka,Africa
Afríka sunnan Sahara,Sub-Saharan Africa
Afríkanska,Afrikaans
Afródíta,Aphrodite
Afstæðishyggja,Relativism
Afstæðiskenningin,Theory of relativity
Afturbolur,Abdomen
Afþreying,Entertainment
Agamemnon,Agamemnon
Agat,Agate
Agatha Christie,Agatha Christie
Aikido,Aikido
Ajas,Ajax
Ajas Telamonsson,Ajax
Akabaflói,Gulf of Aqaba
Akkeron,Acheron
Akkilles,Achilles
Akkra,Accra
Akonkagúa,Aconcagua
Akstursíþróttir,Auto racing
Aktiníð,Actinide
Akíra Kúrósava,Akira Kurosawa
Al Gore,Al Gore
Al-Kaída,Al-Qaeda
Alabama,Alabama
Alan Turing,Alan Turing
Alaska,Alaska
Albanía,Albania
Albanía,Albania
Albert Camus,Albert Camus
Albert Einstein,Albert Einstein
Alberta,Alberta
Alberta,Alberta
Aldebaran,Aldebaran
Alec Guinness,Alec Guinness
Aleuteyjar,Aleutian Islands
Alexander Fleming,Alexander Fleming
Alexander Graham Bell,Alexander Graham Bell
Alexander mikli,Alexander the Great
Alexandr Púshkín,Alexander Pushkin
Alexandre Dumas eldri,Alexandre Dumas
Alexandría,Alexandria
Alfa,Alpha
Alfred Hitchcock,Alfred Hitchcock
Alfred Nobel,Alfred Nobel
Alfred North Whitehead,Alfred North Whitehead
Alfræðirit,Encyclopedia
Algebra,Algebra
Algebra,Algebra
Algebruleg tala,Algebraic number
Algeirsborg,Algiers
Algildi,Absolute value
Algyðistrú,Pantheism
Alheimurinn,Universe
Alkalímálmur,Alkali metal
Alkanar,Alkane
Alkenar,Alkene
Alkul,Absolute zero
Alkóhól,Alcohol
Alkóhólismi,Alcoholism
Allah,Allah
Almaty,Almaty
Almenn brot,Fraction
Almenna afstæðiskenningin,General relativity
Alnæmi,AIDS
Alpafjöll,Alps
Alpafjöll,Alps
Alræði,Totalitarianism
Alsheimer,Alzheimer's disease
Alsír,Algeria
Alsír,Algeria
Altari,Altar
Alvar Aalto,Alvar Aalto
Alí ibn Abu Talib,Ali
Alþjóða heilbrigðisstofnunin,World Health Organization
Alþjóða kjarnorkumálastofnunin,International Atomic Energy Agency
Alþjóða veðurfræðistofnunin,World Meteorological Organization
Alþjóðadómstóllinn,International Court of Justice
Alþjóðaflugmálastofnunin,International Civil Aviation Organization
Alþjóðagjaldeyrissjóðurinn,International Monetary Fund
Alþjóðastofnun,International organization
Alþjóðaviðskiptastofnunin,World Trade Organization
Alþjóðlega einingakerfið,International System of Units
Alþýðulýðveldið Kína,People's Republic of China
Amasónfljót,Amazon River
Amerískur fótbolti,American football
Amerískur fótbolti,American football
Amharíska,Amharic
Amman,Amman
Amper,Ampere
Amsterdam,Amsterdam
Ananas,Pineapple
Anatole France,Anatole France
Anaxagóras,Anaxagoras
Anaxímandros,Anaximander
Andamanhaf,Andaman Sea
Andatrú,Animism
Andesfjöll,Andes
Andheiti,Antonym
Andlitsmynd,Portrait
Andorra,Andorra
Andrew Jackson,Andrew Jackson
Andrew Johnson,Andrew Johnson
Andrés Önd,Donald Duck
Andrómeda,Andromeda
Andrómeda,Andromeda
Andrúmsloft,Atmosphere
Andy Warhol,Andy Warhol
Angvilla,Anguilla
Angóla,Angola
Angóla,Angola
Anime,Anime
Anime,Anime
Ankara,Ankara
Annars stigs jafna,Quadratic equation
Anno Domini,Anno Domini
Antananarívó,Antananarivo
Anthony Hopkins,Anthony Hopkins
Antimon,Antimony
Anton Tsjekhov,Anton Chekhov
Antonio Stradivari,Antonio Stradivari
Antonio Vivaldi,Antonio Vivaldi
Antwerpen,Antwerp
Antwerpen-hérað,Antwerp
Antígva og Barbúda,Antigua and Barbuda
Antígva og Barbúda,Antigua and Barbuda
Api,Ape
Appalachiafjöll,Appalachian Mountains
Appelsína,Orange
Appennínaskagi,Italian Peninsula
Apríl,April
Aprílgabb,April Fools' Day
Apókrýf rit,Apocrypha
Apúlía,Apulia
Arababandalagið,Arab League
Arabíska,Arabic language
Arabíuhaf,Arabian Sea
Arabíuskaginn,Arabian Peninsula
Aralvatn,Aral Sea
Ares,Ares
Argentína,Argentina
Argentína,Argentina
Argon,Argon
Argumentum ad hominem,Ad hominem
Aristófanes,Aristophanes
Aristóteles,Aristotle
Arizona,Arizona
Arizona,Arizona
Arkansas,Arkansas
Arkitekt,Architect
Arkímedes,Archimedes
Armenska,Armenian language
Armenía,Armenia
Armenía,Armenia
Arnó,Arno River
Arsen,Arsenic
Arthur Conan Doyle,Arthur Conan Doyle
Arthur Miller,Arthur Miller
Arthur Rimbaud,Arthur Rimbaud
Arthur Schopenhauer,Arthur Schopenhauer
Aríus,Arius
Arúba,Aruba
Arúba,Aruba
Aserbaídsjan,Azerbaijan
Aserbaídsjan,Azerbaijan
Askur Yggdrasils,Yggdrasil
Asmara,Asmara
Aspartam,Aspartame
Astana,Astana
Astat,Astatine
Astekar,Aztec
Astmi,Asthma
Asía,Asia
Asía,Asia
Asóreyjar,Azores
Atacama,Atacama Desert
Atferlishyggja,Behaviorism
Atlanta,Atlanta
Atlantis,Atlantis
Atlantshaf,Atlantic Ocean
Atlantshaf,Atlantic Ocean
Atlantshafsbandalagið,NATO
Atlas,Atlas
Atlasfjöll,Atlas Mountains
Atli Húnakonungur,Attila the Hun
Atreifur,Atreus
Atviksorð,Adverb
Atómfræði,Atomic physics
Atómmassi,Atomic mass
Auga,Eye
Auglýsingar,Advertising
Auguste Comte,Auguste Comte
Auguste Rodin,Auguste Rodin
Austin,Austin
Austrómverska keisaradæmið,Byzantine Empire
Austur,East
Austur-Afríka,East Africa
Austur-Kongó,Democratic Republic of the Congo
Austur-Kongó,Democratic Republic of the Congo
Austur-Sussex,East Sussex
Austur-Tímor,East Timor
Austur-Tímor,East Timor
Austur-Þýskaland,East Germany
Austurríki,Austria
Austurríki,Austria
Austurríki-Ungverjaland,Austria-Hungary
Averróes,Averroes
Avicenna,Avicenna
Ayn Rand,Ayn Rand
Aðalgrein,Main
Aðalsveldi,Aristocracy
Aðfangadagur,Christmas Eve
Aðfeldi,Factorial
Aðgreiningarsíður,Disambiguation
Aðskeyti,Affix
Aðventa,Advent
Aþena,Athena
Aþena,Athens
B,B
B1-vítamín,Thiamine
BASIC,BASIC
Badminton,Badminton
Bagdad,Baghdad
Bahamaeyjar,Bahamas
Bajkalvatn,Lake Baikal
Bakskaut,Cathode
Bakú,Baku
Baldur,Baldr
Balkanskaginn,Balkans
Baltimore,Baltimore
Bamakó,Bamako
Bambus,Bamboo
Bananalýðveldi,Banana republic
Banani,Banana
Bandaríkin,United States
Bandaríkin,United States
Bandaríkjadalur,United States dollar
Bandaríkjaþing,United States Congress
Bandaríska Samóa,American Samoa
Bandaríska alríkislögreglan,Federal Bureau of Investigation
Bandaríska borgarastríðið,American Civil War
Bandaríska frelsisstríðið,American Revolutionary War
Bandarísku Jómfrúaeyjar,United States Virgin Islands
Bangkok,Bangkok
Bangladess,Bangladesh
Bangladess,Bangladesh
Bangví,Bangui
Bankar,Banks
Banki,Bank
Bannfæring,Excommunication
Barbados,Barbados
Barbados,Barbados
Barbari,Barbarian
Barein,Bahrain
Barein,Bahrain
Barentshaf,Barents Sea
Bari,Bari
Barn,Child
Barnahjálp Sameinuðu þjóðanna,United Nations Children's Fund
Barokk,Baroque
Barselóna,Barcelona
Barín,Barium
Basalt,Basalt
Basel,Basel
Basi,Base
Basilíka,Basil
Basilíkata,Basilicata
Bastille,Bastille
Baðmull,Cotton
Beagle,Beagle
Beaufort-kvarðinn,Beaufort scale
Beijing,Beijing
Bein,Bone
Beinagrind,Skeletal system
Beirút,Beirut
Bekerel,Becquerel
Belfast,Belfast
Belgrad,Belgrade
Belgía,Belgium
Belgía,Belgium
Belo Horizonte,Belo Horizonte
Belís,Belize
Benelúxlöndin,Benelux
Bengalflói,Bay of Bengal
Benito Mussolini,Benito Mussolini
Benjamin Franklin,Benjamin Franklin
Benjamin Harrison,Benjamin Harrison
Benín,Benin
Benín,Benin
Berg,Rock
Bergfræði,Petrology
Bergkvika,Magma
Beringssund,Bering Strait
Berklar,Tuberculosis
Berkshire,Berkshire
Berlín,Berlin
Bermúda,Bermuda
Bern,Berne
Berserkjasveppur,Amanita muscaria
Bertolt Brecht,Bertolt Brecht
Bertrand Russell,Bertrand Russell
Beryllín,Beryllium
Beta,Beta
Betasundrun,Beta decay
Betelgás,Betelgeuse
Bette Davis,Bette Davis
Beykibálkur,Fagales
Biblían,Bible
Biblían,Bible
Bifreið,Automobile
Bill Gates,Bill Gates
Birki,Birch
Bishkek,Bishkek
Biskajaflói,Bay of Biscay
Biskup,Bishop
Bismút,Bismuth
Bissá,Bissau
Bjarndýr,Bear
Bjólfskviða,Beowulf
Bjór,Beer
Björgvin,Bergen
Blaise Pascal,Blaise Pascal
Blak,Volleyball
Blaðamennska,Journalism
Blender,Blender
Blettatígur,Cheetah
Blinda,Blindness
Bloemfontein,Bloemfontein
Blogg,Blog
Bláhrafn,Rook
Blár,Blue
Blásturshljóðfæri,Wind instrument
Bláæð,Vein
Blóm,Flower
Blómkál,Cauliflower
Blóð,Blood
Blóðflaga,Platelet
Blóðfræði,Hematology
Blóðrásarkerfi,Circulatory system
Blóðvökvi,Blood plasma
Blý,Lead
Blýantur,Pencil
Bob Dylan,Bob Dylan
Bobby Fischer,Bobby Fischer
Bodenvatn,Lake Constance
Boethíus,Anicius Manlius Severinus Boethius
Bogagráða,Angle
Bogi,Arch
Bologna,Bologna
Bonn,Bonn
Bordeaux,Bordeaux
Borgarastríð,Civil war
Borgarstjóri,Mayor
Borgríki,City-state
Boris Godúnov,Boris Godunov
Borneó,Borneo
Borrar,Perciformes
Borðsalt,Sodium chloride
Borðspil,Board game
Bosnía og Hersegóvína,Bosnia and Herzegovina
Bosnía og Hersegóvína,Bosnia and Herzegovina
Bosporussund,Bosporus
Boston,Boston
Botsvana,Botswana
Botsvana,Botswana
Bourgogne,Bourgogne
Bouveteyja,Bouvet Island
Boxer,Boxer
Boðorðin tíu,Ten Commandments
Braga,Braga
Brama,Brahma
Brasilía,Brazil
Brasilía,Brazil
Bratislava,Bratislava
Brauð,Bread
Brazzaville,Brazzaville
Breiðnefur,Platypus
Bremen,Bremen
Brennisteinn,Sulfur
Brennisteinssýra,Sulfuric acid
Breska Kólumbía,British Columbia
Breska heimsveldið,British Empire
Breska samveldið,Commonwealth of Nations
Breskt pund,Pound sterling
Bresku Jómfrúaeyjar,British Virgin Islands
Bretagne,Bretagne
Bretar,British people
Bretland,United Kingdom
Bretland,United Kingdom
Bretlandseyjar,British Isles
Bris,Pancreas
Brisbane,Brisbane
Bristol,Bristol
Brjóskfiskar,Chondrichthyes
Brjóst,Breast
Brno,Brno
Broadway,Broadway
Brons,Bronze
Bronsöld,Bronze Age
Brooklyn,Brooklyn
Brugge,Bruges
Bruni,Combustion
Brussel,Brussels
Bræðslumark,Melting point
Bróm,Bromine
Brú,Bridge
Brúnei,Brunei
Brúnei,Brunei
Brúnsvík,Braunschweig
Buckinghamhöll,Buckingham Palace
Buckminster Fuller,Buckminster Fuller
Buddy Holly,Buddy Holly
Bushi,Samurai
Bydgoszcz,Bydgoszcz
Bygg,Barley
Byggingarlist,Architecture
Byggingarlist,Architecture
Bylgjulengd,Wavelength
Byssupúður,Gunpowder
Bátur,Boat
Bæheimur,Bohemia
Bæjaraland,Bavaria
Bær,Town
Bæti,Byte
Bók,Book
Bókasafn,Library
Bókfell,Parchment
Bókfinka,Chaffinch
Bókmenntir,Literature
Bókmenntir,Literature
Bókstafstrú,Fundamentalism
Bókstafur,Letter
Bólivía,Bolivia
Bólivía,Bolivia
Bór,Boron
Búdapest,Budapest
Búddismi,Buddhism
Búddismi,Buddhism
Búenos Aíres,Buenos Aires
Búfjárrækt,Animal husbandry
Bújúmbúra,Bujumbura
Búkarest,Bucharest
Búlgaría,Bulgaria
Búlgaría,Bulgaria
Búrkína Fasó,Burkina Faso
Búrkína Fasó,Burkina Faso
Búrúndí,Burundi
Bútan,Bhutan
Bútan,Bhutan
Býfluga,Bee
C,C
C-14 aldursgreining,Radiocarbon dating
C. S. Lewis,C. S. Lewis
CAT,Computed tomography
CD,CD
Calvin Coolidge,Calvin Coolidge
Calígúla,Caligula
Cambridge,Cambridge
Canberra,Canberra
Cardiff,Cardiff
Carl Orff,Carl Orff
Carl von Linné,Carolus Linnaeus
Casablanca,Casablanca
Catullus,Catullus
Caymaneyjar,Cayman Islands
Ceres,Ceres
Ceres,Ceres
Charles Darwin,Charles Darwin
Charles Dickens,Charles Dickens
Charles Sanders Peirce,Charles Peirce
Charles de Gaulle,Charles de Gaulle
Charlie Chaplin,Charlie Chaplin
Charlotte,Charlotte
Che Guevara,Che Guevara
Chester A. Arthur,Chester A. Arthur
Chicago,Chicago
Chicago-háskóli,University of Chicago
Chile,Chile
Chile,Chile
Christiaan Huygens,Christiaan Huygens
Christopher Marlowe,Christopher Marlowe
Civilization,Civilization
Claude Monet,Claude Monet
Claude Shannon,Claude Shannon
Claudio Monteverdi,Claudio Monteverdi
Claudíus,Claudius
Cleveland,Cleveland
Colorado,Colorado
Colosseum,Colosseum
Columbia,Columbia
Columbia-háskóli,Columbia University
Columbus,Columbus
Columbus,Columbus
Connecticut,Connecticut
Connecticut,Connecticut
Cork,Cork
Cornell-háskóli,Cornell University
Cornwall,Cornwall
Cotonou,Cotonou
Coventry,Coventry
Cumbria,Cumbria
Curitiba,Curitiba
Cíceró,Cicero
D,D
DNA,DNA
Dagar,Days
Dagatal,Calendar
Daglínan,International Date Line
Daguerreaðferð,Daguerreotype
Daka,Dhaka
Dakar,Dakar
Dalai Lama,Dalai Lama
Dallas,Dallas
Dalur,Dollar
Damaskus,Damascus
Damm,Draughts
Daniel Bernoulli,Daniel Bernoulli
Daniel Defoe,Daniel Defoe
Danmörk,Denmark
Danmörk,Denmark
Dans,Dance
Dante Alighieri,Dante Alighieri
Dar es Salaam,Dar es Salaam
Dardanellasund,Dardanelles
Darwin,Darwin
Darwin,Darwin
Dauðahaf,Dead Sea
Dauðarefsing,Capital punishment
Dauði,Death
David Hilbert,David Hilbert
David Hume,David Hume
David Livingstone,David Livingstone
David Ricardo,David Ricardo
Deildun,Derivative
Deilikorn,Centriole
Deiling,Division
Deimos,Deimos
Delaware,Delaware
Delfí,Delphi
Delta,Delta
Demantur,Diamond
Demetra,Demeter
Demosþenes,Demosthenes
Demókrataflokkurinn,Democratic Party
Demókrítos,Democritus
Denis Diderot,Denis Diderot
Denver,Denver
Desember,December
Desiderius Erasmus,Desiderius Erasmus
Desíbel,Decibel
Detroit,Detroit
Devon,Devon
Devontímabilið,Devonian
Diocletianus,Diocletian
Djakarta,Jakarta
Djass,Jazz
Djákni,Deacon
Djíbútí,Djibouti
Dmitri Mendelejev,Dmitri Mendeleev
Dnjepr,Dnieper River
Dobermann,Doberman Pinscher
Dolly,Dolly
Don,Don River
Don Kíkóti,Don Quixote
Donatello,Donatello
Dopplerhrif,Doppler effect
Doris Lessing,Doris Lessing
Dortmund,Dortmund
Drakúla,Dracula
Draumur,Dream
Dreki,Dragon
Dresden,Dresden
Drómedari,Dromedary
Duke-háskóli,Duke University
Dulfrævingar,Flowering plant
Dulnefni,Pseudonym
Dultaugakerfið,Autonomic nervous system
Dunkerque,Dunkirk
Dvergkráka,Jackdaw
Dwight D. Eisenhower,Dwight D. Eisenhower
Dyflinn,Dublin
Dygð,Virtue
Dystópía,Dystopia
Dægurflugur,Mayfly
Díana prinsessa,Diana
Díll,Pixel
Dímítríj Sjostakovítsj,Dmitri Shostakovich
Díselvél,Diesel engine
Dódóma,Dodoma
Dóminíka,Dominica
Dóminíska lýðveldið,Dominican Republic
Dóminíska lýðveldið,Dominican Republic
Dómitíanus,Domitian
Dómkirkja,Cathedral
Dóná,Danube
Dóúala,Douala
Dönsk króna,Danish krone
Döðlupálmi,Date Palm
Dúbæ,Dubai
Dúdúfugl,Dodo
Dúfnafuglar,Columbiformes
Dúfnafuglar,Columbiformes
Dúfur,Columbidae
Dúr,Major scale
Dúrra,Sorghum
Dúshanbe,Dushanbe
Dýr,Animal
Dýrafræði,Zoology
Dýrafræði,Zoology
Dýrlingur,Saint
E,E
E,E
Edgar Allan Poe,Edgar Allan Poe
Edinborg,Edinburgh
Edmund Hillary,Edmund Hillary
Edmund Husserl,Edmund Husserl
Edvard Grieg,Edvard Grieg
Edvard Munch,Edvard Munch
Edward Gibbon,Edward Gibbon
Edward Jenner,Edward Jenner
Edwin Hubble,Edwin Hubble
Efahyggja,Skepticism
Efesos,Ephesus
Efnafræði,Chemistry
Efnafræði,Chemistry
Efnahvarf,Chemical reaction
Efnasamband,Chemical compound
Efnaskipti,Metabolism
Efnaverkfræði,Chemical engineering
Efnavopn,Chemical warfare
Efnishyggja,Materialism
Efrat,Euphrates
Egg,Egg
Eggjastokkur,Ovary
Egyptaland,Egypt
Egyptaland,Egypt
Eiffelturninn,Eiffel Tower
Eignarfall,Genitive case
Eingildi,Valence
Eingyðistrú,Monotheism
Einhyggja,Monism
Einhyrningur,Unicorn
Einkímblöðungar,Monocotyledon
Einn,1
Einræði,Dictatorship
Einsykrur,Monosaccharide
Einveldi,Monarchy
Eista,Testicle
Eistland,Estonia
Eiði,Isthmus
Ekvador,Ecuador
Ekvador,Ecuador
El Cid,El Cid
El Paso,El Paso
El Salvador,El Salvador
El Salvador,El Salvador
Eldfjallafræði,Volcanology
Eldstöð,Volcano
Eldur,Fire
Eleanor Roosevelt,Eleanor Roosevelt
Elektra,Electra
Elgur,Moose
Elias Canetti,Elias Canetti
Elizabeth Taylor,Elizabeth Taylor
Ella Fitzgerald,Ella Fitzgerald
Elri,Alder
Elsass,Alsace
Elvis Presley,Elvis Presley
Emily Dickinson,Emily Dickinson
Emilía-Rómanja,Emilia-Romagna
Emma Goldman,Emma Goldman
Empedókles,Empedocles
Empire State-byggingin,Empire State Building
Endaþarmsop,Anus
Endurkvæmt fall,Recursion
Endurreisnin,Renaissance
Endurvinnsla,Recycling
Eneas,Aeneas
Eneasarkviða,Aeneid
England,England
England,England
Englendingar,English people
Enrico Fermi,Enrico Fermi
Enska,English language
Enska,English language
Enska borgarastyrjöldin,English Civil War
Ensím,Enzyme
Epiktetos,Epictetus
Epikúros,Epicurus
Epli,Apple
Epsílon,Epsilon
Erasure,Erasure
Eratosþenes,Eratosthenes
Erfðafræði,Genetics
Erfðafræði,Genetics
Erfðaskrá,Will
Erfðavísir,Gene
Erkibiskup,Archbishop
Erkiengill,Archangel
Ermarsund,English Channel
Ermarsundsgöngin,Channel Tunnel
Ernest Hemingway,Ernest Hemingway
Ernest Rutherford,Ernest Rutherford
Erítrea,Eritrea
Esperanto,Esperanto
Esperanto,Esperanto
Espoo,Espoo
Espressó,Espresso
Essen,Essen
Essex,Essex
Estrógen,Estrogen
Eta,Eta
Etanól,Ethanol
Eva Braun,Eva Braun
Everestfjall,Mount Everest
Evklíð,Euclid
Evra,Euro
Evrasía,Eurasia
Evripídes,Euripides
Evrópa,Europa
Evrópa,Europe
Evrópa,Europe
Evrópubandalagið,European Community
Evrópusambandið,European Union
Evrópusambandið,European Union
Eyja,Island
Eyjahaf,Aegean Sea
Eyjaklasi,Archipelago
Eyjaálfa,Oceania
Eyjaálfa,Oceania
Eyra,Ear
Eyrnaselir,Eared seal
Eystrasalt,Baltic Sea
Eyðimerkur,Deserts
Eyðimörk,Desert
Eðallofttegund,Noble gas
Eðlisefnafræði,Physical chemistry
Eðlisfræði,Physics
Eðlisfræði,Physics
Eðlismassi,Density
Eðlur,Lizard
Eþíópía,Ethiopia
Eþíópía,Ethiopia
F,F
F. Scott Fitzgerald,F. Scott Fitzgerald
FTP,File Transfer Protocol
Fado,Fado
Fagott,Bassoon
Fagurfræði,Aesthetics
Faldmengi,Cartesian product
Falklandseyjar,Falkland Islands
Fall,Function
Fallöxi,Guillotine
Falun Gong,Falun Gong
Fangelsi,Prison
Farad,Farad
Farsími,Mobile phone
Fartölva,Laptop
Fasismi,Fascism
Fatah,Fatah
Fatnaður,Clothing
Fatnaður,Clothing
Faðir vor,Lord's Prayer
Febrúar,February
Federico Fellini,Federico Fellini
Feldspat,Feldspar
Femínismi,Feminism
Femínismi,Feminism
Feneyjar,Venice
Fennikka,Fennel
Fenrisúlfur,Fenrir
Ferdinand 2. keisari,Ferdinand II
Ferdinand Magellan,Ferdinand Magellan
Ferfætlingar,Tetrapod
Fermetri,Square metre
Fermíeind,Fermion
Ferningsrót,Square root
Ferningur,Square
Fertölur,Quaternion
Ferðamennska,Tourism
Ferðaþjónusta,Tourism
Fibonacciruna,Fibonacci number
Fidel Castro,Fidel Castro
Filippseyjar,Philippines
Filippseyjar,Philippines
Filippus 2. Spánarkonungur,Philip II of Spain
Fimleikar,Gymnastics
Fimmhyrningur,Pentagon
Fimmtudagur,Thursday
Fimmtíu,50
Fingur,Finger
Finnland,Finland
Finnland,Finland
Firðrúm,Metric space
Fiskabúr,Aquarium
Fiskar,Fish
Fiskifræði,Ichthyology
Fiskur,Fish
Fita,Lipid
Fiðla,Violin
Fiðrildi,Butterfly
Fjall,Mountain
Fjallahjól,Mountain bike
Fjallaland,Piedmont
Fjallatoglest,Funicular
Fjarlægðarformúlan,Distance
Fjarskipti,Telecommunication
Fjodor Dostojevskíj,Fyodor Dostoevsky
Fjárhættuspil,Gambling
Fjármál,Finance
Fjölfætlur,Myriapoda
Fjölgervi,Allotropy
Fjölgyðistrú,Polytheism
Fjörður,Fjord
Flamenco,Flamenco
Flaska,Bottle
Flatarmál,Area
Flauta,Flute
Flekakenningin,Plate tectonics
Fleygbogi,Parabola
Fljúgandi furðuhlutur,Unidentified flying object
Flogaveiki,Epilepsy
Flokkur,Class
Flokkur,Group
Florence Nightingale,Florence Nightingale
Flugfélag,Airline
Flugmóðurskip,Aircraft carrier
Flugvélar,Aircraft
Flugvöllur,Airport
Flæmingjaland,Flanders
Flæmingjar,Flamingo
Flæmska,Flemish
Flétta,Lichen
Flórens,Florence
Flórída,Florida
Flórída,Florida
Flóttamaður,Refugee
Flóð,Flood
Flóðbylgja,Tsunami
Formfræði,Morphology
Fornafn,Pronoun
Forngríska,Ancient Greek
Fornleifafræði,Archaeology
Fornleifafræði,Archaeology
Fornlífsöld,Paleozoic
Fornnorræna,Old Norse
Forritun,Computer programming
Forritunarmál,Programming language
Forseti,President
Forskaut,Anode
Forsætisráðherra,Prime minister
Forsögulega tímabilið,Prehistory
Forsögulegur tími,Prehistory
Fort Worth,Fort Worth
Fosfór,Phosphorus
Foss,Waterfall
Frakkar,French people
Frakkland,France
Frakkland,France
Framhlaðningur,Musket
Framtíð,Future
Francesco Petrarca,Petrarch
Francis Bacon,Francis Bacon
Francis Crick,Francis Crick
Francis Drake,Francis Drake
Francis Ford Coppola,Francis Ford Coppola
Francisco Franco,Francisco Franco
Francisco Goya,Francisco Goya
Francisco Pizarro,Francisco Pizarro
Frank Lloyd Wright,Frank Lloyd Wright
Frank Sinatra,Frank Sinatra
Frankfurt,Frankfurt
Frankfurt,Frankfurt
Frankfurt am Main,Frankfurt
Franklin Pierce,Franklin Pierce
Frans frá Assisí,Francis of Assisi
Fransk-prússneska stríðið,Franco-Prussian War
Franska Pólýnesía,French Polynesia
Franska Pólýnesía,French Polynesia
Franska byltingin,French Revolution
Fransín,Francium
Franz Kafka,Franz Kafka
Franz Schubert,Franz Schubert
Freetown,Freetown
Freigáta,Frigate
Frelsisstyttan,Statue of Liberty
Freyja,Freyja
Freyr,Freyr
Freðmýri,Tundra
Fridtjof Nansen,Fridtjof Nansen
Friedrich Engels,Friedrich Engels
Frigg Fjörgynsdóttir,Frigg
Friðarsinni,Pacifism
Friðrik barbarossa,Frederick I
Friður,Peace
Friúlí,Friuli-Venezia Giulia
Frjáls vilji,Free will
Frjálsar íþróttir,Athletics
Frjóduft,Pollen
Froskar,Frog
Froskdýr,Amphibian
Fruma,Cell
Frumbjarga lífvera,Autotroph
Frumefni,Chemical element
Frumeind,Atom
Frumgyðistrú,Deism
Frumkraftur,Fundamental interaction
Frumsenda,Axiom
Frumspeki,Metaphysics
Frumspeki,Metaphysics
Frumtala,Prime number
Frumuhimna,Cell membrane
Frumukjarni,Cell nucleus
Frumulíffæri,Organelle
Frumuveggur,Cell wall
Frumvera,Protist
Frymisgrind,Cytoskeleton
Frádráttur,Subtraction
Frímerki,Postage stamp
Frímúrarareglan,Freemasonry
Fucking,Fucking
Fugl,Bird
Fuglafræði,Ornithology
Fuglafræði,Ornithology
Fullorðinn einstaklingur,Adult
Fullveldi,Sovereignty
Fylki,Matrix
Fylking,Phylum
Fyrirbærafræði,Phenomenology
Fyrri heimsstyrjöldin,World War I
Fyrri heimsstyrjöldin,World War I
Fána,Fauna
Fáni,Flag
Fátækt,Poverty
Fælni,Phobia
Færeyjar,Faroe Islands
Félagsfræði,Sociology
Félagsfræði,Sociology
Félagssálfræði,Social psychology
Fí,Phi
Fídjieyjar,Fiji
Fíkn,Addiction
Fíkn,Drug addiction
Fíll,Elephant
Fóbos,Phobos
Fólinsýra,Folic acid
Fólk,People
Fólksfjöldi,Population
Fónem,Phoneme
Fósturbarn,Adoption
Fóstureyðing,Abortion
Fótgöngulið,Infantry
Fönix,Phoenix
Föníka,Phoenicia
Föstudagur,Friday
Föstudagurinn langi,Good Friday
Fúnafútí,Funafuti
G,G
GNOME,GNOME
GNU,GNU
Gabon,Gabon
Gabon,Gabon
Gaboróne,Gaborone
Gagnagrind,Data structure
Gagnagrunnur,Database
Gagnkynhneigð,Heterosexuality
Gaia,Gaia
Galatía,Galatia
Galdur,Magic
Galeiða,Galley
Galenos,Galen
Galisía,Galicia
Gall,Bile
Gallblaðra,Gallbladder
Gallía,Gaul
Gallín,Gallium
Galíleó Galílei,Galileo Galilei
Gamal Abdel Nasser,Gamal Abdel Nasser
Gambía,The Gambia
Gambía,The Gambia
Gamma,Gamma
Gammageisli,Gamma ray
Gana,Ghana
Gana,Ghana
Ganges,Ganges
Ganýmedes,Ganymede
Garður,Garden
Gas,Gas
Gasaströndin,Gaza Strip
Gasrisi,Gas giant
Gaukfuglar,Cuculiformes
Gautaborg,Gothenburg
Gautama Búdda,Gautama Buddha
Gedda,Northern pike
Geisladiskur,Compact Disc
Geislavirkni,Radioactive decay
Geisli,Radius
Genf,Geneva
Genoa,Genoa
Gent,Ghent
Geoffrey Chaucer,Geoffrey Chaucer
Georg Friedrich Bernhard Riemann,Bernhard Riemann
Georg Friedrich Händel,George Frideric Handel
Georg Wilhelm Friedrich Hegel,Georg Wilhelm Friedrich Hegel
George Berkeley,George Berkeley
George Bernard Shaw,George Bernard Shaw
George Bush,George Bush
George Harrison,George Harrison
George Lucas,George Lucas
George Orwell,George Orwell
George W. Bush,George W. Bush
George Washington,George Washington
Georges Clemenceau,Georges Clemenceau
Georgetown,Georgetown
Georgía,Georgia
Georgía,Georgia
Georgíufylki,Georgia
Gerald Ford,Gerald Ford
Gerlar,Bacteria
German,Germanium
Gervigreind,Artificial intelligence
Gervigreind,Artificial intelligence
Getnaðarvörn,Birth control
Geðklofi,Schizophrenia
Geðsjúkdómur,Mental disorder
Giacomo Puccini,Giacomo Puccini
Gilgamesh,Gilgamesh
Giordano Bruno,Giordano Bruno
Giorgio de Chirico,Giorgio de Chirico
Giovanni Boccaccio,Giovanni Boccaccio
Giuseppe Verdi,Giuseppe Verdi
Gjaldmiðill,Currency
Gjaldmiðlar,Currency
Gjóður,Osprey
Glasgow,Glasgow
Gler,Glass
Glerstrendingur,Prism
Global Positioning System,Global Positioning System
Gloucestershire,Gloucestershire
Gluggi,Window
Glæpur,Crime
Glúkagon,Glucagon
Glúkósi,Glucose
Glýseról,Glycerol
Golda Meir,Golda Meir
Golf,Golf
Golf,Golf
Golfstraumurinn,Gulf Stream
Golgiflétta,Golgi apparatus
Google,Google
Googol,Googol
Gotneskur,Gothic
Goðafræði,Mythology
Goðafræði,Mythology
Goðar,Grebe
Grafreitur,Cemetery
Grafít,Graphite
Graham Greene,Graham Greene
Grameðla,Tyrannosaurus
Granar,Catfish
Granatepli,Pomegranate
Grannfræði,Topology
Grannfræði,Topology
Grasafræði,Botany
Grasafræði,Botany
Grasaætt,Poaceae
Graz,Graz
Greenpeace,Greenpeace
Greenwich,Greenwich
Gregoríska tímatalið,Gregorian calendar
Grei,Gray
Greinarmerki,Punctuation
Greindarvísitala,Intelligence quotient
Grenada,Grenada
Grenoble,Grenoble
Grikkland,Greece
Grikkland,Greece
Grover Cleveland,Grover Cleveland
Grunnflokkar,Fundamental
Grágæs,Greylag Goose
Gráspör,House Sparrow
Gráða,Degree
Grænhöfðaeyjar,Cape Verde
Grænhöfðaeyjar,Cape Verde
Grænland,Greenland
Grænland,Greenland
Grænmeti,Vegetable
Grænmetishyggja,Vegetarianism
Grænserkur,Amanita phalloides
Grænukorn,Chloroplast
Grísk goðafræði,Greek mythology
Grísk goðafræði,Greek mythology
Grískt stafróf,Greek alphabet
Gróðurhúsalofttegund,Greenhouse gas
Gróðurhúsaáhrif,Greenhouse effect
Grúpa,Group
Grúpa,Group theory
Guernsey,Guernsey
Gufuvél,Steam engine
Guglielmo Marconi,Guglielmo Marconi
Gull,Gold
Gullgerðarlist,Alchemy
Gullinsækir,Golden Retriever
Gulrót,Carrot
Gulur,Yellow
Gustav Mahler,Gustav Mahler
Guð,God
Guðfræði,Theology
Guðfræði,Theology
Guðleysi,Atheism
Guðveldi,Theocracy
Gvadelúpeyjar,Guadeloupe
Gvam,Guam
Gvatemala,Guatemala
Gvatemalaborg,Guatemala City
Gvæjana,Guyana
Gyðingar,Jew
Gyðingdómur,Judaism
Gyðingdómur,Judaism
Gásfuglar,Anseriformes
Gásfuglar,Anseriformes
Gíbraltar,Gibraltar
Gíbraltar,Gibraltar
Gíbraltarsund,Strait of Gibraltar
Gínea,Guinea
Gínea,Guinea
Gínea-Bissá,Guinea-Bissau
Gínea-Bissá,Guinea-Bissau
Gíneuflói,Gulf of Guinea
Gítar,Guitar
Gó,Go
Góðrarvonarhöfði,Cape of Good Hope
H,H
H. G. Wells,H. G. Wells
H.C. Andersen,Hans Christian Andersen
HTML,HTML
HTTP,Hypertext Transfer Protocol
Haag,The Hague
Hades,Hades
Hadríanus,Hadrian
Hadsjí,Hajj
Hadíða,Hadith
Haffræði,Oceanography
Haffræði,Oceanography
Hafnabolti,Baseball
Hafnín,Hafnium
Hafrar,Oat
Hagfræði,Economics
Hagfræði,Economics
Halal,Halal
Halastjarna,Comet
Halógen,Halogen
Hamar,Hammer
Hamas,Hamas
Hamborg,Hamburg
Hamborgari,Hamburger
Hamingja,Happiness
Hammúrabí,Hammurabi
Hampshire,Hampshire
Hamur,Phase
Hannibal Barca,Hannibal
Hannover,Hanover
Hanoí,Hanoi
Hansasambandið,Hanseatic League
Harare,Harare
Harold Pinter,Harold Pinter
Harriet Tubman,Harriet Tubman
Harry Houdini,Harry Houdini
Hatur,Hatred
Haust,Autumn
Havana,Havana
Hawaii,Hawaii
Haífa,Haifa
Haítí,Haiti
Haítí,Haiti
Heba,Hebe
Hebreska almanakið,Hebrew calendar
Hector Berlioz,Hector Berlioz
Hefæstos,Hephaestus
Heilablóðfall,Stroke
Heiladingull,Pituitary gland
Heilaga rómverska ríki,Holy Roman Empire
Heilaga rómverska ríkið,Holy Roman Empire
Heilagur andi,Holy Spirit
Heilahimnubólga,Meningitis
Heildun,Integral
Heili,Brain
Heilkjörnungar,Eukaryote
Heilsa,Health
Heilsa,Health
Heiltölur,Integer
Heilög þrenning,Trinity
Heimdallur,Heimdall
Heimild vantar,Fact
Heimsfaraldur,Pandemic
Heimsfræði,Cosmology
Heimsfræði,Cosmology
Heimshlýnun,Global warming
Heimskautarefur,Arctic fox
Heimslitafræði,Eschatology
Heimspeki,Philosophy
Heimspeki,Philosophy
Heimspeki,Philosophy
Heimsvaldastefna,Imperialism
Heimsálfa,Continent
Heinrich Himmler,Heinrich Himmler
Hektari,Hectare
Hektor,Hector
Helen Keller,Helen Keller
Helena,Helena
Helgidagur,Holiday
Hellir,Cave
Helmingunartími,Half-life
Helsingjabotn,Gulf of Bothnia
Helsinki,Helsinki
Helvíti,Hell
Helín,Helium
Helíos,Helios
Hengigarðarnir í Babýlon,Hanging Gardens of Babylon
Henri Becquerel,Henri Becquerel
Henri Bergson,Henri Bergson
Henri Matisse,Henri Matisse
Henrik Ibsen,Henrik Ibsen
Henry,Henry
Henry Cavendish,Henry Cavendish
Henry Ford,Henry Ford
Henry Purcell,Henry Purcell
Hera,Hera
Herakleitos,Heraclitus
Herbert Hoover,Herbert Hoover
Herbert Spencer,Herbert Spencer
Herfylki,Battalion
Herklæði,Armour
Hermann Hesse,Hermann Hesse
Heron frá Alexandríu,Hero of Alexandria
Hertfordshire,Hertfordshire
Heródótos,Herodotus
Heróín,Heroin
Hessen,Hesse
Hestur,Horse
Hesíódos,Hesiod
Himalajafjöll,Himalayas
Hindúismi,Hinduism
Hindúismi,Hinduism
Hippókrates,Hippocrates
Hippókratesareiðurinn,Hippocratic Oath
Hispaníóla,Hispaniola
Hiti,Temperature
Hizbollah,Hezbollah
Hjaltlandseyjar,Shetland
Hjarta,Heart
Hjarta- og æðakerfið,Cardiovascular system
Hjartardýr,Deer
Hjartaáfall,Myocardial infarction
Hjáfræði,Pseudoscience
Hjól,Wheel
Hjólreiðar,Cycling
Hjónaband,Marriage
Hlaupár,Leap year
Hljómborð,Keyboard instrument
Hljómsveit,Orchestra
Hljóð,Sound
Hljóðfræði,Phonetics
Hljóðfræði,Phonetics
Hljóðfæri,Musical instrument
Hlutabréfamarkaður,Stock exchange
Hlutmengi,Subset
Hlynir,Maple
Hnattvæðing,Globalization
Hnefaleikar,Boxing
Hneta,Nut
Hnífur,Knife
Hnútur,Knot
Hnúðsvanur,Mute Swan
Ho Chi Minh,Ho Chi Minh
Ho Chi Minh-borg,Ho Chi Minh City
Hobart,Hobart
Hokusai,Hokusai
Holdsveiki,Leprosy
Holdýr,Cnidaria
Holland,Netherlands
Holland,Netherlands
Hollendingar,Dutch people
Hollensku Antillaeyjar,Netherlands Antilles
Hollywood,Hollywood
Hondúras,Honduras
Hondúras,Honduras
Hong Kong,Hong Kong
Hong Kong,Hong Kong
Honíara,Honiara
Hormón,Hormone
Hormússund,Strait of Hormuz
Horn Afríku,Horn of Africa
Hornafall,Trigonometric function
Hornafall,Trigonometry
Hornhöfði,Cape Horn
Hosni Mubarak,Hosni Mubarak
Houston,Houston
Howard Carter,Howard Carter
Hrafntinna,Obsidian
Hraun,Lava
Hraði,Speed
Hraði,Velocity
Hreifadýr,Pinniped
Hreindýr,Reindeer
Hreisturdýr,Squamata
Hreisturvængjur,Lepidoptera
Hreiður,Nest
Hrekkjavaka,Halloween
Hringrif,Atoll
Hryggdýr,Vertebrate
Hryggleysingjar,Invertebrate
Hryggsúla,Vertebral column
Hryðjuverk,Terrorism
Hryðjuverk,Terrorism
Hryðjuverkin 11. september 2001,September 11
Hráolía,Petroleum
Hrísgrjón,Rice
Hró,Rho
Hrói höttur,Robin Hood
Hröðun,Acceleration
Hugbúnaður,Computer software
Hugbúnaður,Software
Hughyggja,Idealism
Hugmyndafræði,Ideology
Hugo Grotius,Hugo Grotius
Hugræn sálfræði,Cognitive psychology
Hugsun,Thought
Hugvísindi,Humanities
Hulduefni,Dark matter
Hunang,Honey
Hunangsflugur,Bumblebee
Hundaætt,Canidae
Hundrað,100
Hundrað ára stríðið,Hundred Years' War
Hundraðshluti,Percentage
Hundur,Dog
Hurð,Door
Hvalir,Cetacea
Hvalur,Whale
Hvatberi,Mitochondrion
Hvati,Catalysis
Hveiti,Wheat
Hverfiþungi,Angular momentum
Hvirfilbylur,Tornado
Hvirfilpunktur,Zenith
Hvolfþak,Dome
Hvít blóðkorn,White blood cell
Hvíta-Rússland,Belarus
Hvíta-Rússland,Belarus
Hvítahaf,White Sea
Hvítasunnudagur,Pentecost
Hvítblæði,Leukemia
Hvítfjall,Mont Blanc
Hvíthákarl,Great white shark
Hvítur dvergur,White dwarf
Háfiskar,Shark
Háhyrningur,Orca
Hálfleiðari,Semiconductor
Hár,Hair
Háskóli,University
Hæka,Haiku
Hænsnfuglar,Galliformes
Hómer,Homer
Hóratíus,Horace
Höfrungar,Dolphin
Höfundarréttur,Copyright
Höfuð,Head
Höfuðborg,Capital
Höfuðkúpa,Skull
Höfuðstóll,Capital
Höfðaborg,Cape Town
Höggmyndalist,Sculpture
Hönnun,Design
Hús,House
Húsamús,House Mouse
Húsgagn,Furniture
Húð,Skin
I,I
I. M. Pei,I. M. Pei
IPod,IPod
Idaho,Idaho
Ido,Ido
Illinois,Illinois
Illinois,Illinois
Illyría,Illyria
Ilpunktur,Nadir
Ilíonskviða,Iliad
Imam,Imam
Immanuel Kant,Immanuel Kant
Indiana,Indiana
Indiana fylki,Indiana
Indianapolis,Indianapolis
Indira Gandhi,Indira Gandhi
Indland,India
Indland,India
Indlandshaf,Indian Ocean
Indlandshaf,Indian Ocean
Indusfljót,Indus River
Indín,Indium
Indókína,Indochina
Indónesía,Indonesia
Indónesía,Indonesia
Inflúensa,Influenza
Ingmar Bergman,Ingmar Bergman
Ingrid Bergman,Ingrid Bergman
Innkirtlafræði,Endocrinology
Innkirtlafræði,Endocrinology
Innkirtlakerfið,Endocrine system
Innrautt ljós,Infrared
Innsbruck,Innsbruck
Insúlín,Insulin
Internet Explorer,Internet Explorer
Internetið,Internet
Internetið,Internet
Iowa,Iowa
Iridín,Iridium
Iron Maiden,Iron Maiden
Isaac Asimov,Isaac Asimov
Isaac Bashevis Singer,Isaac Bashevis Singer
Isaac Newton,Isaac Newton
Islamabad,Islamabad
Istanbúl,Istanbul
Italo Calvino,Italo Calvino
Ivy League,Ivy League
Iðnaður,Industry
Iðnbyltingin,Industrial Revolution
J,J
J. D. Salinger,J. D. Salinger
JHVH,Jehovah
Jack Kerouac,Jack Kerouac
Jackson Pollock,Jackson Pollock
Jacksonville,Jacksonville
Jacques Cartier,Jacques Cartier
Jacques Offenbach,Jacques Offenbach
Jafna,Equation
Jafnaðarstefna,Socialism
Jafnaðarstefna,Socialism
Jafndægur,Equinox
Jafnstraumur,Direct current
Jamaíka,Jamaica
Jamaíka,Jamaica
James Bond,James Bond
James Buchanan,James Buchanan
James Clerk Maxwell,James Clerk Maxwell
James Cook,James Cook
James Garfield,James A. Garfield
James Joyce,James Joyce
James K. Polk,James K. Polk
James Madison,James Madison
James Monroe,James Monroe
James Watt,James Watt
Jane Austen,Jane Austen
Jangtse,Yangtze River
Janis Joplin,Janis Joplin
Janúar,January
Japan,Japan
Japan,Japan
Japetos,Iapetus
Jarðefnaeldsneyti,Fossil fuel
Jarðefnafræði,Geochemistry
Jarðeðlisfræði,Geophysics
Jarðeðlisfræði,Geophysics
Jarðfræði,Geology
Jarðfræði,Geology
Jarðgas,Natural gas
Jarðgöng,Tunnel
Jarðköttur,Meerkat
Jarðlagafræði,Stratigraphy
Jarðskjálftafræði,Seismology
Jarðskjálftafræði,Seismology
Jarðskjálfti,Earthquake
Jarðskorpa,Crust
Jarðsveppur,Tuber
Jarðsvín,Aardvark
Jarðvegur,Soil
Jarðvísindi,Earth science
Jason Argóarfari,Jason
Java,Java
Java,Java
Jaínismi,Jainism
Jean Sibelius,Jean Sibelius
Jean-Jacques Rousseau,Jean-Jacques Rousseau
Jean-Paul Sartre,Jean-Paul Sartre
Jean-Philippe Rameau,Jean-Philippe Rameau
Jeddah,Jeddah
Jemen,Yemen
Jeremy Bentham,Jeremy Bentham
Jerevan,Yerevan
Jersey,Jersey
Jerúsalem,Jerusalem
Jesús,Jesus
Jimi Hendrix,Jimi Hendrix
Jimmy Carter,Jimmy Carter
Johann Bernoulli,Johann Bernoulli
Johann Gutenberg,Johannes Gutenberg
Johann Sebastian Bach,Johann Sebastian Bach
Johann Wolfgang von Goethe,Johann Wolfgang von Goethe
Johannes Brahms,Johannes Brahms
Johannes Kepler,Johannes Kepler
John Adams,John Adams
John Dewey,John Dewey
John Lennon,John Lennon
John Locke,John Locke
John Maynard Keynes,John Maynard Keynes
John Milton,John Milton
John Quincy Adams,John Quincy Adams
John Steinbeck,John Steinbeck
John Stuart Mill,John Stuart Mill
John Tyler,John Tyler
John Wayne,John Wayne
John von Neumann,John von Neumann
Johnny Cash,Johnny Cash
Jorge Luis Borges,Jorge Luis Borges
Joseph Conrad,Joseph Conrad
Joseph Goebbels,Joseph Goebbels
Joseph Haydn,Joseph Haydn
Joseph Smith,Joseph Smith
Joð,Iodine
Jules Verne,Jules Verne
Jurt,Plant
Jáeind,Positron
Járn,Iron
Járnbrautarlest,Train
Járntjaldið,Iron Curtain
Járnöld,Iron Age
Jóga,Yoga
Jóhanna af Örk,Joan of Arc
Jóhannesarborg,Johannesburg
Jól,Christmas
Jól,Christmas
Jólasveinn,Santa Claus
Jólatré,Christmas tree
Jómfrúaeyjar,Virgin Islands
Jón,Ion
Jónahaf,Ionian Sea
Jónía,Ionia
Jórdan,Jordan River
Jórdanía,Jordan
Jórdanía,Jordan
Jósef Stalín,Joseph Stalin
Jóta,Iota
Jótland,Jutland
Jöfnur Maxwells,Maxwell's equations
Jökull,Glacier
Jörðin,Earth
Jörðin,Earth
Júanveldið,Yuan Dynasty
Júdó,Judo
Júgóslavía,Yugoslavia
Júgóslavía,Yugoslavia
Júl,Joule
Júlí,July
Júlíska tímatalið,Julian calendar
Júlíus Caesar,Julius Caesar
Júní,June
Júpíter,Jupiter
Júpíter,Jupiter
Júpíter,Jupiter
Júra,Jurassic
Júrí Gagarín,Yuri Gagarin
K,K
K-vítamín,Vitamin K
Kaba,Kaaba
Kabúl,Kabul
Kadmín,Cadmium
Kafbátur,Submarine
Kaffi,Coffee
Kaffi,Coffee
Kaffín,Caffeine
Kaka,Cake
Kakkalakkar,Cockroach
Kakó,Cacao
Kalabría,Calabria
Kalaharíeyðimörkin,Kalahari Desert
Kalda stríðið,Cold War
Kalda stríðið,Cold War
Kalifornía,California
Kalifornía,California
Kalksteinn,Limestone
Kalsín,Calcium
Kalvínismi,Calvinism
Kalín,Potassium
Kambríumtímabilið,Cambrian
Kambódía,Cambodia
Kambódía,Cambodia
Kameldýr,Bactrian Camel
Kameldýr,Camel
Kamerún,Cameroon
Kamerún,Cameroon
Kampala,Kampala
Kampanía,Campania
Kanada,Canada
Kanada,Canada
Kanaríeyjar,Canary Islands
Kandela,Candela
Kannabis,Cannabis
Kansas,Kansas
Kantaraborg,Canterbury
Kantonska,Cantonese
Kappa,Kappa
Kappadókía,Cappadocia
Kapítalismi,Capitalism
Karachi,Karachi
Karakas,Caracas
Karate,Karate
Karl Bretaprins,Charles
Karl Jaspers,Karl Jaspers
Karl Marx,Karl Marx
Karl Popper,Karl Popper
Karlamagnús,Charlemagne
Karlungar,Carolingian dynasty
Karpfiskar,Cypriniformes
Karrí,Curry
Kartafla,Potato
Kartesíusarhnitakerfið,Cartesian coordinate system
Kartúm,Khartoum
Karíbahaf,Caribbean Sea
Karþagó,Carthage
Kasakstan,Kazakhstan
Kasakstan,Kazakhstan
Kaspíahaf,Caspian Sea
Kassandra,Cassandra
Kastali,Castle
Katalónía,Catalonia
Katar,Qatar
Katar,Qatar
Katarar,Catharism
Katmandú,Kathmandu
Katowice,Katowice
Kattardýr,Felidae
Kaunas,Kaunas
Kauphöllin í New York,New York Stock Exchange
Kaupmannahöfn,Copenhagen
Kaíró,Cairo
Keisaramörgæs,Emperor Penguin
Keisari,Emperor
Kelvin,Kelvin
Kenning,Theory
Kent,Kent
Kentucky,Kentucky
Kentári,Centaur
Kenýa,Kenya
Kenýa,Kenya
Kilimanjaro,Mount Kilimanjaro
Kimono,Kimono
Kingveldið,Qing Dynasty
Kinsasa,Kinshasa
Kirgisistan,Kyrgyzstan
Kirgisistan,Kyrgyzstan
Kirkja,Church
Kjarneind,Nucleon
Kjarneðlisfræði,Nuclear physics
Kjarnorka,Nuclear power
Kjarnorkuvopn,Nuclear weapon
Kjarnsýra,Nucleic acid
Kjálkadýr,Gnathostomata
Kjörorð,Motto
Kjöt,Meat
Kjötæta,Carnivore
Kjúklingur,Chicken
Klarínett,Clarinet
Klasi,Class
Klassísk tónlist,Classical music
Klassísk tónlist,Classical music
Klaufdýr,Even-toed ungulate
Klettafjöll,Rocky Mountains
Klippimynd,Collage
Klukka,Clock
Klukkustund,Hour
Klukkuturn Westminsterhallar,Clock Tower
Klám,Pornography
Klíó,Clio
Klór,Chlorine
Knattspyrna,Football
Knattspyrna,Football
Knut Hamsun,Knut Hamsun
Knútur ríki,Canute the Great
Kobe,Kobe
Kok,Pharynx
Kol,Coal
Kolefni,Carbon
Kolkis,Colchis
Kolkrabbi,Octopus
Kolmónoxíð,Carbon monoxide
Koltvísýringur,Carbon dioxide
Kolvetni,Hydrocarbon
Kommúnismi,Communism
Kommúnismi,Communism
Kona,Woman
Konfúsíus,Confucius
Konfúsíusismi,Confucianism
Kongó,Congo
Kongófljót,Congo River
Konstantínus mikli,Constantine I
Kontrabassi,Double bass
Kontrapunktur,Counterpoint
Konungsríki,Monarchy
Konungur,Monarch
Kopar,Copper
Korn,Cereal
Korsíka,Corsica
Kort,Map
Korvetta,Corvette
Koss,Kiss
Kosta Ríka,Costa Rica
Kosta Ríka,Costa Rica
Kosóvó,Kosovo
Kosóvó,Kosovo
Kotra,Backgammon
Krabbadýr,Crustacean
Krabbamein,Cancer
Kraftur,Force
Kreppan mikla,Great Depression
Krikket,Cricket
Kristallafræði,Crystallography
Kristallafræði,Crystallography
Kristni,Christianity
Kristni,Christianity
Kristófer Kólumbus,Christopher Columbus
Krossblómaætt,Brassicaceae
Krossfeldi,Cross product
Krossfiskar,Starfish
Krulla,Curling
Krydd,Spice
Krypton,Krypton
Krímskagi,Crimea
Krímstríðið,Crimean War
Krít,Crete
Krítartímabilið,Cretaceous
Króatía,Croatia
Króatía,Croatia
Krókódílaættbálkur,Crocodilia
Króm,Chromium
Ku Klux Klan,Ku Klux Klan
Kuiperbelti,Kuiper belt
Kurt Vonnegut,Kurt Vonnegut
Kvarki,Quark
Kvef,Common cold
Kvikasilfur,Mercury
Kvikefni,Fluid
Kvikmynd,Film
Kvikmyndir,Film
Kynjamismunun,Sexism
Kynlíf,Sex
Kynsjúkdómur,Sexually transmitted disease
Kynþáttahyggja,Racism
Kyoto,Kyoto
Kyrrahaf,Pacific Ocean
Kyrrahaf,Pacific Ocean
Kákasus,Caucasus
Kákasusfjöll,Caucasus Mountains
Káputapír,Malayan Tapir
Kí,Chi
Kíev,Kiev
Kígalí,Kigali
Kílógramm,Kilogram
Kílómetri,Kilometre
Kílóvattstund,Watt-hour
Kína,China
Kína,China
Kínamúrinn,Great Wall of China
Kíribatí,Kiribati
Kíribatí,Kiribati
Kísill,Silicon
Kísilþörungar,Diatom
Kítín,Chitin
Kóbolt,Cobalt
Kókaín,Cocaine
Kókoseyjar,Cocos  Islands
Kóladrykkur,Cola
Kólera,Cholera
Kólfsveppir,Basidiomycota
Kólibrífuglar,Hummingbird
Kólumbía,Colombia
Kólumbía,Colombia
Kómoreyjar,Comoros
Kómoreyjar,Comoros
Kónakrí,Conakry
Kóngavatn,Aqua regia
Kóralrifið mikla,Great Barrier Reef
Kóreustríðið,Korean War
Köln,Cologne
Könguló,Spider
Körfublómaætt,Asteraceae
Körfublómaætt,Asteraceae
Körfuknattleikur,Basketball
Körfuknattleikur,Basketball
Köttur,Cat
Kúala Lúmpúr,Kuala Lumpur
Kúba,Cuba
Kúba,Cuba
Kúlomb,Coulomb
Kúlombskraftur,Coulomb's law
Kúrsk,Kursk
Kúveit,Kuwait
Kúveit,Kuwait
Kýpur,Cyprus
Kýrillískt stafróf,Cyrillic alphabet
L,L
La Paz,La Paz
Labrador sækir,Labrador Retriever
Lag,Song
Lagos,Lagos
Laktósi,Lactose
Lambda,Lambda
Lancashire,Lancashire
Landafræði,Geography
Landafræði,Geography
Landafræði,Geography
Landbúnaður,Agriculture
Landbúnaður,Agriculture
Landgrunn,Continental shelf
Landmótunarfræði,Geomorphology
Landsframleiðsla,Gross domestic product
Landvinningamaður,Conquistador
Langafasta,Lent
Langbarðaland,Lombardy
Langreyður,Fin Whale
Langstökk,Long jump
Lantaníð,Lanthanide
Laos,Laos
Laos,Laos
Las Vegas,Las Vegas
Latneskt stafróf,Latin alphabet
Latína,Latin
Latíum,Lazio
Lauf,Leaf
Laugardagur,Saturday
Laxfiskaætt,Salmonidae
Le Corbusier,Le Corbusier
Leda,Leda
Leeds,Leeds
Leggöng,Vagina
Leicester,Leicester
Leifturstríð,Blitzkrieg
Leikfang,Toy
Leikjafræði,Game theory
Leiklist,Theatre
Leikrit,Drama
Leikskóli,Kindergarten
Leipzig,Leipzig
Leira,Loire
Lengd,Length
Leonardo da Vinci,Leonardo da Vinci
Leonhard Euler,Leonhard Euler
Lerki,Larch
Lesblinda,Dyslexia
Lesminni,Read-only memory
Lesótó,Lesotho
Lesótó,Lesotho
Lettland,Latvia
Lettland,Latvia
Lev Trotskíj,Leon Trotsky
Lewis Carroll,Lewis Carroll
Leðurblaka,Bat
Libreville,Libreville
Liechtenstein,Liechtenstein
Liechtenstein,Liechtenstein
Lifrarbólga,Hepatitis
Lilith,Lilith
Lille,Lille
Lincolnshire,Lincolnshire
Lindýr,Mollusca
Linux,Linux
Linux,Linux
Linz,Linz
Lise Meitner,Lise Meitner
Lissabon,Lisbon
List,Art
List,Arts
Litháen,Lithuania
Litháen,Lithuania
Litlu-Antillaeyjar,Lesser Antilles
Litur,Color
Litín,Lithium
Liverpool,Liverpool
Liðamót,Joint
Liðdýr,Arthropod
Ljubljana,Ljubljana
Ljón,Lion
Ljós,Light
Ljósfræði,Optics
Ljósfræði,Optics
Ljóshraði,Speed of light
Ljósmyndun,Photography
Ljósmyndun,Photography
Ljóstillífun,Photosynthesis
Ljóstvistur,Light-emitting diode
Ljósár,Light-year
Ljóðlist,Poetry
Loftfar,Aircraft
Loftslag,Climate
Loftsteinn,Meteorite
Lofttæmi,Vacuum
Loftvog,Barometer
Logri,Logarithm
Loki,Loki
London,London
Los Angeles,Los Angeles
Lota,Period
Lotukerfið,Periodic table
Louis Pasteur,Louis Pasteur
Louisiana,Louisiana
Louisiana,Louisiana
Loðfíll,Mammoth
Lublin,Lublin
Luciano Pavarotti,Luciano Pavarotti
Lucrezia Borgia,Lucrezia Borgia
Ludwig Mies van der Rohe,Ludwig Mies van der Rohe
Ludwig Wittgenstein,Ludwig Wittgenstein
Ludwig van Beethoven,Ludwig van Beethoven
Lundúnir,London
Lunga,Lung
Lungnabólga,Pneumonia
Lungnakrabbamein,Lung cancer
Luzern,Lucerne
Lyklaborð,Keyboard
Lyngbálkur,Ericales
Lyngætt,Ericaceae
Lyon,Lyon
Lystarstol,Anorexia nervosa
Lárpera,Avocado
Lásbogi,Crossbow
Látún,Brass
Læknisfræði,Medicine
Læsi,Literacy
Lén,Domain
Lén,Domain name
Lénsskipulag,Feudalism
Létteind,Lepton
Líbanon,Lebanon
Líbanon,Lebanon
Líbería,Liberia
Líbería,Liberia
Líbýa,Libya
Líf,Life
Lífefnafræði,Biochemistry
Lífefnafræði,Biochemistry
Lífeðlisfræði,Physiology
Lífeðlisfræði,Physiology
Líffræði,Biology
Líffræði,Biology
Líffærafræði,Anatomy
Líffærafræði,Anatomy
Líffærakerfi,Organ
Lífland,Livonia
Lífræn efnafræði,Organic chemistry
Lífræn efnafræði,Organic chemistry
Líftækni,Biotechnology
Lífvera,Organism
Lígúría,Liguria
Líkindafræði,Probability theory
Lílongve,Lilongwe
Líma,Lima
Lína,Line
Línuleg algebra,Linear algebra
Lítri,Litre
Lívíus,Livy
Lög,Law
Löggjafarvald,Legislature
Lögmál Murphys,Murphy's law
Lögregla,Police
Lúanda,Luanda
Lúcretíus,Lucretius
Lúmen,Lumen
Lúsaka,Lusaka
Lútetín,Lutetium
Lúx,Lux
Lúxemborg,Luxembourg
Lúxemborg,Luxembourg
Lýsingarorð,Adjective
Lýðfræði,Demography
Lýðræði,Democracy
Lýðveldi,Republic
Lýðveldið Kína,Republic of China
M,M
MIME-staðall,MIME
Machu Picchu,Machu Picchu
Macintosh,Macintosh
Madagaskar,Madagascar
Madagaskar,Madagascar
Madeiraeyjar,Madeira
Madonna,Madonna
Madrid,Madrid
Magi,Stomach
Magna Carta,Magna Carta
Magnesín,Magnesium
Magreb,Maghreb
Maine,Maine
Maine,Maine
Makaó,Macau
Makedónía,Macedonia
Malabó,Malabo
Malakkaskagi,Malay Peninsula
Malaría,Malaria
Malasía,Malaysia
Malasía,Malaysia
Malaví,Malawi
Malaví-vatn,Lake Malawi
Malcolm X,Malcolm X
Maldíveyjar,Maldives
Maldíveyjar,Maldives
Malta,Malta
Malta,Malta
Maltneska,Maltese language
Malí,Mali
Malí,Mali
Managva,Managua
Manchester,Manchester
Mandelbrot mengið,Mandelbrot set
Mangan,Manganese
Mangar,Mongoose
Manhattan,Manhattan
Manhattan-verkefnið,Manhattan Project
Mannfræði,Anthropology
Mannfræði,Anthropology
Mannheim,Mannheim
Manntal,Census
Mannát,Cannibalism
Mannætt,Hominidae
Maníla,Manila
Mao Zedong,Mao Zedong
Mapútó,Maputo
Maraþonhlaup,Marathon
Marcel Proust,Marcel Proust
Marco Polo,Marco Polo
Margföldun,Multiplication
Margliða,Polynomial
Marglyttur,Jellyfish
Margmiðlun,Multimedia
Margrét Thatcher,Margaret Thatcher
Marie Antoinette,Marie Antoinette
Marie Curie,Marie Curie
Marilyn Monroe,Marilyn Monroe
Mark Twain,Mark Twain
Marke,Marche
Market,Market
Markgildi,Limit
Markús Árelíus,Marcus Aurelius
Marlene Dietrich,Marlene Dietrich
Marmarahaf,Sea of Marmara
Marokkó,Morocco
Marokkó,Morocco
Marquis de Sade,Marquis de Sade
Mars,March
Mars,Mars
Mars,Mars
Mars,Mars
Marseille,Marseille
Marshalleyjar,Marshall Islands
Marshalláætlunin,Marshall Plan
Marteinn Lúther,Martin Luther
Martin Heidegger,Martin Heidegger
"Martin Luther King, Jr.",Martin Luther King
Martin Scorsese,Martin Scorsese
Martin Van Buren,Martin Van Buren
Martinique,Martinique
Marx-bræður,Marx Brothers
Marxismi,Marxism
Mary Shelley,Mary Shelley
Mary Wollstonecraft,Mary Wollstonecraft
Maryland,Maryland
Maryland,Maryland
María mey,Mary
Maríuhöfn,Mariehamn
Marðarætt,Mustelidae
Maserú,Maseru
Massachusetts,Massachusetts
Massachusetts,Massachusetts
Massachusetts Institute of Technology,Massachusetts Institute of Technology
Massatala,Mass number
Massi,Mass
Matarsykur,Sugar
Matur,Food
Maurar,Ant
Maurasýra,Formic acid
Max Planck,Max Planck
Max Weber,Max Weber
Maximianus,Maximian
Maí,May
Maís,Maize
Maður,Human
Maóismi,Maoism
Medina,Medina
Medúsa,Medusa
Meinafræði,Pathology
Meitilfuglar,Coraciiformes
Mekka,Mecca
Mekong,Mekong
Melanesía,Melanesia
Melting,Digestion
Meltingarkerfið,Digestive system
Meltingarkerfið,Gastrointestinal tract
Memphis,Memphis
Menelás,Menelaus
Mengi,Set
Mengjafræði,Set theory
Mengjafræði,Set theory
Menning,Culture
Menning,Culture
"Mennta-, vísinda- og menningarstofnun Sameinuðu þjóðanna",UNESCO
Menntagyðjur,Muse
Menntun,Education
Merkantílismi,Mercantilism
Merkingarfræði,Semantics
Merkingarfræði,Semantics
Merkúríus,Mercury
Merkúríus,Mercury
Mervíkingar,Merovingian
Meryl Streep,Meryl Streep
Messías,Messiah
Messínasund,Strait of Messina
Mesópótamía,Mesopotamia
Mesópótamía,Mesopotamia
Metri,Metre
Mexíkó,Mexico
Mexíkó,Mexico
Mexíkóborg,Mexico City
Meyjarhofið í Aþenu,Parthenon
Meðganga,Pregnancy
Miami,Miami
Michael Faraday,Michael Faraday
Michelangelo Buonarroti,Michelangelo
Michigan,Michigan
Michigan,Michigan
Michiganvatn,Lake Michigan
Miguel de Cervantes,Miguel de Cervantes
Mikhaíl Gorbatsjev,Mikhail Gorbachev
Mikki Mús,Mickey Mouse
Miklagljúfur,Grand Canyon
Miklihvellur,Big Bang
Millimetri,Millimetre
Milljón,Million
Milta,Spleen
Miltisbrandur,Anthrax
Milton Friedman,Milton Friedman
Mindanao,Mindanao
Mingveldið,Ming Dynasty
Minnesota,Minnesota
Minni,Memory
Minsk,Minsk
Minta,Mentha
Mississippifljót,Mississippi River
Missouri,Missouri
Mið-Afríka,Central Africa
Mið-Afríkulýðveldið,Central African Republic
Mið-Ameríka,Central America
Mið-Austurlönd,Middle East
Miðaldir,Middle Ages
Miðbaugs-Gínea,Equatorial Guinea
Miðbaugur,Equator
Miðbaugur himins,Celestial equator
Miðeind,Meson
Miðgildi,Median
Miðjarðarhaf,Mediterranean
Miðjarðarhaf,Mediterranean Sea
Miðlífsöld,Mesozoic
Miðtaugakerfið,Central nervous system
Miðveldin,Central Powers
Miðvikudagur,Wednesday
Mjanmar,Burma
Mjanmar,Burma
Mjanmar,Myanmar
Mjógirni,Small intestine
Mjólk,Milk
Mjólkursýra,Lactic acid
Mjöður,Mead
Mohandas Gandhi,Mahatma Gandhi
Moldóva,Moldova
Moldóva,Moldova
Moll,Minor scale
Mombasa,Mombasa
Mongólía,Mongolia
Mongólía,Mongolia
Monróvía,Monrovia
Mons,Mons
Montana,Montana
Montana,Montana
Monte Carlo,Monte Carlo
Montevídeó,Montevideo
Montréal,Montreal
Montserrat,Montserrat
Morfín,Morphine
Mormónsbók,Book of Mormon
Moska,Mosque
Moskva,Moscow
Mossad,Mossad
Mumbai,Mumbai
Munnmök,Oral sex
Munnvatn,Saliva
Mygla,Mold
Myndan,Morpheme
Myndavél,Camera
Myndband,Video
Mynddiskur,DVD
Myndhverfing,Metaphor
Myntfræði,Numismatics
Myntfræði,Numismatics
Mál,Measure
Málfrelsi,Freedom of speech
Málfræði,Grammar
Málfræði,Grammar
Mállýska,Dialect
Málmblanda,Alloy
Málmfræði,Metallurgy
Málmleysingi,Nonmetal
Málmungur,Metalloid
Málmur,Metal
Málvísindi,Linguistics
Málvísindi,Linguistics
Mánudagur,Monday
Mánuður,Month
Máritanía,Mauritania
Máritanía,Mauritania
Máritíus,Mauritius
Máritíus,Mauritius
Mæling,Measurement
Mæling,Measurement
Mælskufræði,Rhetoric
Mælskufræði,Rhetoric
Mæna,Spinal cord
Mænusótt,Poliomyelitis
Mígreni,Migraine
Míkrónesía,Federated States of Micronesia
Míkrónesía,Federated States of Micronesia
Míkrónesía,Micronesia
Míla,Mile
Mílanó,Milan
Mínerva,Minerva
Mínóísk menning,Minoan civilization
Mínúta,Minute
Mógadisjú,Mogadishu
Mól,Mole
Mólíse,Molise
Mólýbden,Molybdenum
Mónakó,Monaco
Mónakó,Monaco
Mór,Peat
Mósambík,Mozambique
Mósaík,Mosaic
Móses,Moses
Mótmælendatrú,Protestantism
Mótorhjól,Motorcycle
Móðir Teresa,Mother Teresa
Mön,Isle of Man
Mörgæsir,Penguin
Múhameð,Muhammad
Múldýr,Mule
Mús,Mouse
Múskat,Muscat
Múskat,Nutmeg
München,Munich
Mý,Mu
Mýkena,Mycenae
N,N
N'Djamena,N'Djamena
NASDAQ,NASDAQ
Nadine Gordimer,Nadine Gordimer
Nafnháttur,Infinitive
Nafnorð,Noun
Nafnskipti,Metonymy
Nagdýr,Rodent
Nagli,Nail
Namibía,Namibia
Namíbeyðimörkin,Namib Desert
Nantes,Nantes
Napólí,Naples
Nashville,Nashville
Nashyrningur,Rhinoceros
Nathaniel Hawthorne,Nathaniel Hawthorne
Natrín,Sodium
Nautgripur,Cattle
Nautnahyggja,Hedonism
Nauðgun,Rape
Naíróbí,Nairobi
Neanderdalsmenn,Neanderthal
Nebraska,Nebraska
Nef,Nose
Nefdýr,Monotreme
Nefertítí,Nefertiti
Nefnifall,Nominative case
Neil Armstrong,Neil Armstrong
Nelson Mandela,Nelson Mandela
Nemandi,Student
Nemesis,Nemesis
Nemuljón,Nemean Lion
Neon,Neon
Nepal,Nepal
Nepal,Nepal
Neptúnus,Neptune
Neptúnus,Poseidon
Nerva,Nerva
Neró,Nero
Nestoríanar,Nestorianism
Netvarp,Podcast
Neva,Neva River
Nevada,Nevada
Nevada,Nevada
New Hampshire,New Hampshire
New Hampshire,New Hampshire
New Jersey,New Jersey
New Jersey,New Jersey
New Mexico,New Mexico
New Orleans,New Orleans
New York,New York
New York,New York City
New York-borg,New York City
New York-fylki,New York
Newark,Newark
Nice,Nice
Nicolas Poussin,Nicolas Poussin
Niels Bohr,Niels Bohr
Niels Henrik Abel,Niels Henrik Abel
Nifteind,Neutron
Nikita Krústsjov,Nikita Khrushchev
Nikkel,Nickel
Nikola Tesla,Nikola Tesla
Nikulás Kópernikus,Nicolaus Copernicus
Nikósía,Nicosia
Nikótín,Nicotine
Nitur,Nitrogen
Niðurgangur,Diarrhea
Njörður,Njord
Njúton,Newton
Noam Chomsky,Noam Chomsky
Noregur,Norway
Noregur,Norway
Norfolk,Norfolk
Norfolkeyja,Norfolk Island
Normaldreifing,Normal distribution
Normandí,Normandy
Norræn goðafræði,Norse mythology
Norræn goðafræði,Norse mythology
Norður,North
Norður-Afríka,North Africa
Norður-Ameríka,North America
Norður-Dakóta,North Dakota
Norður-Evrópa,Northern Europe
Norður-Karólína,North Carolina
Norður-Kórea,North Korea
Norður-Kórea,North Korea
Norður-Maríanaeyjar,Northern Mariana Islands
Norður-Yorkshire,North Yorkshire
Norður-svæðið,Northern Territory
Norður-Írland,Northern Ireland
Norður-Íshaf,Arctic Ocean
Norðurhvel,Northern Hemisphere
Norðurpóllinn,North Pole
Norðursjór,North Sea
Norðurslóðir,Arctic
Novial,Novial
Novosibirsk,Novosibirsk
Nytjastefna,Utilitarianism
Nám,Learning
Námavinnsla,Mining
Nárú,Nauru
Nárú,Nauru
Náttskuggaætt,Solanaceae
Náttskuggaætt,Solanaceae
Náttúran,Nature
Náttúrlegar tölur,Natural number
Náttúruval,Natural selection
Næring,Nutrition
Níagarafossar,Niagara Falls
Níamey,Niamey
Níger,Niger
Nígerfljót,Niger River
Nígería,Nigeria
Níkaragva,Nicaragua
Níl,Nile
Nílarkrókódíll,Nile crocodile
Níu,9
Níóbín,Niobium
Nóbelsverðlaun,Nobel Prize
Nóbelsverðlaunin,Nobel Prize
Nóta,Note
Nóvember,November
Núaksjott,Nouakchott
Núll,0
Núllbaugur,Prime Meridian
Númidía,Numidia
Nútími,Holocene
Nürnberg,Nuremberg
Ný,Nu
Nýfundnaland,Newfoundland
Nýfundnaland og Labrador,Newfoundland and Labrador
Nýi heimurinn,New World
Nýja Delí,New Delhi
Nýja Suður Wales,New South Wales
Nýja-Gínea,New Guinea
Nýja-Kaledónía,New Caledonia
Nýja-Sjáland,New Zealand
Nýja-Sjáland,New Zealand
Nýja-Skotland,Nova Scotia
Nýlenda,Colony
Nýlífsöld,Cenozoic
Nýra,Kidney
Nýyrði,Neologism
O,O
Oakland,Oakland
Ob,Ob River
Oddatala,Parity
Offita,Obesity
Ohio,Ohio
Ohio,Ohio
Oklahoma,Oklahoma
Október,October
Októberbyltingin,October Revolution
Oliver Cromwell,Oliver Cromwell
Olía,Oil
Olía,Oil
Olíutunna,Barrel
Oortský,Oort cloud
Opel,Opel
Opera,Opera
Ordóvisíumtímabilið,Ordovician
Oregon,Oregon
Oregon,Oregon
Orka,Energy
Orka,Energy
Orka,Energy
Orkuvarðveisla,Conservation of energy
Orrustan við Maraþon,Battle of Marathon
Orsök,Causality
Orð,Word
Orðabók,Dictionary
Orðsifjafræði,Etymology
Osaka,Osaka
Osama bin Laden,Osama bin Laden
Oscar Wilde,Oscar Wilde
Osmín,Osmium
Ostrava,Ostrava
Ostur,Cheese
Ottawa,Ottawa
Otto von Bismarck,Otto von Bismarck
Ovidius,Ovid
Oxford,Oxford
Oxunartala,Oxidation state
Oxytósín,Oxytocin
P,P
Pablo Neruda,Pablo Neruda
Pablo Picasso,Pablo Picasso
Pakistan,Pakistan
Pakistan,Pakistan
Palermo,Palermo
Palestína,Palestine
Palestína,Palestine
Palladín,Palladium
Palá,Palau
Palá,Palau
Panama,Panama
Panamaeiðið,Isthmus of Panama
Panamaskurðurinn,Panama Canal
Pandabjörn,Giant Panda
Papúa Nýja-Gínea,Papua New Guinea
Paragvæ,Paraguay
Paragvæ,Paraguay
Paramaríbó,Paramaribo
Parmenídes,Parmenides
Parsek,Parsec
París,Paris
París,Paris
Pascal,Pascal
Pascal,Pascal
Paskal,Pascal
Patríarki,Patriarch
Paul Gauguin,Paul Gauguin
Paul McCartney,Paul McCartney
Pegasos,Pegasus
Pelópsskagastríðið,Peloponnesian War
Pelópsskagi,Peloponnese
Peningar,Money
Penisillín,Penicillin
Pennsylvanía,Pennsylvania
Pennsylvanía,Pennsylvania
Pennsylvaníuháskóli,University of Pennsylvania
Pernambuco,Pernambuco
Persaflóastríðið,Gulf War
Persaflói,Persian Gulf
Perseifur,Perseus
Períkles,Pericles
Perú,Peru
Perú,Peru
Peter Paul Rubens,Peter Paul Rubens
Petrović Njegoš,Nicholas
Philadelphia,Philadelphia
Phnom Penh,Phnom Penh
Phoenix,Phoenix
"Phoenix, Arizona",Phoenix
Pierre Curie,Pierre Curie
Pierre de Fermat,Pierre de Fermat
Piet Mondrian,Piet Mondrian
Pieter Zeeman,Pieter Zeeman
Pindaros,Pindar
Pizza,Pizza
Pjongjang,Pyongyang
Plast,Plastic
Platon,Plato
Platína,Platinum
Plinius yngri,Pliny the Younger
Plovdiv,Plovdiv
Plzeň,Pilsen
Plótínos,Plotinus
Plútarkos,Plutarch
Plútó,Pluto
Plútó,Pluto
Pokabjörn,Koala
Pompeii,Pompeii
Port Moresby,Port Moresby
Port-au-Prince,Port-au-Prince
Portland,Portland
Portland,Portland
Porto,Porto
Portúgal,Portugal
Portúgal,Portugal
Postulín,Porcelain
Prag,Prague
Praia,Praia
Prentun,Printing
Pretoría,Pretoria
Princeton-háskóli,Princeton University
Prolog,Prolog
Príamos,Priam
Prímatar,Primate
Prímatar,Primates
Prófessor,Professor
Prótín,Protein
Prússland,Prussia
Psí,Psi
Ptolemajaríkið,Ptolemaic dynasty
Pungur,Scrotum
Pyrrosarsigur,Pyrrhic victory
Python,Python
Páfagaukar,Parrot
Páfaríkið,Papal States
Páfi,Pope
Páll postuli,Paul the Apostle
Pálmasunnudagur,Palm Sunday
Páskahald gyðinga,Passover
Páskar,Easter
Pétur postuli,Saint Peter
Pí,Pi
Pí,Pi
Píanó,Piano
Píslarvottur,Martyr
Póker,Poker
Pólland,Poland
Pólland,Poland
Pólon,Polonium
Pólýnesía,Polynesia
Póstmódernismi,Postmodernism
Póstnúmer,Postal code
Púertó Ríkó,Puerto Rico
Púertó Ríkó,Puerto Rico
Púðursamsærið,Gunpowder Plot
Pýramídi,Pyramid
Pýreneafjöll,Pyrenees
Pýþagóras,Pythagoras
Q,Q
Quechua,Quechua
Queens,Queens
Queensland,Queensland
Quito,Quito
Québec,Quebec
R,R
RAM,Random access memory
Ra,Ra
Rabat,Rabat
Rachel Carson,Rachel Carson
Radon,Radon
Radín,Radium
Raf,Amber
Rafbassi,Bass guitar
Rafeind,Electron
Rafeindatækni,Electronics
Raffaello Sanzio,Raphael
Rafgas,Plasma
Rafgreining,Electrolysis
Rafhlaða,Battery
Rafhleðsla,Electric charge
Raflausn,Electrolyte
Rafmagn,Electricity
Rafmagn,Electricity
Rafmótstaða,Electrical resistance
Rafrýmd,Capacitance
Rafsegulfræði,Electromagnetism
Rafsegulgeislun,Electromagnetic radiation
Rafspenna,Voltage
Rafstraumur,Electric current
Rainer Maria Rilke,Rainer Maria Rilke
Ramadan,Ramadan
Ramayana,Ramayana
Raunhyggja,Empiricism
Rauntala,Real number
Rauð blóðkorn,Red blood cell
Rauð panda,Red Panda
Rauðahaf,Red Sea
Rauðrefur,Red Fox
Rauður,Red
Ravenna,Ravenna
Raðhverfa,Anagram
Recife,Recife
Refir,Fox
Reggí,Reggae
Regnbogi,Rainbow
Regnhlíf,Umbrella
Reikistjarna,Planet
Reiknirit,Algorithm
Reiðhjól,Bicycle
Rekill,Device driver
Rekstrarhagfræði,Microeconomics
Rembrandt,Rembrandt
Renín,Rhenium
Repja,Rapeseed
Repúblikanaflokkurinn,Republican Party
Rhode Island,Rhode Island
Rhode Island,Rhode Island
Richard Feynman,Richard Feynman
Richard Nixon,Richard Nixon
Richard Wagner,Richard Wagner
Riddaralið,Cavalry
Riddari,Knight
Rigning,Rain
Rio de Janeiro,Rio de Janeiro
Risaeðlur,Dinosaur
Ritsími,Telegraphy
Riðstraumur,Alternating current
Roald Amundsen,Roald Amundsen
Robert Falcon Scott,Robert Falcon Scott
Robert Hooke,Robert Hooke
Robert Louis Stevenson,Robert Louis Stevenson
Robert Oppenheimer,Robert Oppenheimer
Robert Schumann,Robert Schumann
Rof,Erosion
Rokk,Rock music
Rokk,Rock music
Rokktónlist,Rock and roll
Ronald Reagan,Ronald Reagan
Rosa Parks,Rosa Parks
Rostungur,Walrus
Rotterdam,Rotterdam
Rudolf Hess,Rudolf Hess
Rudyard Kipling,Rudyard Kipling
Runa,Sequence
Rushmore-fjall,Mount Rushmore
Rutherford B. Hayes,Rutherford B. Hayes
Rutherfordín,Rutherfordium
Ruðningur,Rugby football
Ryðfrítt stál,Stainless steel
Ryþmablús,Rhythm and blues
Rándýr,Carnivora
Ráðherra,Minister
Ræðar tölur,Rational number
Rétthyrningur,Rectangle
Rétttrúnaðarkirkjan,Eastern Orthodox Church
Ríad,Riyadh
Ríbósakjarnsýra,RNA
Ríga,Riga
Ríki,State
Ríkiserindrekstur,Diplomacy
Ríkisstjórn,Government
Rím,Rhyme
Rín,Rhine
Ródos,Rhodes
Ródín,Rhodium
Róm,Rome
Róm,Rome
Rómanska Ameríka,Latin America
Rómantíkin,Romanticism
Rómarréttur,Roman law
Rómversk goðafræði,Roman mythology
Rómversk goðafræði,Roman mythology
Rómversk-kaþólska kirkjan,Roman Catholic Church
Rómverska keisaradæmið,Roman Empire
Rós,Rose
Rósabálkur,Rosales
Rósaætt,Rosaceae
Róteind,Proton
Rökfræði,Logic
Rökfræði,Logic
Rökrás,Logic gate
Rökvilla,Fallacy
Röntgengeislun,X-ray
Röð,Series
Röðunarreiknirit,Sorting algorithm
Rúanda,Rwanda
Rúanda,Rwanda
Rúbidín,Rubidium
Rúgur,Rye
Rúmenía,Romania
Rúmenía,Romania
Rúmfræði,Geometry
Rúmfræði,Geometry
Rúmmetri,Cubic metre
Rússland,Russia
Rússland,Russia
Rússneska byltingin 1917,Russian Revolution
Rúþen,Ruthenium
S,S
SOAP,SOAP
SS-sveitirnar,Schutzstaffel
Sacramento,Sacramento
Saddam Hussein,Saddam Hussein
Saffó,Sappho
Safn,Museum
Safneðlisfræði,Statistical mechanics
Saga,History
Sagnfræði,History
Sagnorð,Verb
Sahara,Sahara
Saladín,Saladin
Salman Rushdie,Salman Rushdie
Salt,Salt
Saltpéturssýra,Nitric acid
Saltsýra,Hydrochloric acid
Salzburg,Salzburg
Salzburg,Salzburg
Salómonseyjar,Solomon Islands
Samara,Samara
Samarkand,Samarkand
Samband Suðaustur-Asíuríkja,Association of Southeast Asian Nations
Sambesí,Zambezi
Sambía,Zambia
Sambía,Zambia
Sameind,Molecule
Sameindalíffræði,Molecular biology
Sameindalíffræði,Molecular biology
Sameinuðu arabísku furstadæmin,United Arab Emirates
Sameinuðu arabísku furstadæmin,United Arab Emirates
Sameinuðu þjóðirnar,United Nations
Sameinuðu þjóðirnar,United Nations
Samgöngur,Transportation
Samheiti,Synonym
Samhljóð,Consonant
Samhverfa,Palindrome
Samkynhneigð,Homosexuality
Samlagning,Addition
Samloka,Sandwich
Samlokur,Bivalvia
Samlífi,Symbiosis
Sammengi,Union
Samskipti,Communication
Samskynjun,Synesthesia
Samstaða,Solidarity
Samsæta,Isotope
Samtök Ameríkuríkja,Organization of American States
Samtök olíuframleiðsluríkja,OPEC
Samuel Beckett,Samuel Beckett
Samveldi sjálfstæðra ríkja,Commonwealth of Independent States
Samvægi,Homeostasis
Samóa,Samoa
San Antonio,San Antonio
San Diego,San Diego
San Francisco,San Francisco
San Jose,San Jose
San Marínó,San Marino
San Marínó,San Marino
Sandalda,Dune
Sandro Botticelli,Sandro Botticelli
Sandsteinn,Sandstone
Sandur,Sand
Sankti Kristófer og Nevis,Saint Kitts and Nevis
Sankti Lúsía,Saint Lucia
Sankti Pétursborg,Saint Petersburg
Sankti Vinsent og Grenadíneyjar,Saint Vincent and the Grenadines
Sannleikur,Truth
Sansibar,Zanzibar
Sanskrít,Sanskrit
Santiago de Cuba,Santiago de Cuba
Santos,Santos
Santíagó,Santiago
Santó Dómingó,Santo Domingo
Sarah Bernhardt,Sarah Bernhardt
Sarajevó,Sarajevo
Saraþústra,Zoroaster
Sardinía,Sardinia
Satúrnus,Saturn
Satúrnus,Saturn
Satúrnus,Saturn
Satýr,Satyr
Saxelfur,Elbe
Scipio Africanus,Scipio Africanus
Seattle,Seattle
Seborgín,Seaborgium
Segull,Magnet
Segulljós,Aurora
Segulsvið,Magnetic field
Segóvía,Segovia
Seifur,Zeus
Seigja,Viscosity
Seildýr,Chordate
Seinni heimsstyrjöldin,World War II
Seinni heimsstyrjöldin,World War II
Sekúnda,Second
Selaætt,Earless seal
Selen,Selenium
Selena,Selene
Sellulósi,Cellulose
Selló,Cello
Selsíus,Celsius
Senegal,Senegal
Sentimetri,Centimetre
Seppuku,Seppuku
September,September
Serbía,Serbia
Serbía,Serbia
Serbía og Svartfjallaland,Serbia and Montenegro
Seres,Ceres
Sergei Eisenstein,Sergei Eisenstein
Sergei Rachmaninoff,Sergei Rachmaninoff
Sesín,Caesium
Setberg,Sedimentary rock
Setning,Theorem
Setningafræði,Syntax
Sevilla,Seville
Sex,6
Sexhleypa,Revolver
Sextant,Sextant
Sextánundakerfi,Hexadecimal
Seychelles-eyjar,Seychelles
Seúl,Seoul
Sheffield,Sheffield
Showa keisari,Hirohito
Shōgi,Shogi
Sifjaspell,Incest
Sigketill,Caldera
Sigma,Sigma
Sigmund Freud,Sigmund Freud
Sikiley,Sicily
Silfur,Silver
Silicon Valley,Silicon Valley
Silki,Silk
Silkiormur,Bombyx mori
Simbabve,Zimbabwe
Simbabve,Zimbabwe
Simone de Beauvoir,Simone de Beauvoir
Sinclair Lewis,Sinclair Lewis
Sinfónía,Symphony
Singapúr,Singapore
Singapúr,Singapore
Sink,Zinc
Sirkon,Zirconium
Sitjandi Naut,Sitting Bull
Siðaskiptin,Protestant Reformation
Siðferði,Morality
Siðfræði,Ethics
Siðfræði,Ethics
Siðmenning,Civilization
Sjanghæ,Shanghai
Sjintóismi,Shinto
Sjáland,Zealand
Sjálfsfróun,Masturbation
Sjálfstæði,Independence
Sjálfsævisaga,Autobiography
Sjávarföll,Tide
Sjávarmál,Sea level
Sjóher,Navy
Sjómíla,Nautical mile
Sjóndeildarhringur,Horizon
Sjónvarp,Television
Sjónvarp,Television
Sjónvilla,Optical illusion
Sjór,Ocean
Sjór,Sea
Sjöstirnið,Pleiades
Sjúkdómur,Disease
Skagerrak,Skagerrak
Skakki turninn í Písa,Leaning Tower of Pisa
Skammbyssa,Handgun
Skammstöfun,Abbreviation
Skammtafræði,Quantum mechanics
Skandinavía,Scandinavia
Skandinavíuskaginn,Scandinavian Peninsula
Skandín,Scandium
Skattur,Tax
Skeifugörn,Duodenum
Skip,Ship
Skjaldarmerki,Coat of arms
Skjaldbökur,Turtle
Skjálftamiðja,Epicenter
Skopje,Skopje
Skordýr,Insect
Skordýrafræði,Entomology
Skordýrafræði,Entomology
Skorpulifur,Cirrhosis
Skotland,Scotland
Skotland,Scotland
Skotvopn,Firearm
Skrifræði,Bureaucracy
Skriðdreki,Tank
Skriðdýr,Reptile
Skráakerfi,File system
Skrúfa,Screw
Skylmingar,Fencing
Skyndibiti,Fast food
Skyndiminni,Cache
Skábraut,Inclined plane
Skák,Chess
Skák,Chess
Skáldsaga,Novel
Skátahreyfingin,Scouting
Skírdagur,Maundy Thursday
Skírn,Baptism
Skógarfura,Scots Pine
Skógur,Forest
Skólaspeki,Scholasticism
Skóli,School
Sköttun,Taxation
Ský,Cloud
Skýjakljúfur,Skyscraper
Slagæð,Artery
Slétta,Plane
Slíðurhyrningar,Bovid
Slóvakía,Slovakia
Slóvakía,Slovakia
Slóvenía,Slovenia
Slóvenía,Slovenia
Slöngur,Snake
Smalamál,Assembly language
Smjör,Butter
Smokkar,Cephalopod
Smokkur,Condom
Smolensk,Smolensk
Smári,Transistor
Smáskífa,Single
Smástirnabeltið,Asteroid belt
Smástirni,Asteroid
Snareðla,Velociraptor
Sniglar,Gastropoda
Sniðmengi,Intersection
Snjóflóð,Avalanche
Snjór,Snow
Snípur,Clitoris
Sogæðakerfið,Lymphatic system
Sojabaun,Soybean
Somerset,Somerset
Sonnetta,Sonnet
Sovétríkin,Soviet Union
Span,Inductance
Spanspóla,Inductor
Sparta,Sparta
Spendýr,Mammal
Spennubreytir,Transformer
Spergilkál,Broccoli
Spil,Game
Spilakort,Playing card
Spjót,Spear
Sprenging,Explosion
Spurningarmerki,Question mark
Spánn,Spain
Spánn,Spain
Spánverjar,Spanish people
Spænska borgarastyrjöldin,Spanish Civil War
Spætufuglar,Piciformes
Spínat,Spinach
Spörfuglar,Passeriformes
Spörfuglar,Passerine
Srí Lanka,Sri Lanka
Srí Lanka,Sri Lanka
Stafangur,Stavanger
Stafræn ljósmyndun,Digital camera
Stafróf,Alphabet
Stalínismi,Stalinism
Standpína,Erection
Stanford-háskóli,Stanford University
Stanley Kubrick,Stanley Kubrick
Stararætt,Cyperaceae
Staten Island,Staten Island
Staðarnet,Local area network
Staðartími Greenwich,Greenwich Mean Time
Stefan Zweig,Stefan Zweig
Steind,Mineral
Steindafræði,Mineralogy
Steindafræði,Mineralogy
Steingervingafræði,Paleontology
Steingervingafræði,Paleontology
Steingervingur,Fossil
"Steinn, skæri, blað",Rock
Steinsuga,Lamprey
Steinöld,Stone Age
Sterkeind,Hadron
Sterkja,Starch
Steven Spielberg,Steven Spielberg
Steypireyður,Blue Whale
Stigull,Gradient
Stiklutexti,Hypertext
Stjarneðlisfræði,Astrophysics
Stjarneðlisfræði,Astrophysics
Stjarnfræðieining,Astronomical unit
Stjórnarskrá,Constitution
Stjórnarskrá Bandaríkjanna,United States Constitution
Stjórnleysisstefna,Anarchism
Stjórnleysisstefna,Anarchism
Stjórnmál,Politics
Stjórnmál,Politics
Stjórnmálaflokkur,Political party
Stjórnmálafræði,Political science
Stjörnufræði,Astronomy
Stjörnufræði,Astronomy
Stjörnulíffræði,Astrobiology
Stjörnuspeki,Astrology
Stjörnuþoka,Galaxy
Stokkhólmur,Stockholm
Stokkönd,Mallard
Stonehenge,Stonehenge
Storkuberg,Igneous rock
Storkuhamur,Solid
Storkuhamur,Solid state
Stormur,Storm
Strandfuglar,Charadriiformes
Strassborg,Strasbourg
Strontín,Strontium
Strætisvagn,Bus
Strípihneigð,Exhibitionism
Stríð,War
Stríð Íraks og Írans,Iran-Iraq War
Strönd,Coast
Strútar,Ratite
Stubbur,Stub
Stuttgart,Stuttgart
Styx,Styx
Stál,Steel
Stærðfræði,Mathematics
Stærðfræði,Mathematics
Stærðfræðileg rökfræði,Mathematical logic
Stærðfræðileg sönnun,Mathematical proof
Stéttarfélag,Trade union
Stífla,Dam
Stóll,Chair
Stóra-Bretland,Great Britain
Stórborgarsvæði Lundúna,Greater London
Stórskotalið,Artillery
Stóru-Antillaeyjar,Greater Antilles
Stóuspeki,Stoicism
Stöðuheiti í hernaði,Military rank
Stöðuvatn,Lake
Stúpa,Stupa
Stýrikerfi,Operating system
Stýrikerfiskjarni,Kernel
Sumar,Summer
Sund,Strait
Sund,Straits
Sund,Swimming
Sund,Swimming
Sundknattleikur,Water polo
Sundurleitni,Divergence
Sunnudagur,Sunday
Surrey,Surrey
Suðaustur-Asía,Southeast Asia
Suðumark,Boiling point
Suður,South
Suður-Afríka,South Africa
Suður-Ameríka,South America
Suður-Dakóta,South Dakota
Suður-Karólína,South Carolina
Suður-Kínahaf,South China Sea
Suður-Kórea,South Korea
Suður-Kórea,South Korea
Suður-Ástralía,South Australia
Suðureyjar,Hebrides
Suðurheimskautið,South Pole
Suðurhvel,Southern Hemisphere
Suðurskautslandið,Antarctica
Svalbarði,Svalbard
Svampdýr,Sponge
Svartahaf,Black Sea
Svartfjallaland,Montenegro
Svarthol,Black hole
Svarti dauði,Black Death
Svartur,Black
Svartþröstur,Blackbird
Svasíland,Swaziland
Svefn,Sleep
Sveitarfélag,Municipality
Sveppafræði,Mycology
Sveppafræði,Mycology
Sveppur,Fungus
Sveppur,Mushroom
Sverð,Sword
Svif,Plankton
Sviss,Switzerland
Sviss,Switzerland
Svisslendingar,Swiss people
Svíþjóð,Sweden
Svíþjóð,Sweden
Sydney,Sydney
Sykra,Carbohydrate
Sykursýki,Diabetes mellitus
Sylvia Plath,Sylvia Plath
Sádí-Arabía,Saudi Arabia
Sádí-Arabía,Saudi Arabia
Sál,Soul
Sálfræði,Psychology
Sálfræði,Psychology
Sálgreining,Psychoanalysis
Sápa,Soap
Sárasótt,Syphilis
Sækýr,Manatee
Sæotur,Sea Otter
Sætar kartöflur,Sweet potato
Sætistala,Atomic number
Sértrúarsöfnuður,Sect
Síbería,Siberia
Síberískur husky,Siberian Husky
Síerra Leóne,Sierra Leone
Sígaretta,Cigarette
Sígild aflfræði,Classical mechanics
Síkismi,Sikhism
Sílúrtímabilið,Silurian
Símbréf,Fax
Símens,Siemens
Sími,Telephone
Sínaískagi,Sinai Peninsula
Sítróna,Lemon
Síva,Shiva
Sívalningur,Cylinder
Sófía,Sofia
Sófókles,Sophocles
Sókrates,Socrates
Sólarhringur,Day
Sólarorka,Solar energy
Sólbaugur,Ecliptic
Sólin,Sun
Sólkerfið,Solar System
Sólkerfið,Solar System
Sólon,Solon
Sólstjarna,Star
Sómalía,Somalia
Sómalía,Somalia
Sóróismi,Zoroastrianism
Sölt,Salt
Súdan,Sudan
Súesskurðurinn,Suez Canal
Súfismi,Sufism
Súkkulaði,Chocolate
Súkre,Sucre
Súkrósi,Sucrose
Súmer,Sumer
Súnní,Sunni Islam
Súpa,Soup
Súrefni,Oxygen
Súrt regn,Acid rain
Súrínam,Suriname
Sýklalyf,Antibiotic
Sýnagóga,Synagogue
Sýra,Acid
Sýrland,Syria
Sýrland,Syria
Sýrustig,PH
T,T
T. S. Eliot,T. S. Eliot
TCP,Transmission Control Protocol
Tacítus,Tacitus
Tadsjikistan,Tajikistan
Tadsjikistan,Tajikistan
Taekwondo,Taekwondo
Tagus,Tagus
Taj Mahal,Taj Mahal
Takmarkaða afstæðiskenningin,Special relativity
Taktur,Rhythm
Tala,Number
Tallinn,Tallinn
Talmúd,Talmud
Talnareikningur,Arithmetic
Talía,Pulley
Talíbanar,Taliban
Tampere,Tampere
Tanakh,Tanakh
Tanganjikavatn,Lake Tanganyika
Tangveldið,Tang Dynasty
Tannlækningar,Dentistry
Tansanía,Tanzania
Tansanía,Tanzania
Tantal,Tantalum
Taskent,Tashkent
Tasmanía,Tasmania
Tasmaníuskolli,Tasmanian Devil
Taugafruma,Neuron
Taugakerfið,Nervous system
Taíland,Thailand
Taíland,Thailand
Taílandsflói,Gulf of Thailand
Taípei,Taipei
Taóismi,Taoism
Te,Tea
Te,Tea
Tegucigalpa,Tegucigalpa
Tegund,Species
Teheran,Tehran
Teiknimynd,Animation
Teknetín,Technetium
Tel Avív,Tel Aviv
Tellúr,Tellurium
Tenerífe,Tenerife
Tennessee,Tennessee
Tennessee,Tennessee
Tennis,Tennis
Tenzing Norgay,Tenzing Norgay
Tenór,Tenor
Tesla,Tesla
Texas,Texas
Texas,Texas
Textafræði,Philology
Textafræði,Philology
Thames,River Thames
The Star-Spangled Banner,The Star-Spangled Banner
Theodor Mommsen,Theodor Mommsen
Theodore Roosevelt,Theodore Roosevelt
Thomas Alva Edison,Thomas Edison
Thomas Hardy,Thomas Hardy
Thomas Hobbes,Thomas Hobbes
Thomas Jefferson,Thomas Jefferson
Thomas Mann,Thomas Mann
Thomas Paine,Thomas Paine
Tilfinning,Emotion
Tilgáta,Hypothesis
Tilleiðsla,Inductive reasoning
Tilvistarstefna,Existentialism
Timbúktú,Timbuktu
Tin,Tin
Tirol,Tyrol
Titanic,Titanic
Tjúktahaf,Chukchi Sea
Tom Hanks,Tom Hanks
Tonga,Tonga
Tonga,Tonga
Toni Morrison,Toni Morrison
Tony Blair,Tony Blair
Torah,Torah
Torontó,Toronto
Toskana,Tuscany
Toulouse,Toulouse
Toyota,Toyota
Trajanus,Trajan
Transylvanía,Transylvania
Trenton,Trenton
Tromma,Drum
Trompet,Trumpet
Trotskíismi,Trotskyism
Tré,Tree
Tréblásturshljóðfæri,Woodwind instrument
Trías,Triassic
Trínidad og Tóbagó,Trinidad and Tobago
Trínidad og Tóbagó,Trinidad and Tobago
Trípólí,Tripoli
Trója,Troy
Trójuhestur,Trojan Horse
Trójustríðið,Trojan War
Trúarbrögð,Religion
Trúarbrögð,Religion
Trúarjátning múslima,Shahadah
Tsjad,Chad
Tsjad,Chad
Tsjadvatn,Lake Chad
Tugakerfi,Decimal
Tundurspillir,Destroyer
Tunglið,Moon
Tungumál,Language
Turn,Tower
Tvinntölur,Complex number
Tvistur,Diode
Tvíhljóð,Diphthong
Tvíhyggja,Dualism
Tvíhyggja,Dualism
Tvíkynjungur,Hermaphrodite
Tvíkímblöðungar,Dicotyledon
Tvíkímblöðungar,Magnoliopsida
Tvístirni,Binary star
Tvísykrur,Disaccharide
Tycho Brahe,Tycho Brahe
Tyggigúmmí,Chewing gum
Tylft,12
Tylftareyjar,Dodecanese
Tyrkjaveldi,Ottoman Empire
Tyrkland,Turkey
Tyrkland,Turkey
Tyrrenahaf,Tyrrhenian Sea
Tá,Tau
Táknfræði,Semiotics
Táknsaga,Allegory
Tækni,Technology
Tævan,Taiwan
Tékkland,Czech Republic
Tékkland,Czech Republic
Tékkóslóvakía,Czechoslovakia
Tékkóslóvakía,Czechoslovakia
Tíberíus,Tiberius
Tíblisi,Tbilisi
Tígris,Tigris
Tímabelti,Time zone
Tímabil sýnilegs lífs,Phanerozoic
Tímarit,Magazine
Tími,Time
Tími,Time
Tímúr,Timur
Tírana,Tirana
Tíska,Fashion
Tíska,Fashion
Títan,Titanium
Títus,Titus
Tívolí,Tivoli
Tíðni,Frequency
Tóbak,Tobacco
Tófú,Tofu
Tógó,Togo
Tógó,Togo
Tókýó,Tokyo
Tómas af Aquino,Thomas Aquinas
Tómatsósa,Ketchup
Tómatur,Tomato
Tómhyggja,Nihilism
Tónbil,Interval
Tónlist,Music
Tónlist,Music
Tónlistarfræði,Musicology
Tónlistarmaður,Musician
Tónskáld,Composer
Tónstigi,Musical scale
Tórínó,Turin
Tökuorð,Loanword
Tölfræði,Statistics
Tölfræði,Statistics
Tölur,Numbers
Tölva,Computer
Tölvuforrit,Computer program
Tölvuleikur,Video game
Tölvumús,Mouse
Tölvunarfræði,Computer science
Tölvunarfræði,Computer science
Tölvupóstur,E-mail
Tölvuskjár,Computer display
Tölvuíhlutir,Computer hardware
Tönn,Tooth
Túlkur,Interpreter
Túlín,Thulium
Túnfífill,Dandelion
Túnis,Tunis
Túnis,Tunisia
Túnis,Tunisia
Túrkmenistan,Turkmenistan
Túrkmenistan,Turkmenistan
Túvalúeyjar,Tuvalu
Túvalúeyjar,Tuvalu
Týpógrafía,Typography
Týpógrafía,Typography
Týros,Tyre
U,U
UTC,Coordinated Universal Time
Ufa,Ufa
Ufsagrýla,Gargoyle
Uglur,Owl
Ulysses S. Grant,Ulysses S. Grant
Umbreytingarberg,Metamorphic rock
Umhverfið,Environment
Undirfylki,Company
Ungverjaland,Hungary
Ungverjaland,Hungary
Unix,Unix
Unix,Unix
Upanishad,Upanishad
Uppeldisfræði,Pedagogy
Uppeldisfræði,Pedagogy
Uppköst,Vomiting
Upplýsingar,Information
Upplýsingatækni,Information technology
Uppsalir,Uppsala
Uppvakningur,Zombie
Upsílon,Upsilon
"Urður, Verðandi og Skuld",Norn
Utah,Utah
Utah,Utah
V,V
Vaduz,Vaduz
Vafri,Web browser
Valletta,Valletta
Vampíra,Vampire
Vanadín,Vanadium
Vanir,Vanir
Vankjálkar,Agnatha
Vanúatú,Vanuatu
Vanúatú,Vanuatu
Varaforseti Bandaríkjanna,Vice President of the United States
Varmafræði,Thermodynamics
Varmafræði,Thermodynamics
Varmi,Heat
Varna,Varna
Varsjá,Warsaw
Varsímaeyja,Wake Island
Varta,Wart
Vatn,Water
Vatnafræði,Hydrology
Vatnakarpar,Cyprinid
Vatnalíffræði,Limnology
Vatnsreykjarpípa,Hookah
Vatt,Watt
Vatíkanið,Vatican City
Vatíkanið,Vatican City
Vax,Wax
Veber,Weber
Veffang,Uniform Resource Locator
Vefsíða,Web page
Vefur,Tissue
Vegur,Road
Veigrunarorð,Euphemism
Veira,Virus
Veitingahús,Restaurant
Veiðar,Hunting
Veldi,Exponentiation
Venesúela,Venezuela
Venesúela,Venezuela
Venetó,Veneto
Venus,Venus
Venus,Venus
Veraldarvefurinn,World Wide Web
Veraldarvefurinn,World Wide Web
Verkfræði,Engineering
Verkfræði,Engineering
Verkfæri,Tool
Verksmiðja,Factory
Vermont,Vermont
Versalasamningurinn,Treaty of Versailles
Versalir,Versailles
Verufræði,Ontology
Verðbólga,Inflation
Vespasíanus,Vespasian
Vestrómverska keisaradæmið,Western Roman Empire
Vestur,West
Vestur-Afríka,West Africa
Vestur-Kongó,Republic of the Congo
Vestur-Kongó,Republic of the Congo
Vestur-Sahara,Western Sahara
Vestur-Sahara,Western Sahara
Vestur-Sussex,West Sussex
Vestur-Virginía,West Virginia
Vestur-Virginía,West Virginia
Vestur-Ástralía,Western Australia
Vestur-Þýskaland,West Germany
Vesturbakkinn,West Bank
Vetni,Hydrogen
Vetnissýaníð,Hydrogen cyanide
Vetrarbrautin,Milky Way
Vetrarólympíuleikar,Winter Olympic Games
Vetur,Winter
Veður,Weather
Veðurfarsfræði,Climatology
Veðurfarsfræði,Climatology
Veðurfræði,Meteorology
Veðurfræði,Meteorology
Victor Hugo,Victor Hugo
Victoria,Victoria
Vientiane,Vientiane
Vigur,Vector
Vika,Week
Viktoríufossar,Victoria Falls
Viktoríuvatn,Lake Victoria
Vilhjálmur 2. Þýskalandskeisari,William II
Villiköttur,Wildcat
Villutrú,Heresy
Vilníus,Vilnius
Vincent van Gogh,Vincent van Gogh
Vindmylla,Windmill
Vindorka,Wind power
Virgill,Virgil
Virginia Woolf,Virginia Woolf
Virginía,Virginia
Virginía,Virginia
Visla,Vistula
Visnjú,Vishnu
Vistfræði,Ecology
Vistfræði,Ecology
Vistkerfi,Ecosystem
Viti,Lighthouse
Vitsmunavísindi,Cognitive science
Vitus Bering,Vitus Bering
Viðskeyti,Suffix
Viður,Wood
Vladimir Nabokov,Vladimir Nabokov
Vladivostok,Vladivostok
Vladímír Lenín,Vladimir Lenin
Vladímír Pútín,Vladimir Putin
Vodka,Vodka
Vogarstöng,Lever
Vogvængjur,Odonata
Volfram,Tungsten
Volga,Volga River
Volt,Volt
Voltaire,Voltaire
Vopn,Weapon
Vor,Spring
Vottar Jehóva,Jehovah's Witnesses
Vulcanus,Vulcan
Vænisýki,Paranoia
Vél,Machine
Vélbyssa,Machine gun
Vélbúnaður,Computer hardware
Vélinda,Esophagus
Vélmenni,Bot
Víetnam,Vietnam
Víetnam,Vietnam
Víetnamstríðið,Vietnam War
Víetnamstríðið,Vietnam War
Víkingar,Viking
Vín,Vienna
Vín,Wine
Vínber,Grape
Vísindi,Science
Vísindi,Science
Vítamín,Vitamin
Víðnet,Wide area network
Víóla,Viola
Vökvi,Liquid
Vörubíll,Truck
Vörumerki,Trademark
Vötnin miklu,Great Lakes
Vöðvi,Muscle
W,W
WYSIWYG,WYSIWYG
Wales,Wales
Wales,Wales
Walt Disney,Walt Disney
Walt Whitman,Walt Whitman
Walter Gropius,Walter Gropius
Washington,Washington
Washington,Washington
Washington,Washington
Washingtonfylki,Washington
Watergate-hneykslið,Watergate scandal
Weimar lýðveldið,Weimar Republic
Wellington,Wellington
Wicca,Wicca
Wiesbaden,Wiesbaden
Wighteyja,Isle of Wight
William Blake,William Blake
William Butler Yeats,William Butler Yeats
William Faulkner,William Faulkner
William Golding,William Golding
William Henry Harrison,William Henry Harrison
William Howard Taft,William Howard Taft
William James,William James
William Jefferson Clinton,Bill Clinton
William McKinley,William McKinley
William Rowan Hamilton,William Rowan Hamilton
William Shakespeare,William Shakespeare
William Wordsworth,William Wordsworth
Windhoek,Windhoek
Winston Churchill,Winston Churchill
Wisconsin,Wisconsin
Wisconsin,Wisconsin
Wolfgang Amadeus Mozart,Wolfgang Amadeus Mozart
Woodrow Wilson,Woodrow Wilson
Woody Allen,Woody Allen
Worcestershire,Worcestershire
World Trade Center,World Trade Center
Wyoming,Wyoming
X,X
Xenofanes,Xenophanes
Xenofon,Xenophon
Xenon,Xenon
Xí,Xi
Y,Y
Yale-háskóli,Yale University
Yasser Arafat,Yasser Arafat
Yellowstone-þjóðgarðurinn,Yellowstone National Park
Yoko Ono,Yoko Ono
York,York
Ytterbín,Ytterbium
Yttrín,Yttrium
Z,Z
Zachary Taylor,Zachary Taylor
Zagreb,Zagreb
Zaragoza,Zaragoza
Zenon frá Eleu,Zeno of Elea
Zenon frá Kítíon,Zeno of Citium
Zeta,Zeta
Zíonismi,Zionism
icelandic,english
Á,River
Áburður,Fertilizer
Áfengi,Alcoholic beverage
Ágúst,August
Ágústus,Augustus
Ágústínus,Augustine of Hippo
Ákveða,Determinant
Ál,Aluminium
Álaborg,Aalborg
Álfur,Elf
Áloxíð,Aluminium oxide
Ár,Year
Ár,Years
Áratugur,Decade
Árstíð,Season
Árósar,Aarhus
Áróður,Propaganda
Árþúsund,Millennium
Ásgarður,Asgard
Ásláttarhljóðfæri,Percussion instrument
Ást,Love
Ástralasía,Australasia
Ástralskur dalur,Australian dollar
Ástralía,Australia
Ástralía,Australia
Átta,8
Áttarhorn,Azimuth
Áttfætlur,Arachnid
Áttund,Octave
Áttundakerfi,Octal
Ávarpsfall,Vocative case
Ávextir,Fruit
Ávöxtur,Fruit
Ægisif,Hagia Sophia
Æskýlos,Aeschylus
Ætt,Family
Ættbálkur,Order
Ættfræði,Genealogy
Ættfræði,Genealogy
Ættkvísl,Genus
Ævisaga,Biography
Æxlun,Reproduction
Æð,Blood vessel
Íberíuskaginn,Iberian Peninsula
Ígor Stravinskíj,Igor Stravinsky
Ígulker,Sea urchin
Íhaldsstefna,Conservatism
Írak,Iraq
Írak,Iraq
Íran,Iran
Íran,Iran
Írar,Irish people
Írland,Ireland
Írland,Ireland
Írland,Republic of Ireland
Írlandshaf,Irish Sea
Íronía,Irony
Írska lýðveldið,Republic of Ireland
Ís,Ice
Ísbjörn,Polar bear
Íshokkí,Ice hockey
Íslam,Islam
Íslam,Islam
Íslamska tímatalið,Islamic calendar
Ísland,Iceland
Ísland,Iceland
Ísrael,Israel
Ísrael,Israel
Ítalía,Italy
Ítalía,Italy
Ívan Petrovítsj Pavlov,Ivan Pavlov
Ívan Túrgenjev,Ivan Turgenev
Íó,Io
Íó,Io
Íþrótt,Sport
Óbundið mál,Prose
Óbó,Oboe
Ódysseifskviða,Odyssey
Ódysseifur,Odysseus
Óendanleiki,Infinity
Ófrumbjarga lífvera,Heterotroph
Ólivín,Olivine
Ólympíuleikar,Olympics
Ólympíuleikarnir,Olympic Games
Ólífræn efnafræði,Inorganic chemistry
Óm,Ohm
Óman,Oman
Óman,Oman
Ómanflói,Gulf of Oman
Ómega,Omega
Ómíkron,Omicron
Ópera,Opera
Ópíum,Opium
Óræðar tölur,Irrational number
Óskarsverðlaunin,Academy Award
Ósló,Oslo
Óson,Ozone
Ósíris,Osiris
Ótti,Fear
Óðinn,Odin
Öglir,Archaeopteryx
Öld,Century
Öldungadeild Bandaríkjaþings,United States Senate
Önd,Duck
Öndunarfæri,Respiratory system
Örbylgjuofn,Microwave oven
Öreind,Elementary particle
Öreindafræði,Particle physics
Öreindafræði,Particle physics
Örgjörvi,Microprocessor
Örlagagyðjur,Moirae
Örsmæðareikningur,Calculus
Örtækni,Nanotechnology
Örvera,Microorganism
Örverufræði,Microbiology
Örvhentur,Left-handed
Öskudagur,Ash Wednesday
Öxi,Axe
Úganda,Uganda
Úganda,Uganda
Úkraína,Ukraine
Úkraína,Ukraine
Úlan Bator,Ulan Bator
Úlfur,Gray Wolf
Úmbría,Umbria
Úralfjöll,Ural Mountains
Úran,Uranium
Úranus,Uranus
Úrkoma,Precipitation
Úrúgvæ,Uruguay
Úrúgvæ,Uruguay
Úsbekistan,Uzbekistan
Úsbekistan,Uzbekistan
Útfjólublátt ljós,Ultraviolet
Útvarp,Radio
Ýkjur,Hyperbole
Ýviður,Taxus baccata
Þales,Thales
Þallín,Thallium
Þekking,Knowledge
Þekkingarfræði,Epistemology
Þemistókles,Themistocles
Þeseifur,Theseus
Þessaloniki,Thessaloniki
Þessalía,Thessaly
Þeta,Theta
Þing,Parliament
Þjóð,Nation
Þjóðabandalagið,League of Nations
Þjóðaratkvæðagreiðsla,Referendum
Þjóðarmorð,Genocide
Þjóðaréttur,International law
Þjóðernishyggja,Nationalism
Þjóðfræði,Ethnology
Þjóðfélag,Society
Þjóðhagfræði,Macroeconomics
Þjóðhagfræði,Macroeconomics
Þjóðhöfðingi,Head of state
Þjóðlagatónlist,Folk music
Þjóðréttarsamningur,Treaty
Þjóðsaga,Folklore
Þjóðsöngur,National anthem
Þoka,Fog
Þolfall,Accusative case
Þrakía,Thrace
Þriðja ríkið,Nazi Germany
Þriðjudagur,Tuesday
Þrjátíu ára stríðið,Thirty Years' War
Þroskasálfræði,Developmental psychology
Þrándheimur,Trondheim
Þráðormar,Nematode
Þrælahald,Slavery
Þrætubók,Dialectic
Þríhyrningur,Triangle
Þróunarkenningin,Evolution
Þungeind,Baryon
Þvagefni,Urea
Þvermál,Diameter
Þverá,Tributary
Þyngd,Weight
Þyngdarafl,Gravitation
Þyrla,Helicopter
Þytfuglar,Apodiformes
Þágufall,Dative case
Þéttir,Capacitor
Þór,Thor
Þúkýdídes,Thucydides
Þúsund,1000
Þýska,German language
Þýska,German language
Þýskaland,Germany
Þýskaland,Germany
Þýskur fjárhundur,German Shepherd Dog
Þýðandi,Compiler
