Other,English
1. janvāris,January 1
1. jūlijs,July 1
1. maijs,May 1
1. novembris,November 1
12. februāris,February 12
14. aprīlis,April 14
14. februāris,February 14
14. jūnijs,June 14
17. marts,March 17
1750. gadi,1750s
1760. gadi,1760s
1770. gadi,1770s
1780. gadi,1780s
1790. gadi,1790s
1820. gadi,1820s
1830. gadi,1830s
1840. gadi,1840s
1870. gadi,1870s
1880. gadi,1880s
1890. gadi,1890s
19. janvāris,January 19
19. marts,March 19
1900. gadi,1900s
1917. gada Krievijas revolūcija,Russian Revolution
1920. gadi,1920s
1930. gadi,1930s
1940. gadi,1940s
1950. gadi,1950s
1960. gadi,1960s
1970. gadi,1970s
1980. gadi,1980s
1990. gadi,1990s
2. februāris,February 2
2. marts,March 2
2. novembris,November 2
20. janvāris,January 20
2001. gada 11. septembra uzbrukums ASV,September 11
22. februāris,February 22
23. jūnijs,June 23
24. jūnijs,June 24
24. maijs,May 24
25. marts,March 25
29. februāris,February 29
29. jūnijs,June 29
3. jūnijs,June 3
6. janvāris,January 6
A,A
A vitamīns,Vitamin A
AIDS,AIDS
ANO,United Nations
ASCII,American Standard Code for Information Interchange
ASEAN,Association of Southeast Asian Nations
ASV,United States
ASV Gaisa spēki,United States Air Force
ASV Kongress,United States Congress
ASV Virdžīnu salas,United States Virgin Islands
ASV dolārs,United States dollar
ASV konstitūcija,United States Constitution
ASV prezidents,President of the United States
AZ Alkmaar,AZ
Abhāzija,Abkhazia
Abidžāna,Abidjan
Abinieki,Amphibian
Abrahams Linkolns,Abraham Lincoln
Absolūtais spožums,Absolute magnitude
Absolūtisms,Absolutism
Absolūtā nulle,Absolute zero
Abstrakcionisms,Abstract art
Abudža,Abuja
Acetaldehīds,Acetaldehyde
Acetilēns,Acetylene
Acetons,Acetone
Acs,Eye
Acteki,Aztec
Adatādaiņi,Echinoderm
Adisabeba,Addis Ababa
Admirālis,Admiral
Adrijas jūra,Adriatic Sea
Adriāns,Hadrian
Aerodinamika,Aerodynamics
Afganistāna,Afghanistan
Afrikandu valoda,Afrikaans
Afrodīte,Aphrodite
Agnosticisms,Agnosticism
Agresija,Aggression
Ahillejs,Achilles
Ahāts,Agate
Aidaho,Idaho
Aikido,Aikido
Aiova,Iowa
Aishils,Aeschylus
Aizeks Azimovs,Isaac Asimov
Aizvēsture,Prehistory
Akmens laikmets,Stone Age
"Akmens, šķēres, papīrīt`s",Rock
Akmeņogles,Coal
Akords,Chord
Akra,Accra
Akri,Acre
Aksioma,Axiom
Aktīnijs,Actinium
Akvamarīns,Aquamarine
Akvedukts,Aqueduct
Akvitānija,Aquitaine
Akvīnas Toms,Thomas Aquinas
Al-Qaeda,Al-Qaeda
Ala,Cave
Alabama,Alabama
Alans Tjūrings,Alan Turing
Alanīns,Alanine
Albatrosi,Albatross
Alberts Einšteins,Albert Einstein
Alberts Maikelsons,Albert Abraham Michelson
Albānija,Albania
Albērs Kamī,Albert Camus
Albīnisms,Albinism
Albīts,Albite
Aldehīdi,Aldehyde
Aleksandrija,Alexandria
Aleksandrs Dimā,Alexandre Dumas
Aleksandrs Flemings,Alexander Fleming
Aleksandrs Greiems Bells,Alexander Graham Bell
Aleksandrs Lielais,Alexander the Great
Aleksandrs Solžeņicins,Aleksandr Solzhenitsyn
Alfa daļiņa,Alpha particle
Alfabēts,Alphabet
Alfreds Lielais,Alfred the Great
Alfrēds Hičkoks,Alfred Hitchcock
Alfrēds Nobels,Alfred Nobel
Alfrēds Vaitheds,Alfred North Whitehead
Algebra,Algebra
Algoritms,Algorithm
Alkaloīdi,Alkaloid
Alkoholiskie dzērieni,Alcoholic beverage
Alkāni,Alkane
Alkēni,Alkene
Alkīni,Alkyne
Allozaurs,Allosaurus
Almanahs,Almanac
Almati,Almaty
Alotropija,Allotropy
Alpi,Alps
Altāris,Ara
Alumīnija oksīds,Aluminium oxide
Alumīnijs,Aluminium
Alus,Beer
Alva,Tin
Alēle,Allele
Alķīmija,Alchemy
Alžīra,Algiers
Alžīrija,Algeria
Amazone,Amazon River
Amerigo Vespuči,Amerigo Vespucci
Amerikas Kinoakadēmijas balva,Academy Award
Amerikas Savienoto Valstu himna,The Star-Spangled Banner
Amerikas Savienotās Valstis,United States
Amerikas pilsoņu karš,American Civil War
Amerikāņu Samoa,American Samoa
Amerikāņu futbols,American football
Amerīcijs,Americium
Ametists,Amethyst
Amfiteātris,Amphitheatre
Amharu valoda,Amharic
Aminoskābes,Amino acid
Amnestija,Amnesty
Amonjaks,Ammonia
Amons,Amun
Amplitūda,Amplitude
Ampērs,Ampere
Amsterdama,Amsterdam
Amīdi,Amide
Amīni,Amine
Anaksagors,Anaxagoras
Anaksimandrs,Anaximander
Analītiskā ģeometrija,Analytic geometry
Anatomija,Anatomy
Andalūzija,Andalusia
Andamanu jūra,Andaman Sea
Anderss Celsijs,Anders Celsius
Andi,Andes
Andora,Andorra
Andromeda,Andromeda
Angiļa,Anguilla
Anglija,England
Anglijas cilvēki,English people
Anglikāņu baznīca,Church of England
Angola,Angola
Angļi,English people
Angļu valoda,English language
Anilīns,Aniline
Anime,Anime
Animisms,Animism
Ankara,Ankara
Anods,Anode
Anrī Matiss,Henri Matisse
Antananarivu,Antananarivo
Antarktīda,Antarctica
Antigva un Barbuda,Antigua and Barbuda
Antimons,Antimony
Antisemītisms,Antisemitism
Antonio Stradivāri,Antonio Stradivari
Antons Brukners,Anton Bruckner
Antons Čehovs,Anton Chekhov
Antonīms,Antonym
Antropoloģija,Anthropology
Antverpene,Antwerp
Anubis,Anubis
Apollo,Apollo
Apollo programma,Apollo program
Apollons,Apollo
Aprikozes,Apricot
Aprīlis,April
Apses,Poplar
Apsīda,Apse
Apvienotie Arābu Emirāti,United Arab Emirates
Apvienoto Nāciju Organizācija,United Nations
Apvienotā Karaliste,United Kingdom
Apvienotās Karalistes cilvēki,British people
Apģērbs,Clothing
Apūlija,Apulia
Arafuru jūra,Arafura Sea
Aragona,Aragon
Ararats,Mount Ararat
Arejs,Ares
Argentīna,Argentina
Argons,Argon
Arheoloģija,Archaeology
Arheopterikss,Archaeopteryx
Arhimēds,Archimedes
Arhipelāgs,Archipelago
Arhitektūra,Architecture
Aristofāns,Aristophanes
Aristokrātija,Aristocracy
Aristotelis,Aristotle
Arizona,Arizona
Ariānisms,Arianism
Arka,Arch
Arktika,Arctic
Armēnija,Armenia
Armēņu valoda,Armenian language
Aromātiskie ogļūdeņraži,Aromatic hydrocarbon
Arsēns,Arsenic
Artemīda,Artemis
Artilērija,Artillery
Arturs Konans Doils,Arthur Conan Doyle
Arturs Rembo,Arthur Rimbaud
Artērijas,Artery
Artūrs Šopenhauers,Arthur Schopenhauer
Aruba,Aruba
Arābijas jūra,Arabian Sea
Arābijas pussala,Arabian Peninsula
Arābu valoda,Arabic language
Arāla jūra,Aral Sea
Asamblervaloda,Assembly language
Asgarda,Asgard
Asimptote,Asymptote
Asinis,Blood
Asinsrites orgānu sistēma,Circulatory system
Asinsvadi,Blood vessel
Asmera,Asmara
Astana,Astana
Astats,Astatine
Aste,Tail
Astenosfēra,Asthenosphere
Asteroīds,Asteroid
Astma,Asthma
Astrahaņa,Astrakhan
Astrofizika,Astrophysics
Astroloģija,Astrology
Astronomija,Astronomy
Astronomiskā vienība,Astronomical unit
Asīrija,Assyria
Atentāts,Assassination
Atlanta,Atlanta
Atlantijas okeāns,Atlantic Ocean
Atmosfēra,Atmosphere
Atomfizika,Atomic physics
Atommasa,Atomic mass
Atoms,Atom
Attīstības psiholoģija,Developmental psychology
Atēna,Athena
Atēnas,Athens
Audi,Tissue
Augi,Plant
Auglis,Fruit
Augsne,Soil
Augstākie vēži,Malacostraca
Augusts,August
Augļi,Fruit
Augšezers,Lake Superior
Aukstais karš,Cold War
Auns,Aries
Austrija,Austria
Austroungārija,Austria-Hungary
Austrumtimora,East Timor
Austrumķīnas jūra,East China Sea
Austrālija,Australia
Austrālāzija,Australasia
Autisms,Autism
Autobuss,Bus
Automašīna,Automobile
Auzas,Oat
Aviācija,Aviation
Azerbaidžāna,Azerbaijan
Azimuts,Azimuth
Azovas jūra,Sea of Azov
Aīds,Hades
Aļaska,Alaska
Aļģes,Algae
B,B
BASIC programmēšanas valoda,BASIC
Babilona,Babylon
Babilonas gaisa dārzi,Hanging Gardens of Babylon
Badmintons,Badminton
Bafina Zeme,Baffin Island
Bafina jūra,Baffin Bay
Bagdāde,Baghdad
Bahamas,Bahamas
Bahreina,Bahrain
Baikāls,Lake Baikal
Baits,Byte
Bakteriofāgi,Bacteriophage
Baktērija,Bacteria
Baku,Baku
Balatons,Lake Balaton
Baldrs,Baldr
Balets,Ballet
Balkānu pussala,Balkans
Ballistiskā raķete,Ballistic missile
Balodis,Columba
Baltais nams,White House
Baltais punduris,White dwarf
Baltijas jūra,Baltic Sea
Baltkrievija,Belarus
Baltā jūra,White Sea
Bamako,Bamako
Bandžula,Banjul
Bangalora,Bangalore
Bangkoka,Bangkok
Bangladeša,Bangladesh
Banka,Bank
Bankas automāts,Automated teller machine
Baptisti,Baptist
Barbadosa,Barbados
Barbari,Barbarian
Barenca jūra,Barents Sea
Bari,Bari
Barioni,Baryon
Baroks,Baroque
Barons,Baron
Barselona,Barcelona
Basketbols,Basketball
Basģitāra,Bass guitar
Bavārija,Bavaria
Bazilika,Basilica
Bazilikata,Basilicata
Bazīdijsēnes,Basidiomycota
Beisbols,Baseball
Bejs,Bey
Bekingemas pils,Buckingham Palace
Belfāsta,Belfast
Belgrada,Belgrade
Beliza,Belize
Bellerofons,Bellerophon
Bendžamins Harisons,Benjamin Harrison
Benediktīniešu ordenis,Order of Saint Benedict
Benilukss,Benelux
Benina,Benin
Benito Musolīni,Benito Mussolini
Berenikes Mati,Coma Berenices
Bergena,Bergen
Berilijs,Beryllium
Berils,Beryl
Beringa jūra,Bering Sea
Berklijs,Berkelium
Berlīne,Berlin
Bermudu salas,Bermuda
Berne,Berne
Bertolts Brehts,Bertolt Brecht
Bertrans Rasels,Bertrand Russell
Berze,Friction
Betmens,Batman
Beverlihilsa,Beverly Hills
Bezastainie abinieki,Frog
Bezdarbs,Unemployment
Bezdelīga,Barn Swallow
Bezgalība,Infinity
Bezmaksas programmatūra,Freeware
Bezžokļaiņi,Agnatha
Beļģija,Belgium
Bidgošča,Bydgoszcz
Biheiviorisms,Behaviorism
Bils Geitss,Bill Gates
Bils Klintons,Bill Clinton
Biogrāfija,Biography
Bioloģija,Biology
Bioma,Biome
Bioķīmija,Biochemistry
Biskajas līcis,Bay of Biscay
Bismuts,Bismuth
Bites,Bee
Bits,Bit
Bizantija,Byzantine Empire
Blusu kārta,Flea
Blēzs Paskāls,Blaise Pascal
Blīvums,Density
Blūzs,Blues
Bobijs Fišers,Bobby Fischer
Bobs Dilans,Bob Dylan
Bobslejs,Bobsleigh
Bodenezers,Lake Constance
Bodisatva,Bodhisattva
Boforta jūra,Beaufort Sea
Bohēmija,Bohemia
Bokss,Boxing
Bolcāno,Bolzano
Boloņa,Bologna
Bolīvija,Bolivia
Bonna,Bonn
Bordo,Bordeaux
Boriss Pasternaks,Boris Pasternak
Bors,Boron
Bosfors,Bosporus
Bosnija un Hercegovina,Bosnia and Herzegovina
Bot,Bot
Botsvāna,Botswana
Botānika,Botany
Bozoni,Boson
Boļševiki,Bolshevik
Braga,Braga
Braila raksts,Braille
Braitona,Brighton
Brandenburga,Brandenburg
Bratislava,Bratislava
Brauna kustība,Brownian motion
Brazīlija,Brazil
Bresta,Brest
Bridžs,Contract bridge
Briežu dzimta,Deer
Brige,Bruges
Brisbena,Brisbane
Brisele,Brussels
Bristole,Bristol
Britu Virdžīnu salas,British Virgin Islands
Britu impērija,British Empire
Brno,Brno
Broms,Bromine
Bronza,Bronze
Bronzas laikmets,Bronze Age
Bruklina,Brooklyn
Bruneja,Brunei
Bruņinieks,Knight
Bruņurupuči,Turtle
Brēmene,Bremen
Brīvmūrnieki,Freemasonry
Brīvpiekļuves atmiņa,Random access memory
Budapešta,Budapest
Budisms,Buddhism
Buenosairesa,Buenos Aires
Bufalo,Buffalo
Bukareste,Bucharest
Bulgārija,Bulgaria
Bulta,Sagitta
Bungas,Drum
Buras,Vela
Burkinafaso,Burkina Faso
Burts,Letter
Burundi,Burundi
Butāna,Bhutan
Butāns,Butane
Buvē Sala,Bouvet Island
Bābeles tornis,Tower of Babel
Bārijs,Barium
Bāzele,Basel
Bēgļi,Refugee
Bērkšīra,Berkshire
Bībele,Bible
Bīgls,Beagle
C,C
Cars,Tsar
Cefejs,Cepheus
Cements,Cement
Cena,Price
Centaura Alfa,Alpha Centauri
Centaurs,Centaurus
Centimetrs,Centimetre
Centriola,Centriole
Centrālais procesors,Central processing unit
Centrālparks,Central Park
Centrālāfrikas Republika,Central African Republic
Centrālās lielvalstis,Central Powers
Ceturtdiena,Thursday
Ceļa locītava,Knee
Cianīdi,Cyanide
Cicerons,Cicero
Ciedri,Cedar
Cieta viela,Solid
Cieta viela,Solid state
Cietība,Hardness
Cilvēki,People
Cilvēks,Human
Cinks,Zinc
Cinobrs,Cinnabar
Cionisms,Zionism
Ciprešu dzimta,Cupressaceae
Cirkonijs,Zirconium
Cirkulis,Circinus
Citoplazma,Cytoplasm
Citronskābe,Citric acid
Civilization I,Civilization
Civilizācija,Civilization
Ciānūdeņražskābe,Hydrogen cyanide
Ciņu dinastija,Qin Dynasty
Columbus,Columbus
Cukura diabēts,Diabetes mellitus
Cunami,Tsunami
Cēlgāzes,Noble gas
Cērijs,Cerium
Cēzijs,Caesium
D,D
D. H. Lorenss,D. H. Lawrence
DOS,DOS
Daba,Nature
Dabas zinātne,Natural science
Dadaisms,Dada
Dagerotips,Daguerreotype
Daiļslidošana,Figure skating
Daka,Dhaka
Dakara,Dakar
Dalasa,Dallas
Damaska,Damascus
Dante Aligjēri,Dante Alighieri
Daoisms,Taoism
Darbarīks,Tool
Darbības vārds,Verb
Datizrace,Data mining
Datora arhitektūra,Computer architecture
Datorgrafika,Computer graphics
Datorlingvistika,Computational linguistics
Datorpele,Mouse
Datorprogramma,Computer program
Dators,Computer
Datortīkli,Computer network
Datoru aparatūra,Computer hardware
Datorzinātne,Computer science
Datorzinātne,Computing
Datu bāze,Database
Datu struktūra,Data structure
Daudzkāji,Myriapoda
Daugavpils,Daugavpils
Debess mehānika,Celestial mechanics
Debesskrāpis,Skyscraper
Decembris,December
Decimālā skaitīšanas sistēma,Decimal
Deduktīvs slēdziens,Deductive reasoning
Degvīns,Vodka
Deitērijs,Deuterium
Deivids Hjūms,David Hume
Deja,Dance
Deklinācija,Declination
Delartiskā komēdija,Commedia dell'arte
Delavēra,Delaware
Delfīns,Delphinus
Deli,Delhi
Delta,Delta
Demogrāfija,Demography
Demokrātija,Democracy
Deniss Gabors,Dennis Gabor
Dens Sjaopins,Deng Xiaoping
Desmitgade,Decade
Detroita,Detroit
Devona,Devon
Devīze,Motto
Dezoksiribonukleīnskābe,DNA
Dialekts,Dialect
Diena,Day
Dienas,Days
Dienvidamerika,South America
Dienvidaustrumāzija,Southeast Asia
Dienviddakota,South Dakota
Dienvidi,South
Dienvidkarolīna,South Carolina
Dienvidkoreja,South Korea
Dienvidpols,South Pole
Dienvidslāvija,Yugoslavia
Dienvidu Hidra,Hydrus
Dienvidu Krusts,Crux
Dienvidu Trīsstūris,Triangulum Australe
Dienvidu puslode,Southern Hemisphere
Dienvidāfrikas Republika,South Africa
Dienvidķīnas jūra,South China Sea
Dievs,God
Difrakcija,Diffraction
Diktatūra,Dictatorship
Dimants,Diamond
Dimensija,Dimension
Dinamīts,Dynamite
Dingo,Dingo
Dinozauri,Dinosaur
Diokletiāns,Diocletian
Dionīss,Dionysus
Diplodoks,Diplodocus
Diplomātija,Diplomacy
Diskurss,Discourse
Disleksija,Dyslexia
Disprozijs,Dysprosium
Divdīgļlapji,Dicotyledon
Divdīgļlapji,Magnoliopsida
Divupe,Mesopotamia
Dizains,Design
Dižskābaržu dzimta,Fagaceae
Dižskābaržu rinda,Fagales
Dmitrijs Mendeļejevs,Dmitri Mendeleev
Dnipropetrovska,Dnipropetrovsk
Dodekaedrs,Dodecahedron
Dodo,Dodo
Dolmens,Dolmen
Domestikācija,Domestication
Dominika,Dominica
Dominikāna,Dominican Republic
Dominikāņi,Dominican Order
Domāšana,Thought
Donava,Danube
Doplera efekts,Doppler effect
Dortmunde,Dortmund
Doņecka,Donetsk
Draiveris,Device driver
Dramaturģija,Drama
Drošība,Security
Drēzdene,Dresden
Dublina,Dublin
Dubultzvaigzne,Binary star
Durbana,Durban
Duālisms,Dualism
Dušanbe,Dushanbe
Dvaits Eizenhauers,Dwight D. Eisenhower
Dvēsele,Soul
Dzeja,Poetry
Dzeltenā jūra,Yellow Sea
Dzelzs,Iron
Dzelzs laikmets,Iron Age
Dzemdības,Childbirth
Dzimtā valoda,First language
Dzintars,Amber
Dzēlējzarndobumaiņi,Cnidaria
Dzērve,Grus
Dzīvnieki,Animal
Dzīvsudrabs,Mercury
Dzīvība,Life
Dānija,Denmark
Dārgakmens,Gemstone
Dāvids Hilberts,David Hilbert
Dēmetra,Demeter
Dēmons,Demon
Džakarta,Jakarta
Džeimss Bjūkenens,James Buchanan
Džeimss Džoiss,James Joyce
Džeimss Franks,James Franck
Džeimss Gārfīlds,James A. Garfield
Džeimss Kuks,James Cook
Džeimss Maksvels,James Clerk Maxwell
Džeimss Medisons,James Madison
Džeimss Monro,James Monroe
Džeimss Polks,James K. Polk
Džeimss Preskots Džouls,James Prescott Joule
Džeimss Vats,James Watt
Džeina Greja,Lady Jane Grey
Džeksonvila,Jacksonville
Dženova,Genoa
Džeralds Fords,Gerald Ford
Džersija,Jersey
Džezs,Jazz
Džibuti,Djibouti
Džida,Jeddah
Džihāds,Jihad
Džimijs Hendrikss,Jimi Hendrix
Džimijs Kārters,Jimmy Carter
Džirolamo Savonarola,Girolamo Savonarola
Džiu džitsu,Jujutsu
Džons Adamss,John Adams
Džons Djūijs,John Dewey
Džons Heršels,John Herschel
Džons K. Adamss,John Quincy Adams
Džons Keidžs,John Cage
Džons Lenons,John Lennon
Džons Loks,John Locke
Džons Meinards Keinss,John Maynard Keynes
Džons Raskins,John Ruskin
Džons Tailers,John Tyler
Džordano Bruno,Giordano Bruno
Džordžija,Georgia
Džordžo de Kiriko,Giorgio de Chirico
Džordžs Bušs,George Bush
Džordžs Bērklijs,George Berkeley
Džordžs Harisons,George Harrison
Džordžs Orvels,George Orwell
Džordžs Tomsons,George Paget Thomson
Džordžs V. Bušs,George W. Bush
Džordžs Vašingtons,George Washington
Džouls,Joule
Džovanni Bokačo,Giovanni Boccaccio
Džozefs Konrads,Joseph Conrad
Džozefs Makartijs,Joseph McCarthy
Džozefs Smits,Joseph Smith
Džudo,Judo
Džuzepe Verdi,Giuseppe Verdi
Džūno,Juneau
E,E
E-pasts,E-mail
EUR,Euro
Ebreji,Jew
Edgars Alans Po,Edgar Allan Poe
Edinburga,Edinburgh
Edmonds Halejs,Edmond Halley
Edmunds Hilarijs,Edmund Hillary
Edvards Grīgs,Edvard Grieg
Edvards Tellers,Edward Teller
Edvīns Habls,Edwin Hubble
Egejas jūra,Aegean Sea
Ehnatons,Akhenaten
Eifeļa tornis,Eiffel Tower
Eikariots,Eukaryote
Eiklīds,Euclid
Eindhovena,Eindhoven
Einšteinijs,Einsteinium
Eira ezers,Lake Eyre
Eiripīds,Euripides
Eiropa,Europa
Eiropa,Europe
Eiropas Savienība,European Union
Eiropijs,Europium
Eirāzija,Eurasia
Ekoloģija,Ecology
Ekoloģiskā niša,Ecological niche
Ekonomika,Economics
Ekonomika,Economy
Ekosistēma,Ecosystem
Eksperiments,Experiment
Ekspresionisms,Expressionism
Ekvadora,Ecuador
Ekvatoriālā Gvineja,Equatorial Guinea
Ekvators,Equator
El Greko,El Greco
Elba,Elbe
Elektriskais lauks,Electric field
Elektriskais lādiņš,Electric charge
Elektriskā kapacitāte,Capacitance
Elektriskā pretestība,Electrical resistance
Elektriskā strāva,Electric current
Elektriskā ģitāra,Electric guitar
Elektrodzinējs,Electric motor
Elektrolīts,Electrolyte
Elektrolīze,Electrolysis
Elektromagnētisms,Electromagnetism
Elektronegativitāte,Electronegativity
Elektronika,Electronics
Elektronmikroskops,Electron microscope
Elektrons,Electron
Elektronu lampa,Vacuum tube
Elektrotehnika,Electrical engineering
Elektrība,Electricity
Elements,Element
Elementārdaļiņas,Elementary particle
Elipse,Ellipse
Elizabete Teilore,Elizabeth Taylor
Elzasa,Alsace
Elēģija,Elegy
Emma Goldmane,Emma Goldman
Empīrisms,Empiricism
Emu,Emu
Emīlija-Romanja,Emilia-Romagna
Emīrs,Emir
Enciklopēdija,Encyclopedia
Endokrinoloģija,Endocrinology
Endokrīnā sistēma,Endocrine system
Endrū Džeksons,Andrew Jackson
Endrū Džonsons,Andrew Johnson
Enerģija,Energy
Enkurs,Anchor
Enriko Fermi,Enrico Fermi
Entomoloģija,Entomology
Entropija,Entropy
Epitēlijaudi,Epithelium
Erasure,Erasure
Erbijs,Erbium
Eridāna,Eridanus
Eritreja,Eritrea
Ernests Hemingvejs,Ernest Hemingway
Ernests Rezerfords,Ernest Rutherford
Ernests Teodors Amadejs Hofmanis,E. T. A. Hoffmann
Erots,Eros
Eseksa,Essex
Esene,Essen
Esperanto,Esperanto
Espo,Espoo
Esteri,Ester
Etanols,Ethanol
Ethernet,Ethernet
Etilēns,Ethylene
Etiopija,Ethiopia
Etiķskābe,Acetic acid
Etna,Mount Etna
Etnogrāfija,Ethnography
Etnoss,Ethnic group
Etoloģija,Ethology
Etāns,Ethane
Eva Brauna,Eva Braun
Evanescence,Evanescence
Evanģēlijs,Gospel
Everests,Mount Everest
Evolūcija,Evolution
Ezers,Lake
F,F
FTP,File Transfer Protocol
Fails,Computer file
Failu sistēma,File system
Faktoriāls,Factorial
Faluņgun,Falun Gong
Fantāzijas literatūra,Fantasy
Farads,Farad
Faraons,Pharaoh
Fašisms,Fascism
Februāra revolūcija,February Revolution
Februāris,February
Fedora,Fedora
Felipe II,Philip II of Spain
Fenilalanīns,Phenylalanine
Feniķija,Phoenicia
Fenols,Phenol
Fenrirs,Fenrir
Feodālisms,Feudalism
Fermijs,Fermium
Fermioni,Fermion
Fernāns Magelāns,Ferdinand Magellan
Fiat,Fiat
Fibonači skaitļi,Fibonacci number
Fidels Kastro Russ,Fidel Castro
Fidži,Fiji
Filadelfija,Philadelphia
Filips II,Philip II of Macedon
Filipīnas,Philippines
Filipīnu jūra,Philippine Sea
Filozofija,Philosophy
Finanses,Finance
Finvalis,Fin Whale
Fizika,Physics
Fizioloģija,Physiology
Fjodors Dostojevskis,Fyodor Dostoevsky
Fjords,Fjord
Florence,Florence
Florida,Florida
Flote,Navy
Fluorīts,Fluorite
Folklenda salas,Falkland Islands
Folklora,Folklore
Fonēma,Phoneme
Fonētika,Phonetics
Formaldehīds,Formaldehyde
Fortran,Fortran
Fortvorta,Fort Worth
Fosfors,Phosphorus
Fosforskābe,Phosphoric acid
Fotogrāfija,Photography
Fotons,Photon
Fotosfēra,Photosphere
Fotosintēze,Photosynthesis
Fovisms,Fauvism
Francija,France
Francijas cilvēki,French people
Francijs,Francium
Francis Šūberts,Franz Schubert
Francs Kafka,Franz Kafka
Frankfurte pie Mainas,Frankfurt
Fransisko Franko,Francisco Franco
Fransisko Hosē de Goija i Lusientess,Francisco Goya
Franss Halss,Frans Hals
Franču Polinēzija,French Polynesia
Franču revolūcija,French Revolution
Frederiks Sengers,Frederick Sanger
Freija,Freyja
Freirs,Freyr
Frekvence,Frequency
Frenklins Pīrss,Franklin Pierce
Frenks Sinatra,Frank Sinatra
Freska,Fresco
Friga,Frigg
Friuli-Venēcija Džūlija,Friuli-Venezia Giulia
Fruktoze,Fructose
Frānsiss Bēkons,Francis Bacon
Frānsiss Kriks,Francis Crick
Frīdrihs Engelss,Friedrich Engels
Funkcija,Function
Futbola klubi,Football  clubs
Futbolisti,Football  players
Futbols,Football
Futūrisms,Futurism
Fēnikss,Phoenix
Fīniksa,Phoenix
G,G
GIMP,GIMP
GNOME,GNOME
GNU,GNU
Gabona,Gabon
Gadalaiks,Season
Gadi,Years
Gadolīnijs,Gadolinium
Gads,Year
Gadsimts,Century
Gaisma,Light
Gaismas gads,Light-year
Gaismas laušana,Refraction
Gaismas ātrums,Speed of light
Gajs Kornēlijs Tacits,Tacitus
Gajāna,Guyana
Galaktika,Galaxy
Galda teniss,Table tennis
Galds,Mensa
Galileo Galilejs,Galileo Galilei
Gallija,Gaul
Gallijs,Gallium
Galvaskauss,Skull
Galvaspilsēta,Capital
Galvenais,Main
Galvkāji,Cephalopod
Gamals Abdels Nasers,Gamal Abdel Nasser
Gambija,The Gambia
Gamma,Musical scale
Gamma stari,Gamma ray
Gana,Ghana
Ganimēds,Ganymede
Ganēša,Ganesha
Garais gads,Leap year
Garums,Length
Garšvielas,Spice
Gauskāji,Tardigrade
Gazas josla,Gaza Strip
Geizers,Geyser
Geiša,Geisha
Gejs,Gay
Genoms,Genome
Georgs Frīdrihs Hendelis,George Frideric Handel
Georgs Vilhelms Frīdrihs Hēgelis,Georg Wilhelm Friedrich Hegel
Gepards,Cheetah
Germānijs,Germanium
Gestapo,Gestapo
Geto,Ghetto
Gibraltārs,Gibraltar
Gigabaits,Gigabyte
Gijoms Apolinērs,Guillaume Apollinaire
Ginki,Ginkgo
Gistavs Kurbē,Gustave Courbet
Giza,Giza
Gladiators,Gladiator
Glezniecība,Painting
Gleznotājs,Pictor
Glicerīns,Glycerol
Glicīns,Glycine
Gliemenes,Bivalvia
Gliemeži,Gastropoda
Glikoze,Glucose
Globalizācija,Globalization
Globālais tīmeklis,World Wide Web
Globālā pozicionēšanas sistēma,Global Positioning System
Glosteršīra,Gloucestershire
Gluons,Gluon
Glutamīnskābe,Glutamic acid
Glāzgova,Glasgow
Go,Go
Goldži komplekss,Golgi apparatus
Golfa straume,Gulf Stream
Golfs,Golf
Golveja,Galway
Gomeļa,Gomel
Gomiņdan,Kuomintang
Google,Google
Gotiskā arhitektūra,Gothic architecture
Gotlībs Daimlers,Gottlieb Daimler
Gradients,Gradient
Grafiskais dizains,Graphic design
Grafiti,Graffiti
Grafīts,Graphite
Gramatika,Grammar
Grauzēji,Rodent
Gravitons,Graviton
Gravitācija,Gravitation
Greblis,Caelum
Gregora kalendārs,Gregorian calendar
Greiems Grīns,Graham Greene
Gremošanas orgānu sistēma,Digestive system
Gremošanas orgānu sistēma,Gastrointestinal tract
Grenlande,Greenland
Grenlandes jūra,Greenland Sea
Grenoble,Grenoble
Grenāda,Grenada
Grieķija,Greece
Grieķu alfabēts,Greek alphabet
Grieķu uguns,Greek fire
Griničas laiks,Greenwich Mean Time
Griničas meridiāns,Prime Meridian
Gripa,Influenza
Grovers Klīvlends,Grover Cleveland
Gruzija,Georgia
Grāca,Graz
Grāmata,Book
Grēks,Sin
Guama,Guam
Gugols,Googol
Gulbis,Cygnus
Gundegu dzimta,Ranunculaceae
Gustavs Klimts,Gustav Klimt
Gvadelupa,Guadeloupe
Gvajakila,Guayaquil
Gvatemala,Guatemala
Gvineja,Guinea
Gvineja-Bisava,Guinea-Bissau
Gāze,Gas
Gāzes strūklas dzinējs,Jet engine
Gēns,Gene
Gērnsija,Guernsey
Gēteborga,Gothenburg
H,H
HTML,HTML
HTTP,Hypertext Transfer Protocol
Habarovska,Khabarovsk
Hadroni,Hadron
Hafnijs,Hafnium
Haiti,Haiti
Haizivs,Shark
Halcedons,Chalcedony
Haleba,Aleppo
Halogēni,Halogen
Hamburga,Hamburg
Hameleons,Chamaeleon
Hamfrijs Bogarts,Humphrey Bogart
Hammurapi,Hammurabi
Hanna Ārente,Hannah Arendt
Hannibals,Hannibal
Hannovere,Hanover
Hans,Khan
Hanss Kristians Andersens,Hans Christian Andersen
Hanzas savienība,Hanseatic League
Harkiva,Kharkiv
Hartūma,Khartoum
Harēms,Harem
Havajas,Hawaii
Havana,Havana
Havra,Le Havre
Haņu dinastija,Han Dynasty
Hedonisms,Hedonism
Heimdals,Heimdall
Heinrihs Himlers,Heinrich Himmler
Heinrihs Rudolfs Hercs,Heinrich Hertz
Heizenberga nenoteiktības princips,Uncertainty principle
Hektārs,Hectare
Helikopters,Helicopter
Helsinki,Helsinki
Hempšīra,Hampshire
Henrijs,Henry
Henrijs Džeimss,Henry James
Henrijs Fords,Henry Ford
Henrijs Mūrs,Henry Moore
Henriks Ibsens,Henrik Ibsen
Heraldika,Heraldry
Herberts Hūvers,Herbert Hoover
Herberts Markūze,Herbert Marcuse
Herberts Velss,H. G. Wells
Hercogs,Duke
Hercs,Hertz
Herkuless,Hercules
Hermanis Hese,Hermann Hesse
Hermanis fon Helmholcs,Hermann von Helmholtz
Hermejs,Hermes
Hermeneitika,Hermeneutics
Hesene,Hesse
Hidra,Hydra
Hidroloģija,Hydrology
Hidrolīze,Hydrolysis
Hieronīms Boss,Hieronymus Bosch
Himalaji,Himalayas
Hinduisms,Hinduism
Hiperteksts,Hypertext
Histidīns,Histidine
Histoloģija,Histology
Hjūstona,Houston
Hloroforms,Chloroform
Hlors,Chlorine
Hobijs,Hobby
Hobits,Hobbit
Hokejs,Ice hockey
Holivuda,Hollywood
Holmijs,Holmium
Hologrāfija,Holography
Homo ģints,Homo
Homonīms,Homonym
Homoseksualitāte,Homosexuality
Homērs,Homer
Hondurasa,Honduras
Honiara,Honiara
Honkonga,Hong Kong
Hordaiņi,Chordate
Hormoni,Hormone
Horvātija,Croatia
Horācijs,Horace
Hošimina,Ho Chi Minh City
Hromatīns,Chromatin
Hromosoma,Chromosome
Hroms,Chromium
Hronoloģija,Chronology
Hugo Grocijs,Hugo Grotius
Hugo Kapets,Hugh Capet
Huka likums,Hooke's law
Humanitārās zinātnes,Humanities
Humānisms,Humanism
Hāga,The Hague
Hārtfordšīra,Hertfordshire
Hēfaists,Hephaestus
Hēla,Hel
Hēlijs,Helium
Hēra,Hera
Hērodots,Herodotus
Hērons,Hero of Alexandria
Hēsiods,Hesiod
Hūrons,Lake Huron
I,I
Ideāla gāze,Ideal gas
Ido,Ido
Iedzīvotāju skaits,Population
Iekšzemes kopprodukts,Gross domestic product
Ierocis,Weapon
Ieži,Rock
Igaunija,Estonia
Igdrasils,Yggdrasil
Ignācijs no Lojolas,Ignatius of Loyola
Igors Stravinskis,Igor Stravinsky
Ikona,Icon
Ilinoisa,Illinois
Ilmeņa ezers,Lake Ilmen
Ilīrija,Illyria
Imanuels Kants,Immanuel Kant
Imperatorpingvīns,Emperor Penguin
Imperators,Emperor
Impresionisms,Impressionism
Impērija,Domain
Impērija,Empire
Inda,Indus River
Inde,Poison
Indianapolisa,Indianapolis
Indija,India
Indijas okeāns,Indian Ocean
Indijs,Indium
Indiāna,Indiana
Indiānis,Indus
Indonēzija,Indonesia
Indukcija,Inductive reasoning
Induktivitāte,Inductance
Induktivitātes spole,Inductor
Inerce,Inertia
Inflācija,Inflation
Informācija,Information
Informācijas tehnoloģijas,Information technology
Informācijas teorija,Information theory
Infrasarkanais starojums,Infrared
Infrastruktūra,Infrastructure
Ingrīda Bergmane,Ingrid Bergman
Inovācija,Innovation
Insbruka,Innsbruck
Insulīns,Insulin
Integrālie Maksvela vienādojumi,Maxwell's equations
Integrālis,Integral
Integrālā shēma,Integrated circuit
Interference,Interference
Internet Explorer,Internet Explorer
Internets,Internet
Interpunkcija,Punctuation
Intervāls,Interval
Inčona,Incheon
Inženierija,Engineering
Iprīts,Sulfur mustard
Iracionāls skaitlis,Irrational number
Iron Maiden,Iron Maiden
Ironija,Irony
Irāka,Iraq
Irāna,Iran
Irānas - Irākas karš,Iran-Iraq War
Irīdijs,Iridium
Islāma kalendārs,Islamic calendar
Islāms,Islam
Itaka,Ithaca
Iterbijs,Ytterbium
Itrijs,Yttrium
Itālija,Italy
Ivans Lendls,Ivan Lendl
Izglītība,Education
Izgāztuve,Landfill
Izklaide,Entertainment
Izmiršana,Extinction
Iznīcinātājs,Fighter aircraft
Izomēri,Isomer
Izotops,Isotope
Izpildvara,Executive
Izraēla,Israel
Izsaukuma zīme,Exclamation mark
Iztvaikošana,Evaporation
Izīda,Isis
J,J
Jaguārs,Jaguar
Jamaika,Jamaica
Jangona,Yangon
Janvāris,January
Japāna,Japan
Japāņu jūra,Sea of Japan
Jasirs Arafats,Yasser Arafat
Jauda,Power
Jaunava,Virgo
Jaunava Marija,Mary
Jaungvineja,New Guinea
Jaunkaledonija,New Caledonia
Jaunzēlande,New Zealand
Java,Java
Jehovas liecinieki,Jehovah's Witnesses
Jeloustonas nacionālais parks,Yellowstone National Park
Jemena,Yemen
Jeničeri,Janissary
Jeruzāleme,Jerusalem
Jezuīti,Society of Jesus
Jo,Io
Jods,Iodine
Joga,Yoga
Johanness Brāmss,Johannes Brahms
Johanness Keplers,Johannes Kepler
Johans Gūtenbergs,Johannes Gutenberg
Johans Sebastians Bahs,Johann Sebastian Bach
Johans Volfgangs fon Gēte,Johann Wolfgang von Goethe
Joko Ono,Yoko Ono
Jokohama,Yokohama
Jonijas jūra,Ionian Sea
Jonosfēra,Ionosphere
Jons,Ion
Jordānija,Jordan
Josifs Staļins,Joseph Stalin
Jozefs Haidns,Joseph Haydn
Juaņ impērija,Yuan Dynasty
Junga modulis,Young's modulus
Jupiters,Jupiter
Jurijs Gagarins,Yuri Gagarin
Justiniāns I,Justinian I
Jērika,Jericho
Jēzus Kristus,Jesus
Jūdaisms,Judaism
Jūdeja,Judea
Jūdze,Mile
Jūgendstils,Art Nouveau
Jūlija kalendārs,Julian calendar
Jūlijs,July
Jūlijs Cēzars,Julius Caesar
Jūnijs,June
Jūra,Sea
Jūras anemones,Sea anemone
Jūras jūdze,Nautical mile
Jūras līmenis,Sea level
Jūras radars,Radar
Jūrascūciņa,Guinea pig
Jūta,Utah
K,K
K2,K2
Kabala,Kabbalah
Kaboverde,Cape Verde
Kabula,Kabul
Kadmijs,Cadmium
Kaimanu Salas,Cayman Islands
Kaira,Cairo
Kalabrija,Calabria
Kalcija karbonāts,Calcium carbonate
Kalcija oksīds,Calcium oxide
Kalcijs,Calcium
Kalcīts,Calcite
Kalibrs,Caliber
Kalifornija,California
Kalifornijs,Californium
Kalifs,Caliph
Kalifāts,Caliphate
Kaligula,Caligula
Kalkulators,Calculator
Kallisto,Callisto
Kambodža,Cambodia
Kambrija,Cumbria
Kamerūna,Cameroon
Kampala,Kampala
Kampānija,Campania
Kanbera,Canberra
Kandela,Candela
Kanibālisms,Cannibalism
Kanoe,Canoe
Kanzasa,Kansas
Kanāda,Canada
Kanāriju salas,Canary Islands
Kapadokija,Cappadocia
Kapitāls,Capital
Kara akts,Casus belli
Kara noziegumi,War crime
Karakasa,Caracas
Karakorums,Karakoram
Karalis Arturs,King Arthur
Karas jūra,Kara Sea
Karavadžo,Caravaggio
Karači,Karachi
Karbamīds,Urea
Karbonskābes,Carboxylic acid
Kardināls Rišeljē,Cardinal Richelieu
Karena Bliksena,Karen Blixen
Karls Gustavs Jungs,Carl Jung
Karpati,Carpathian Mountains
Kartogrāfija,Cartography
Kartāga,Carthage
Karību jūra,Caribbean
Karību jūra,Caribbean Sea
Karš,War
Kasablanka,Casablanca
Kasiopeja,Cassiopeia
Kaspijas jūra,Caspian Sea
Katalizators,Catalysis
Katara,Qatar
Katmandu,Kathmandu
Katods,Cathode
Katovice,Katowice
Kauja pie Sommas,Battle of the Somme
Kauls,Bone
Kaulzivis,Osteichthyes
Kauss,Crater
Kauņa,Kaunas
Kavalērija,Cavalry
Kazahstāna,Kazakhstan
Kazaņa,Kazan
Kaķis,Cat
Kaķu dzimta,Felidae
Kaļķakmens,Limestone
Kašalots,Sperm Whale
Keiptauna,Cape Town
Kelvins,Kelvin
Kelvins Kūlidžs,Calvin Coolidge
Kenija,Kenya
Kenta,Kent
Kentaurs,Centaur
Kentuki,Kentucky
Ketoni,Ketone
Kečvu valoda,Quechua
Kigali,Kigali
Kijeva,Kiev
Kilimandžāro,Mount Kilimanjaro
Kilograms,Kilogram
Kilometri stundā,Kilometres per hour
Kino,Film
Kinētiskā enerģija,Kinetic energy
Kinšasa,Kinshasa
Kipra,Cyprus
Kirgizstāna,Kyrgyzstan
Kiribati,Kiribati
Kirijs,Curium
Kirilica,Cyrillic alphabet
Kito,Quito
Klarnete,Clarinet
Klasicisms,Classicism
Klasiskā mūzika,Classical music
Klaviatūra,Keyboard
Klavieres,Piano
Klients-serveris,Client-server
Klimatoloģija,Climatology
Klimats,Climate
Klods Monē,Claude Monet
Klosteris,Monastery
Kloākaiņi,Monotreme
Klusais okeāns,Pacific Ocean
Klēpjdators,Laptop
Knuts Hamsuns,Knut Hamsun
Kobalts,Cobalt
Kobe,Kobe
Kodolfizika,Nuclear physics
Kodolieroči,Nuclear weapon
Kofeīns,Caffeine
Kognitīvā psiholoģija,Cognitive psychology
Koijots,Coyote
Kokosu  Salas,Cocos  Islands
Kolizejs,Colosseum
Kolkata,Kolkata
Kolonija,Colony
Kolorādo,Colorado
Kolumbija,Colombia
Kolāža,Collage
Koma,Coma
Komats,Comma
Komodo varāns,Komodo dragon
Komoras,Comoros
Komoru salas,Comoros
Kompass,Pyxis
Komponists,Composer
Komunisms,Communism
Komēdija,Comedy
Komēta,Comet
Konakri,Conakry
Koncentrācijas nometne,Internment
Kondensators,Capacitor
Konektikuta,Connecticut
Konflikts,Conflict
Konfūcijs,Confucius
Konfūcisms,Confucianism
Kongo,Congo
Kongo,Republic of the Congo
Kongo Demokrātiskā Republika,Democratic Republic of the Congo
Kongo Republika,Republic of the Congo
Konservatīvisms,Conservatism
Konstitūcija,Constitution
Kontinents,Continent
Konvekcija,Convection
Kopa,Set
Kopenhāgena,Copenhagen
Koraļļu jūra,Coral Sea
Koraļļu salas,Atoll
Korejas karš,Korean War
Korka,Cork
Kornvola,Cornwall
Korozija,Corrosion
Korunds,Corundum
Kosas,Equisetum
Kosmoloģija,Cosmology
Kosmonauts,Astronaut
Kosmosa kuģis,Spacecraft
Kosova,Kosovo
Kostarika,Costa Rica
Koventrija,Coventry
Krams,Chert
Krams,Flint
Krauklis,Corvus
Kravas automašīna,Truck
Krievija,Russia
Krimas Autonomā Republika,Crimea
Krimas karš,Crimean War
Kriminoloģija,Criminology
Krimināltiesības,Criminal law
Kriptons,Krypton
Kristalogrāfija,Crystallography
Kristietība,Christianity
Kristofers Mārlovs,Christopher Marlowe
Kristofors Kolumbs,Christopher Columbus
Kristāls,Crystal
Krokodili,Crocodilia
Krons,Cronus
Krusa,Hail
Krustziežu dzimta,Brassicaceae
Krāsa,Color
Krāsns,Fornax
Krēta,Crete
Krīts,Cretaceous
Krūšu kauls,Sternum
Ksenofans,Xenophanes
Ksenons,Xenon
Ktenofori,Ctenophore
Kualalumpūra,Kuala Lumpur
Kuba,Cuba
Kukaiņi,Insect
Kultūra,Culture
Kuprvalis,Humpback Whale
Kurdistāna,Kurdistan
Kurdistānas Strādnieku partija,Kurdistan Workers Party
Kuritiba,Curitiba
Kurts Vonnegūts,Kurt Vonnegut
Kuveita,Kuwait
Kuģa Gals,Puppis
Kuģa Ķīlis,Carina
Kuģis,Ship
Kušana,Melting
Kušanas temperatūra,Melting point
Kvadrāts,Square
Kvadrātvienādojums,Quadratic equation
Kvantu mehānika,Quantum mechanics
Kvarcs,Quartz
Kvarki,Quark
Kvazāri,Quasar
Kvīnsa,Queens
Kālija nitrāts,Potassium nitrate
Kālijs,Potassium
Kārdifa,Cardiff
Kārlis Lielais,Charlemagne
Kārlis Markss,Karl Marx
Kūra,Kura River
L,L
LCD,Liquid crystal display
Lacio,Lazio
Lagosa,Lagos
Laika josla,Time zone
Laikapstākļi,Weather
Laiks,Time
Lamanšs,English Channel
Langdoka-Rusijona,Languedoc-Roussillon
Lankašīra,Lancashire
Lantāns,Lanthanum
Laosa,Laos
Lapas,Leaf
Lapsiņa,Vulpecula
Laptevu jūra,Laptev Sea
Lasvegasa,Las Vegas
Lasāmatmiņa,Read-only memory
Latvija,Latvia
Latīņamerika,Latin America
Latīņu alfabēts,Latin alphabet
Latīņu valoda,Latin
Lauksaimniecība,Agriculture
Laukšpats,Feldspar
Laulība,Marriage
Lauva,Leo
Lauva,Lion
Laušanas koeficients,Refractive index
Lava,Lava
Lavīna,Avalanche
Ledus,Ice
Ledus laikmets,Ice age
Lego,Lego
Leipciga,Leipzig
Lejassaksija,Lower Saxony
Lenteņi,Cestoda
Leonardo da Vinči,Leonardo da Vinci
Leonards Eilers,Leonhard Euler
Leonīds Brežņevs,Leonid Brezhnev
Leptoni,Lepton
Lesbiete,Lesbian
Lesoto,Lesotho
Lestera,Leicester
Levante,Levant
Leņķis,Angle
Leņķmērs,Norma
Libāna,Lebanon
Libērija,Liberia
Lidmašīnas,Aircraft
Lidojošā Zivs,Volans
Lielais Barjerrifs,Great Barrier Reef
Lielais Lācis,Ursa Major
Lielais Suns,Canis Major
Lielais piekūns,Peregrine Falcon
Lielais sprādziens,Big Bang
Lielais Ķīnas mūris,Great Wall of China
Lieldators,Mainframe computer
Lieldienas,Easter
Lielie ezeri,Great Lakes
Lielā Rifta ieleja,Great Rift Valley
Lielā baltā haizivs,Great white shark
Lielā brīvības harta,Magna Carta
Lielā depresija,Great Depression
Lielā panda,Giant Panda
Lielākais kopīgais dalītājs,Greatest common divisor
Lietus,Rain
Lietuva,Lithuania
Lietvārds,Noun
Ligūrija,Liguria
Ligūrijas jūra,Ligurian Sea
Lihtenšteina,Liechtenstein
Likums,Law
Liliju dzimta,Liliaceae
Lille,Lille
Lima,Lima
Limerika,Limerick
Limfrites sistēma,Lymphatic system
Limnoloģija,Limnology
Linca,Linz
Linkolnšīra,Lincolnshire
Linux,Linux
Liona,Lyon
Lipīdi,Lipid
Lira,Lyra
Liroepika,Epic poetry
Lisabona,Lisbon
Lisp,Lisp
Literatūra,Literature
Litijs,Lithium
Litosfēra,Lithosphere
Litrs,Litre
Liverpūle,Liverpool
Livonija,Livonia
Lizergīnskābes dietilamīds,Lysergic acid diethylamide
Lizosoma,Lysosome
Lizīns,Lysine
Logaritms,Logarithm
Lohness,Loch Ness
Loki,Loki
Lokālais tīkls,Local area network
Lombardija,Lombardy
Londona,London
Lopkopība,Animal husbandry
Lopu gārnis,Cattle Egret
Losandželosa,Los Angeles
Lozanna,Lausanne
Loģika,Logic
Loģiskais elements,Logic gate
Ložmetējs,Machine gun
Luanda,Luanda
Lucifers,Lucifer
Ludvigs Vitgenšteins,Ludwig Wittgenstein
Ludvigs van Bēthovens,Ludwig van Beethoven
Luidži Pirandello,Luigi Pirandello
Luiziāna,Louisiana
Luksemburga,Luxembourg
Lutēcijs,Lutetium
Luvra,Louvre
Lučāno Pavaroti,Luciano Pavarotti
Lādogas ezers,Lake Ladoga
Lāzers,Laser
Lāču dzimta,Bear
Lēca,Lens
Lībija,Libya
Līdsa,Leeds
Līdzskanis,Consonant
Līdzstrāva,Direct current
Lūiss Ārmstrongs,Louis Armstrong
Lūzuma zona,Fault
M,M
MESSENGER,MESSENGER
MIDI,Musical Instrument Digital Interface
MS-DOS,MS-DOS
Macintosh,Macintosh
Madagaskara,Madagascar
Madonna,Madonna
Madride,Madrid
Magma,Magma
Magnijs,Magnesium
Magnētiskais lauks,Magnetic field
Magriba,Maghreb
Maha skaitlis,Mach number
Maijs,May
Maikls Faradejs,Michael Faraday
Maina,Main
Maize,Bread
Maiņstrāva,Alternating current
Majorka,Majorca
Makartisms,McCarthyism
Makroekonomika,Macroeconomics
Makss Borns,Max Born
Makss Planks,Max Planck
Makss Vēbers,Max Weber
Malaizija,Malaysia
Maldīvija,Maldives
Mali,Mali
Malta,Malta
Maltiešu valoda,Maltese language
Malāvija,Malawi
Mandarīnu valoda,Mandarin
Mangāns,Manganese
Manheima,Mannheim
Manhetena,Manhattan
Manhetenas projekts,Manhattan Project
Manierisms,Mannerism
Manila,Manila
Mančestra,Manchester
Mao Dzeduns,Mao Zedong
Maratons,Marathon
Marduks,Marduk
Margareta Mičela,Margaret Mitchell
Marihuāna,Cannabis
Marija Kirī,Marie Curie
Marke,Marche
Marks Aurēlijs,Marcus Aurelius
Marks Šagāls,Marc Chagall
Marksisms,Marxism
Marmora jūra,Sea of Marmara
Maroka,Morocco
Marsels Dišāns,Marcel Duchamp
Marsels Prusts,Marcel Proust
Marseļa,Marseille
Marss,Mars
Martinika,Martinique
Martins Van Burens,Martin Van Buren
Marts,March
Maršala plāns,Marshall Plan
Masa,Mass
Masačūsetsa,Massachusetts
Masačūsetsas Tehnoloģiskais institūts,Massachusetts Institute of Technology
Maskava,Moscow
Matemātika,Mathematics
Matērija,Matter
Maunaloa,Mauna Loa
Mauritānija,Mauritania
Maurīcija,Mauritius
Mazais Lācis,Ursa Minor
Mazais Suns,Canis Minor
Maču Pikču,Machu Picchu
Maķedonija,Macedonia
Medicīna,Medicine
Medniecība,Hunting
Medus,Honey
Megabaits,Megabyte
Mehiko,Mexico City
Mehānika,Mechanics
Meka,Mecca
Meklētājprogramma,Search engine
Meksika,Mexico
Melanēzija,Melanesia
Melnais caurums,Black hole
Melnais meža strazds,Blackbird
Melnais stārķis,Black Stork
Melnkalne,Montenegro
Melnā jūra,Black Sea
Melnā nāve,Black Death
Melodija,Melody
Mels Gibsons,Mel Gibson
Mena,Maine
Menas Sala,Isle of Man
Mendeļejevijs,Mendelevium
Merilina Monro,Marilyn Monroe
Merkantīlisms,Mercantilism
Merkurs,Mercury
Merovingi,Merovingian
Metadati,Metadata
Metanols,Methanol
Meteoroloģija,Meteorology
Meteoroīds,Meteoroid
Meteoru plūsma,Meteor shower
Meteorīts,Meteorite
Metionīns,Methionine
Metode WYSIWYG,WYSIWYG
Metrs,Metre
Metāls,Metal
Metīda,Metis
Mezolīts,Mesolithic
Mezoni,Meson
Mezosfēra,Mesosphere
Mešheda,Mashhad
Meža kaķis,Wildcat
Mežs,Forest
Mežāzis,Capricornus
Mieži,Barley
Migla,Fog
Mijiedarbība,Fundamental interaction
Mikelandželo,Michelangelo
Mikoloģija,Mycology
Mikrobioloģija,Microbiology
Mikroekonomika,Microeconomics
Mikrofons,Microphone
Mikronēzija,Federated States of Micronesia
Mikronēzija,Micronesia
Mikroorganisms,Microorganism
Mikroskops,Microscope
Mikroskops,Microscopium
Mikroviļņi,Microwave
Milards Filmors,Millard Fillmore
Milimetrs,Millimetre
Militārisms,Military
Miltons Frīdmans,Milton Friedman
Milvoki,Milwaukee
Milzu planēta,Gas giant
Milāna,Milan
Mineraloģija,Mineralogy
Minerāls,Mineral
Minesota,Minnesota
Minhene,Munich
Minimālisms,Minimalism
Minska,Minsk
Minūte,Minute
Mions,Muon
Misisipi,Mississippi River
Misūri,Missouri
Mitohondrijs,Mitochondrion
Mitoloģija,Mythology
Mičigana,Michigan
Mičigans,Lake Michigan
Miķelis,Michael
Mjanma,Burma
Mjanma,Myanmar
Mjurejs Gells-Manns,Murray Gell-Mann
Mnēmosine,Mnemosyne
Mobilais telefons,Mobile phone
Mode,Fashion
Modems,Modem
Modernisms,Modernism
Modulis,Absolute value
Modulācija,Modulation
Mogadiša,Mogadishu
Moldova,Moldova
Molekula,Molecule
Molibdēns,Molybdenum
Molize,Molise
Mols,Mole
Moluski,Mollusca
Monako,Monaco
Monarhija,Monarchy
Monarhijas,Monarchy
Mongolija,Mongolia
Monika Seleša,Monica Seles
Monitors,Computer display
Monopols,Monopoly
Monoteisms,Monotheism
Monreāla,Montreal
Montekarlo,Monte Carlo
Montāna,Montana
Monēta,Coin
Morfoloģija,Morphology
Morfīns,Morphine
Mormona grāmata,Book of Mormon
Morzes kods,Morse code
Morāle,Morality
Mosula,Mosul
Motocikls,Motorcycle
Mozambika,Mozambique
Mozus,Moses
Mošeja,Mosque
Mugurkaulnieki,Vertebrate
Mugurkauls,Vertebral column
Muhameds,Muhammad
Mukoviscidoze,Cystic fibrosis
Multiplikācija,Animation
Multipurpose Internet Mail Extensions,MIME
Mumbaja,Mumbai
Muskuļi,Muscle
Mutes harmonikas,Harmonica
Mutācija,Mutation
Muša,Musca
Mājas zvirbulis,House Sparrow
Mākoņi,Cloud
Māksla,Art
Māksla,Arts
Mākslas vēsture,Art history
Mākslīgais intelekts,Artificial intelligence
Mākslīgais pavadonis,Satellite
Māls,Clay
Mārketings,Marketing
Mārtiņš Luters,Martin Luther
Mārīšu dzimta,Coccinellidae
Māršala Salas,Marshall Islands
Māte Terēze,Mother Teresa
Mēnesis,Month
Mēness,Moon
Mērija Šellija,Mary Shelley
Mērilenda,Maryland
Mērīšana,Measurement
Mūmija,Mummy
Mūzika,Music
Mūzikas instrumenti,Musical instrument
Mūziķis,Musician
N,N
NATO,NATO
NSDAP,Nazi Party
Nacionālais parks,National park
Nacionālisms,Nationalism
Nafta,Petroleum
Nairobi,Nairobi
Nakts,Night
Namībija,Namibia
Nante,Nantes
Naturāls skaitlis,Natural number
Nauda,Money
Nauru,Nauru
Navigācija,Navigation
Neapole,Naples
Neatkarība,Independence
Neatkarīgo Valstu Savienība,Commonwealth of Independent States
Nebraska,Nebraska
Nebukadnecars II,Nebuchadrezzar II
Nedēļa,Week
Neidentificēts lidojošs objekts,Unidentified flying object
Neirons,Neuron
Neitrons,Neutron
Neitronu zvaigzne,Neutron star
Neitrīno,Neutrino
Nekāra,Neckar
Nelsons Mandela,Nelson Mandela
Neodīms,Neodymium
Neolīts,Neolithic
Neons,Neon
Neorganiskā ķīmija,Inorganic chemistry
Nepieciešama atsauce,Fact
Neptūnijs,Neptunium
Neptūns,Neptune
Nepāla,Nepal
Nereīda,Nereid
Nervu sistēma,Nervous system
Nevada,Nevada
Nevienādība,Inequality
Nevils Čemberlens,Neville Chamberlain
Niagāras ūdenskritums,Niagara Falls
Nica,Nice
Nieres,Kidney
Nigēra,Niger
Nigērija,Nigeria
Nijmēgena,Nijmegen
Nikaragva,Nicaragua
Nikola Tesla,Nikola Tesla
Nikolajs Koperniks,Nicolaus Copernicus
Niobijs,Niobium
Nirnberga,Nuremberg
Nitroglicerīns,Nitroglycerin
Niķelis,Nickel
Njasa ezers,Lake Malawi
Njords,Njord
Noams Čomskis,Noam Chomsky
Nobela prēmija,Nobel Prize
Nobēlijs,Nobelium
Nodoklis,Tax
Nokrišņi,Precipitation
Nomadi,Nomad
"Norfolka, Lielbritānija",Norfolk
Norfolkas Sala,Norfolk Island
Normālsadalījums,Normal distribution
Nornas,Norn
Nortjorkšīra,North Yorkshire
Norvēģija,Norway
Norvēģu jūra,Norwegian Sea
Novembris,November
Novosibirska,Novosibirsk
Nozīmju atdalīšana,Disambiguation
Nuakšota,Nouakchott
Nukleīnskābes,Nucleic acid
Nukloni,Nucleon
Nulle,0
Numismātika,Numismatics
Nāciju Sadraudzība,Commonwealth of Nations
Nāra,Mermaid
Nātrija hidroksīds,Sodium hydroxide
Nātrija hlorīds,Sodium chloride
Nātrijs,Sodium
Nāve,Death
Nāves jūra,Dead Sea
Nāvessods,Capital punishment
Nīderlande,Netherlands
Nīderlandes cilvēki,Dutch people
Nīla,Nile
Nīlas krokodils,Nile crocodile
Nīls Ārmstrongs,Neil Armstrong
Nīlss Bors,Niels Bohr
Nīlzirgs,Hippopotamus
O,O
OPEC,OPEC
Oba,Ob River
Obligācija,Bond
Oboja,Oboe
Observatorija,Observatory
Odesa,Odessa
Odins,Odin
Odra,Oder River
Oforts,Etching
Ogists Konts,Auguste Comte
Ogleklis,Carbon
Oglekļa dioksīds,Carbon dioxide
Oglekļa monoksīds,Carbon monoxide
Ogļhidrāti,Carbohydrate
Ogļskābe,Carbonic acid
Ogļūdeņraži,Hydrocarbon
Ohaio,Ohio
Ohotskas jūra,Sea of Okhotsk
Okeanogrāfija,Oceanography
Okeānija,Oceania
Okeāns,Ocean
Oklahoma,Oklahoma
Oksforda,Oxford
Oksidēšanas pakāpe,Oxidation state
Oksīds,Oxide
Oktants,Octans
Oktaviāns,Augustus
Oktobra revolūcija,October Revolution
Oktobris,October
Oktāva,Octave
Olbaltumvielas,Protein
Olborga,Aalborg
Oldess Hakslijs,Aldous Huxley
Oligarhija,Oligarchy
Oligopols,Oligopoly
Olimpiskās spēles,Olympic Games
Olimpiskās spēles,Olympics
Oma likums,Ohm's law
Oms,Ohm
Omska,Omsk
Omāna,Oman
Onomastika,Onomastics
Ontārio ezers,Lake Ontario
Opel,Opel
Opera,Opera
Operete,Operetta
Operētājsistēma,Operating system
Optika,Optics
Oratorija,Oratorio
Orbitālā stacija,Space station
Orbīta,Orbit
Oregona,Oregon
Organiskā ķīmija,Organic chemistry
Organisms,Organism
Orgāni,Organ
Orhūsa,Aarhus
Orions,Orion
Orķestris,Orchestra
Osaka,Osaka
Osama bin Ladens,Osama bin Laden
Oskars Vailds,Oscar Wilde
Oslo,Oslo
Osmans I,Osman I
Osmaņu impērija,Ottoman Empire
Osmijs,Osmium
Osteoporoze,Osteoporosis
Ostrava,Ostrava
Otava,Ottawa
Oto fon Bismarks,Otto von Bismarck
Otrais pasaules karš,World War II
Otrais termodinamikas likums,Second law of thermodynamics
Otrdiena,Tuesday
Overņa,Auvergne
Ovīdijs,Ovid
Ozoli,Oak
Ozons,Ozone
Oņegas ezers,Lake Onega
P,P
PH,PH
Pablo Neruda,Pablo Neruda
Pablo Pikaso,Pablo Picasso
Padomju Savienība,Soviet Union
Pakistāna,Pakistan
Palau,Palau
Paleolīts,Paleolithic
Paleontoloģija,Paleontology
Palermo,Palermo
Palestīna,Palestine
Palestīna,Palestinian National Authority
Pallādijs,Palladium
Pamatkategorijas,Fundamental
Panama,Panama
Panamas kanāls,Panama Canal
Pandēmija,Pandemic
Pankroks,Punk rock
Panteisms,Pantheism
Papua-Jaungvineja,Papua New Guinea
Paradokss,Paradox
Paradīzes Putns,Apus
Paragvaja,Paraguay
Paralakse,Parallax
Paralelograms,Parallelogram
Parastais ozols,Pedunculate Oak
Parastā īve,Taxus baccata
Pareizticība,Eastern Orthodox Church
Parmenīds,Parmenides
Parseks,Parsec
Partenons,Parthenon
Parīze,Paris
Pasaule,World
Pasaules veselības organizācija,World Health Organization
Paskāls,Pascal
Pasts,Mail
Patras,Patras
Patriarhs,Patriarch
Patriks Vaits,Patrick White
Pavasaris,Spring
Paātrinājums,Acceleration
Pašvaldība,Municipality
Pedagoģija,Pedagogy
Pegazs,Pegasus
Pekina,Beijing
Peldēšana,Swimming
Peles,Mouse
Pensilvānija,Pennsylvania
Perestroika,Perestroika
Perma,Perm
Persefone,Persephone
Persejs,Perseus
Peru,Peru
Phenjana,Pyongyang
Phoenix,Phoenix
Piekraste,Coast
Piektdiena,Friday
Piena Ceļš,Milky Way
Piens,Milk
Pienskābe,Lactic acid
Pils,Castle
Pilsēta,Town
Pindars,Pindar
Pingvīnu dzimta,Penguin
Pipins Īsais,Pepin the Short
Pireneji,Pyrenees
Pirmais pasaules karš,World War I
Pirmdiena,Monday
Pirmkods,Source code
Pirmskaitlis,Prime number
Pirmā palīdzība,First aid
Pitagors,Pythagoras
Piza,Pisa
Pjemonta,Piedmont
Pjērs Abelārs,Peter Abelard
Plakantārpi,Flatworm
Planieris,Glider
Planēta,Planet
Platons,Plato
Platība,Area
Platīns,Platinum
Plaukstdators,Personal digital assistant
Plazma,Plasma
Plaģiāts,Plagiarism
Plimuta,Plymouth
Plovdiva,Plovdiv
Plutonijs,Plutonium
Plutons,Pluto
Plzeņa,Pilsen
Plātņu tektonika,Plate tectonics
Plēvspārņu kārta,Hymenoptera
Plīnijs Vecākais,Pliny the Elder
Po,Po River
Podkāsts,Podcast
Pokers,Poker
Polietilēns,Polyethylene
Polija,Poland
Polinoms,Polynomial
Polinēzija,Polynesia
Poliomielīts,Poliomyelitis
Politika,Politics
Politoloģija,Political science
Polonijs,Polonium
Pols Gogēns,Paul Gauguin
Pols Makartnijs,Paul McCartney
Polārlācis,Polar bear
Pompeji,Pompeii
Popmūzika,Pop music
Portmorsbija,Port Moresby
Portofprensa,Port-au-Prince
Portu,Porto
Portugāle,Portugal
Poseidons,Poseidon
Posmkāji,Arthropod
Praja,Praia
Prasmīgais cilvēks,Homo habilis
Prazeodīms,Praseodymium
Premjerministrs,Prime minister
Prezidents,President
Priežu dzimta,Pinaceae
Primāti,Primate
Primāti,Primates
Prizma,Prism
Procents,Percentage
Programmatūra,Computer software
Programmatūra,Software
Programmēšana,Computer programming
Programmēšanas valoda,Programming language
Projekts,Project
Prokariots,Prokaryote
Prometijs,Promethium
Propaganda,Propaganda
Propāns,Propane
Protaktīnijs,Protactinium
Protestantisms,Protestantism
Protons,Proton
Providensa,Providence
Proza,Prose
Prāga,Prague
Prūsija,Prussia
Pseidozinātne,Pseudoscience
Psihoanalīze,Psychoanalysis
Psiholoģija,Psychology
Psihoze,Psychosis
Puertoriko,Puerto Rico
Pulkstenis,Clock
Pulsārs,Pulsar
Puma,Cougar
Pusvadītājs,Semiconductor
Putekšņi,Pollen
Putni,Bird
Pāns,Pan
Pārnova,Supernova
Pāvs,Pavo
Pī,Pi
Pīļknābis,Platypus
Pūķis,Draco
Pūķis,Dragon
Q,Q
R,R
RAID,RAID
RISC,Reduced instruction set computer
Ra,Ra
Rabata,Rabat
Rabīns,Rabbi
Racionāls skaitlis,Rational number
Radio,Radio
Radioteleskops,Radio telescope
Radons,Radon
Rainers Marija Rilke,Rainer Maria Rilke
Ramzess Lielais,Ramesses II
Rasisms,Racism
Raterfords Heiss,Rutherford B. Hayes
Ravalpindi,Rawalpindi
Reformācija,Protestant Reformation
Regbijs,Rugby football
Regejs,Reggae
Reimsa,Reims
Reina,Rhine
Reja,Rhea
Rejs Bredberijs,Ray Bradbury
Reklāma,Advertising
Rektascensija,Right ascension
Relativitātes teorija,Principle of relativity
Relativitātes teorija,Relativity
Relativitātes teorija,Theory of relativity
Relejs,Relay
Reliktstarojums,Cosmic microwave background radiation
Reliģija,Religion
Renesanse,Renaissance
Rentgenstari,X-ray
Republika,Republic
Retoromāņu valoda,Romansh
Revolūcija,Revolution
Rezistors,Resistor
Reāls skaitlis,Real number
Reģions,Region
Ribas,Rib
Ribonukleīnskābe,RNA
Rietumi,West
Rietumsahāra,Western Sahara
Rietumvirdžīnija,West Virginia
Rihards Vāgners,Richard Wagner
Rijāda,Riyadh
Ringo Stārs,Ringo Starr
Riodežaneiro,Rio de Janeiro
Ritenis,Wheel
Ritms,Rhythm
Ričards Niksons,Richard Nixon
Riņķis,Circle
Roalds Amundsens,Roald Amundsen
Roberts Boils,Robert Boyle
Roberts Bērnss,Robert Burns
Roberts De Niro,Robert De Niro
Roberts Hainlains,Robert A. Heinlein
Roberts Luiss Stīvensons,Robert Louis Stevenson
Roberts Milikens,Robert Andrews Millikan
Roberts Openheimers,Robert Oppenheimer
Robots,Robot
Rodailenda,Rhode Island
Rodijs,Rhodium
Rokenrols,Rock and roll
Rokoko,Rococo
Roma,Rome
Romantisms,Romanticism
Romas Katoļu baznīca,Roman Catholic Church
Romas impērija,Roman Empire
Romas pāvests,Pope
Rombs,Rhombus
Romāns,Novel
Ronalds Reigans,Ronald Reagan
Rosa jūra,Ross Sea
Rosario,Rosario
Roterdama,Rotterdam
Roterdamas Erasms,Desiderius Erasmus
Roņu dzimta,Earless seal
Ruanda,Rwanda
Rubīdijs,Rubidium
Rubīns,Ruby
Rudā lapsa,Red Fox
Rumānija,Romania
Rutēnijs,Ruthenium
Rādijs,Radium
Rādiuss,Radius
Rāpuļi,Reptile
Rēnijs,Rhenium
Rīga,Riga
Rīgas jūras līcis,Gulf of Riga
Rūdolfs Dīzels,Rudolf Diesel
Rūpnieciskā revolūcija,Industrial Revolution
Rūpniecība,Industry
Rūzvelts,Roosevelt
S,S
SARS,Severe acute respiratory syndrome
SOS,SOS
Sabiedrība,Society
Sadams Huseins,Saddam Hussein
Safīrs,Sapphire
Sahāras tuksnesis,Sahara
Sakari,Communication
Sakramento,Sacramento
Saksija,Saxony
Sala,Island
Saladīns,Saladin
Saldūdens,Freshwater
Salmans Rušdi,Salman Rushdie
Saloniki,Thessaloniki
Salvadora,El Salvador
Salvadora,Salvador
Samoa,Samoa
Samāra,Samara
Samārijs,Samarium
Sanantonio,San Antonio
Sandjego,San Diego
Sandro Botičelli,Sandro Botticelli
Sanfrancisko,San Francisco
Sanhosē,San Jose
Sanktpēterburga,Saint Petersburg
Sanmarīno,San Marino
Sanskrits,Sanskrit
Santjago,Santiago
Sapfo,Sappho
Saragosa,Zaragoza
Sarajeva,Sarajevo
Saratova,Saratov
Sardīnija,Sardinia
Sareja,Surrey
Sari,Sari
Sarkanā jūra,Red Sea
Sarkanās un Baltās rozes karš,Wars of the Roses
Saskarsme,Communication
Saturns,Saturn
Saule,Sun
Saules aptumsums,Eclipse
Saules aptumsums,Solar eclipse
Saules baterija,Solar cell
Saules sistēma,Solar System
Saules sistēmas iekšējās planētas,Terrestrial planet
Saules vējš,Solar wind
Saulgrieze,Sunflower
Savanna,Savanna
Saūda Arābija,Saudi Arabia
Segsēkļi,Flowering plant
Seismoloģija,Seismology
Seišelu Salas,Seychelles
Seišelu salas,Seychelles
Sekunde,Second
Selēns,Selenium
Semantika,Semantics
Semiotika,Semiotics
Semjuels Kolridžs,Samuel Taylor Coleridge
Senegāla,Senegal
Sengrieķu mitoloģija,Greek mythology
Senie laiki,Ancient history
Senmartēna,Saint Martin
Sentkitsa un Nevisa,Saint Kitts and Nevis
Sentlūsija,Saint Lucia
Sentvinsenta un Grenadīnas,Saint Vincent and the Grenadines
Septembris,September
Serbija,Serbia
Serbija un Melnkalne,Serbia and Montenegro
Sergejs Eizenšteins,Sergei Eisenstein
Serveris,Server
Serīns,Serine
Sestdiena,Saturday
Seula,Seoul
Sevastopole,Sevastopol
Seviļa,Seville
Sešu dienu karš,Six-Day War
Sfēra,Sphere
Sholastika,Scholasticism
Sibīrija,Siberia
Sicīlija,Sicily
Sidhārta Gautama,Gautama Buddha
Sidneja,Sydney
Siekalas,Saliva
Siers,Cheese
Sietla,Seattle
Sigrida Unsete,Sigrid Undset
Sikhisms,Sikhism
Sikspārņi,Bat
Sikspārņi,Bats
Siltums,Heat
Silīcija dioksīds,Silicon dioxide
Silīcijs,Silicon
Simbioze,Symbiosis
Simfonija,Symphony
Simtgadu karš,Hundred Years' War
Sinagoga,Synagogue
Singapūra,Singapore
Sinonīms,Synonym
Sintoisms,Shinto
Sirds,Heart
Sirreālisms,Surrealism
Sistemātika,Systematics
Sistēma,System
Siņdzjana,Xinjiang
Sjerraleone,Sierra Leone
Skaitlis,Number
Skaitļi,Numbers
Skandijs,Scandium
Skandināvija,Scandinavia
Skandināvu mitoloģija,Norse mythology
Skaņa,Sound
Skinhedi,Skinhead
Skolotājs,Teacher
Skopje,Skopje
Skorpioni,Scorpion
Skorpions,Scorpius
Skotija,Scotland
Skriemeļi,Vertebra
Skrimšļzivis,Chondrichthyes
Skudrskābe,Formic acid
Skudru dzimta,Ant
Skvošs,Squash
Skābe,Acid
Skābeklis,Oxygen
Slimība,Disease
Slovākija,Slovakia
Slovēnija,Slovenia
Slāpeklis,Nitrogen
Slāpekļskābe,Nitric acid
Smacenis,Smog
Smadzenes,Brain
Smadzenītes,Cerebellum
Smagais metāls,Heavy metal music
Smaidiņš,Emoticon
Smaragds,Emerald
Smilšu pulkstenis,Hourglass
Smoļenska,Smolensk
Sniegs,Snow
Snūkers,Snooker
Socioloģija,Sociology
Sociālisms,Socialism
Sofija,Sofia
Sofisms,Sophism
Sofokls,Sophocles
Sokrats,Socrates
Solons,Solon
Sols Belovs,Saul Bellow
Somerseta,Somerset
Somija,Finland
Somu līcis,Gulf of Finland
Somālija,Somalia
Sonets,Sonnet
Sonāte,Sonata
Sparta,Sparta
Spiediens,Pressure
Spins,Spin
Spirti,Alcohol
Splita,Split
Spogulis,Mirror
Sports,Sport
Spriegums,Voltage
Spānija,Spain
Spānijas cilvēki,Spanish people
Spānijas pilsoņu karš,Spanish Civil War
Spāru kārta,Odonata
Spēka moments,Torque
Spēks,Force
Spēļu kārtis,Playing card
Stambula,Istanbul
Starptautiskais valūtas fonds,International Monetary Fund
Starptautiskā mērvienību sistēma,International System of Units
Starptautiskās tiesības,International law
Statistika,Statistics
Stavangera,Stavanger
Stegozaurs,Stegosaurus
Steitenailenda,Staten Island
Stenlijs Kubriks,Stanley Kubrick
Steradiāns,Steradian
Sterliņu mārciņa,Pound sterling
Stikls,Glass
Stokholma,Stockholm
Stops,Crossbow
Stounhendža,Stonehenge
Strasbūra,Strasbourg
Stratosfēra,Stratosphere
Stroncijs,Strontium
Strukturālisms,Structuralism
Stub,Stub
Stunda,Hour
Sturmabteilung,Sturmabteilung
Stīvens Hokings,Stephen Hawking
Subkultūra,Subculture
Sublimācija,Sublimation
Sudrabs,Silver
Sudāna,Sudan
Suga,Species
Sumatra,Sumatra
Sumo,Sumo
Suns,Dog
Supermens,Superman
Surinama,Suriname
Suva,Suva
Suņu dzimta,Canidae
Suši,Sushi
Sv. Augustīns,Augustine of Hippo
Svarcelšana,Weightlifting
Svars,Weight
Svastika,Swastika
Svazilenda,Swaziland
Svece,Candle
Sviests,Butter
Svins,Lead
Svārstības,Oscillation
Svētdiena,Sunday
Svētā Romas impērija,Holy Roman Empire
Svētā Sofija,Hagia Sophia
Sālsskābe,Hydrochloric acid
Sārms,Base
Sārmu metāli,Alkali metal
Sēklaugi,Spermatophyte
Sēnes,Fungi
Sēnes,Fungus
Sēnes,Mushroom
Sēra dioksīds,Sulfur dioxide
Sērs,Sulfur
Sērskābe,Sulfuric acid
Sīrija,Syria
Sūknis,Antlia
Sūzena Zontāga,Susan Sontag
T,T
TCP,Transmission Control Protocol
TNT,Trinitrotoluene
TV,Television
Tabaka,Tobacco
Tadžikistāna,Tajikistan
Taisne,Line
Taisngriezis,Rectifier
Taisnstūris,Rectangle
Taivāna,Taiwan
Taizeme,Thailand
Taless,Thales
Talks,Talc
Tallijs,Thallium
Tallina,Tallinn
Talmuds,Talmud
Tampere,Tampere
Tanganjikas ezers,Lake Tanganyika
Tango,Tango
Tantāls,Tantalum
Tanzānija,Tanzania
Tartu,Tartu
Tasmanija,Tasmania
Tasmāna jūra,Tasman Sea
Taukskābe,Fatty acid
Tauriņu kārta,Lepidoptera
Tautu Savienība,League of Nations
Taškenta,Tashkent
Tbilisi,Tbilisi
Teherāna,Tehran
Tehnoloģija,Technology
Tehnēcijs,Technetium
Teksasa,Texas
Telefons,Telephone
Teleskops,Telescope
Teleskops,Telescopium
Televīzija,Television
Telūrs,Tellurium
Temperatūra,Temperature
Templis,Temple
Tenesī,Tennessee
Teniss,Tennis
Teodors Rūzvelts,Theodore Roosevelt
Teoloģija,Theology
Teorija,Theory
Terbijs,Terbium
Teritoriālais tīkls,Wide area network
Termodinamika,Thermodynamics
Terorisms,Terrorism
Teātris,Theatre
Tibeta,Tibet
Tibērijs,Tiberius
Tieslietas,Law
Tigra,Tigris
Tiho Brahe,Tycho Brahe
Tilti,Bridges
Tipogrāfija,Printing
Tips,Phylum
Tiranozaurs,Tyrannosaurus
Tirdzniecība,Commerce
Tirgus,Market
Tirole,Tyrol
Tirāna,Tirana
Tirēnu jūra,Tyrrhenian Sea
Tits Līvijs,Livy
Titāns,Titan
Titāns,Titanium
Tjaņdziņa,Tianjin
Togo,Togo
Tokantinsa,Tocantins
Tokija,Tokyo
Toluols,Toluene
Tomass Džefersons,Thomas Jefferson
Tomass Edisons,Thomas Edison
Tomass Jangs,Thomas Young
Tomass Maltuss,Thomas Malthus
Tomass Manns,Thomas Mann
Tomass Stērnss Eliots,T. S. Eliot
Tonga,Tonga
Tonijs Blērs,Tony Blair
Tonna,Tonne
Topoloģija,Topology
Tora,Torah
Torijs,Thorium
Tornado,Tornado
Toronto,Toronto
Tors,Thor
Toskāna,Tuscany
Totalitārisms,Totalitarianism
Tour de France,Tour de France
Toyota Motor Corporation,Toyota
Trajāns,Trajan
Traktors,Tractor
Tramvajs,Tram
Transformators,Transformer
Transports,Transportation
Tranzistors,Transistor
Trapece,Trapezoid
Traģēdija,Tragedy
Trešdiena,Wednesday
Triceratops,Triceratops
Trigeris,Flip-flop
Trigonometrija,Trigonometry
Trigonometriska funkcija,Trigonometric function
Trikarbonskābju cikls,Citric acid cycle
Trilobīti,Trilobite
Trinidāda,Trinidad
Trinidāda un Tobāgo,Trinidad and Tobago
Triptofāns,Tryptophan
Tritijs,Tritium
Tritons,Triton
Trojas Zirgs,Trojan horse
Trompete,Trumpet
Tronheima,Trondheim
Troposfēra,Troposphere
Tropu josla,Tropics
Trīsstūris,Triangle
Trīsstūris,Triangulum
Trūmena doktrīna,Truman Doctrine
Tukidīds,Thucydides
Tuksnesis,Desert
Tuksneši,Deserts
Tukss,Tux
Tukāns,Tucana
Tulona,Toulon
Tulūza,Toulouse
Tundra,Tundra
Tunelis,Tunnel
Tunikāti,Tunicate
Tunisija,Tunisia
Turcija,Turkey
Turkmenistāna,Turkmenistan
Turīna,Turin
Tuvalu,Tuvalu
Tuvie Austrumi,Middle East
Tvaika dzinējs,Steam engine
Tārpeja,Wormhole
Tēbe,Thebe
Tēja,Tea
Tēlniecība,Sculpture
Tērauds,Steel
Tēvreize,Lord's Prayer
Tīkla topoloģija,Network topology
Tīkliņš,Reticulum
Tīmekļa lappuse,Web page
Tīmekļa pārlūkprogramma,Web browser
Tīmekļa sindikācija,Syndicate
Tīmekļa vietne,Website
Tīmekļa žurnāls,Blog
Tīringene,Thuringia
Tūkstoškāji,Millipede
Tūlijs,Thulium
Tūrisms,Tourism
U,U
UNESCO,UNESCO
UNIX,Unix
Ufa,Ufa
Uganda,Uganda
Uguns,Fire
Uhaņa,Wuhan
Ukraina,Ukraine
Uliss Grānts,Ulysses S. Grant
Ultravioletais starojums,Ultraviolet
Umbrija,Umbria
Ungārija,Hungary
Universitāte,University
Universālais koordinētais laiks,Coordinated Universal Time
Upanišadas,Upanishad
Upe,River
Upsala,Uppsala
Urugvaja,Uruguay
Urāli,Ural Mountains
Urāns,Uranium
Urāns,Uranus
Utrehta,Utrecht
Uzbekistāna,Uzbekistan
Uzņēmums,Corporation
Uzņēmējdarbība,Business
V,V
Vaboles,Beetle
Vaiominga,Wyoming
Vairogdziedzeris,Thyroid
Vaita,Isle of Wight
Vakuola,Vacuole
Vakuums,Vacuum
Valdība,Government
Valensija,Valencia
Valhalla,Valhalla
Valis,Cetus
Valkīras,Valkyrie
Valoda,Language
Valoda SGML,Standard Generalized Markup Language
Valodniecība,Linguistics
Valrieksts,Walnut
Valsts,Kingdom
Valsts,State
Valsts himna,National anthem
Valters Skots,Walter Scott
Valūta,Currency
Vampīrs,Vampire
Vankūvera,Vancouver
Vanuatu,Vanuatu
Vanādijs,Vanadium
Varavīksne,Rainbow
Varbūtība,Probability
Varbūtību teorija,Probability theory
Varna,Varna
Varš,Copper
Varšava,Warsaw
Vaterlo kauja,Battle of Waterloo
Vatikāns,Vatican City
Vats,Watt
Vašingtona,Washington
Vecā Derība,Old Testament
Vedējs,Auriga
Vega,Vega
Veika sala,Wake Island
Veimāra,Weimar
Veimāras republika,Weimar Republic
Vektors,Vector
Velingtona,Wellington
Velosipēds,Bicycle
Velosireptors,Velociraptor
Velsa,Wales
Velsas princis,Prince of Wales
Venecuēla,Venezuela
Veneto,Veneto
Venēcija,Venice
Venēra,Venus
Verdenas kauja,Battle of Verdun
Vergīlijs,Virgil
Verners fon Brauns,Wernher von Braun
Verona,Verona
Versaļas līgums,Treaty of Versailles
Vesels skaitlis,Integer
Veselība,Health
Vestsaseksa,West Sussex
Vezuvs,Mount Vesuvius
Veģetārisms,Vegetarianism
Vide,Environment
Vidusjūra,Mediterranean
Vidusjūra,Mediterranean Sea
Viduslaiki,Middle Ages
Vieglatlētika,Athletics
Viendienīšu kārta,Mayfly
Viendīgļlapji,Monocotyledon
Vienotais resursu vietrādis,Uniform Resource Locator
Vienradzis,Unicorn
Vienības matrica,Identity matrix
Vienšūņi,Protozoa
Vietniekvārds,Pronoun
Vijole,Violin
Vikingi,Viking
Viktorijas ezers,Lake Victoria
Viktors Igo,Victor Hugo
Vilciens,Train
Vilhelms II,William II
Vilhelms Ostvalds,Wilhelm Ostwald
Viljams Batlers Jeitss,William Butler Yeats
Viljams Folkners,William Faulkner
Viljams Harisons,William Henry Harrison
Viljams Hārvejs,William Harvey
Viljams Makinlijs,William McKinley
Viljams Tāfts,William Howard Taft
Viljams Vērdsverts,William Wordsworth
Viljams Šekspīrs,William Shakespeare
Vilks,Gray Wolf
Vilks,Lupus
Vilnis,Wave
Vinsents van Gogs,Vincent van Gogh
Vinstons Čērčils,Winston Churchill
Virdžīnija,Virginia
Virdžīnija Vulfa,Virginia Woolf
Virtuālā realitāte,Virtual reality
Virzulis,Piston
Viršanas temperatūra,Boiling point
Viskonsina,Wisconsin
Viskozitāte,Viscosity
Visla,Vistula
Visu svēto diena,Halloween
Visums,Universe
Vitamīni,Vitamin
Vituss Berings,Vitus Bering
Viļņa,Vilnius
Vjenčana,Vientiane
Vjetnama,Vietnam
Vjetnamas karš,Vietnam War
Vladimirs Nabokovs,Vladimir Nabokov
Vladimirs Putins,Vladimir Putin
Vladivostoka,Vladivostok
Volejbols,Volleyball
Volfgangs Amadejs Mocarts,Wolfgang Amadeus Mozart
Volfgangs Pauli,Wolfgang Pauli
Volframs,Tungsten
Volga,Volga River
Volgograda,Volgograd
Volts,Volt
Volts Disnejs,Walt Disney
Voltērs,Voltaire
Vudro Vilsons,Woodrow Wilson
Vulkanoloģija,Volcanology
Vulkāns,Volcano
Vusteršīra,Worcestershire
Vācija,Germany
Vācijas Demokrātiskā Republika,East Germany
Vācu valoda,German language
Vājā mijiedarbība,Weak interaction
Vāni,Vanir
Vārda brīvība,Freedom of speech
Vārdnīca,Dictionary
Vēja enerģija,Wind power
Vēnas,Vein
Vērmele,Artemisia absinthium
Vērmonta,Vermont
Vērtība,Valence
Vēstnieks,Ambassador
Vēsture,History
Vētra,Storm
Vēzere,Weser River
Vēžveidīgie,Crustacean
Vībotnes,Artemisia
Vīne,Vienna
Vīns,Wine
Vīruss,Virus
Vīsbādene,Wiesbaden
X,X
Y,Y
Z,Z
Zagreba,Zagreb
Zaharijs Teilors,Zachary Taylor
Zalcburga,Salzburg
Zambija,Zambia
Zanzibāra,Zanzibar
Zarīns,Sarin
Zaķis,Lepus
Zaļā mušmire,Amanita phalloides
Zebras,Zebra
Zelta Zivs,Dorado
Zelta vārtu tilts,Golden Gate Bridge
Zelts,Gold
Zeme,Earth
Zemes garoza,Crust
Zemestrīce,Earthquake
Zevs,Zeus
Zibens,Lightning
Ziema,Winter
Ziemas Olimpiskās spēles,Winter Olympic Games
Ziemassvētki,Christmas
Ziemeļamerika,North America
Ziemeļdakota,North Dakota
Ziemeļeiropa,Northern Europe
Ziemeļjūra,North Sea
Ziemeļkarolīna,North Carolina
Ziemeļkoreja,North Korea
Ziemeļpols,North Pole
Ziemeļu Ledus okeāns,Arctic Ocean
Ziemeļu Marianas Salas,Northern Mariana Islands
Ziemeļu Vainags,Corona Borealis
Ziemeļu puslode,Northern Hemisphere
Ziemeļīrija,Northern Ireland
Zigmunds Freids,Sigmund Freud
Zikurāts,Ziggurat
Zilais valis,Blue Whale
Ziloņu dzimta,Elephant
Zimbabve,Zimbabwe
Zinātne,Science
Zinātnieks,Scientist
Zinātniskā fantastika,Science fiction
Zināšanas,Knowledge
Zirgs,Horse
Zirnekļi,Spider
Zivis,Fish
Zivis,Pisces
Zobens,Sword
Zobenvalis,Orca
Zooloģija,Zoology
Zoroastrisms,Zoroastrianism
Zosveidīgie,Anseriformes
Zupa,Soup
Zvaigzne,Star
Zvaigznājs,Constellation
Zviedrija,Sweden
Zvirbuļveidīgie,Passeriformes
Zvīņrāpuļi,Squamata
Zālamana Salas,Solomon Islands
Zālamana salas,Solomon Islands
Zīda ceļš,Silk Road
Zīds,Silk
Zīdītāji,Mammal
iedzimtais grēks,Original sin
latvian,english
Ābols,Apple
Āda,Skin
Ādams Smits,Adam Smith
Ādolfs Hitlers,Adolf Hitler
Āfrika,Africa
Āhene,Aachen
Āpsis,Eurasian Badger
Ārkanzasa,Arkansas
Ārsts,Physician
Ātrums,Speed
Āzija,Asia
Čada,Chad
Čada ezers,Lake Chad
Če Gevara,Che Guevara
Čehija,Czech Republic
Čehoslovākija,Czechoslovakia
Čells,Cello
Čemurzieži,Apiaceae
Čenaja,Chennai
Česters Artūrs,Chester A. Arthur
Četrstūris,Quadrilateral
Čeļabinska,Chelyabinsk
Čikāga,Chicago
Čikāgas universitāte,University of Chicago
Čukču jūra,Chukchi Sea
Čuncjina,Chongqing
Čārlijs Pārkers,Charlie Parker
Čārlzs Darvins,Charles Darwin
Čārlzs Dikenss,Charles Dickens
Čārlzs Pīrss,Charles Peirce
Čārlzs Vilsons,Charles Thomson Rees Wilson
Čīle,Chile
Čūska,Serpens
Čūskas,Snake
Čūsknesis,Ophiuchus
Ērglis,Aquila
Ēri ezers,Lake Erie
Ēteri,Ether
Ētika,Ethics
Ēzops,Aesop
Ēģipte,Egypt
Ģenealoģija,Family history
Ģenealoģija,Genealogy
Ģente,Ghent
Ģenētika,Genetics
Ģeodēzija,Geodesy
Ģeofizika,Geophysics
Ģeogrāfija,Geography
Ģeoloģija,Geology
Ģeometrija,Geometry
Ģeomorfoloģija,Geomorphology
Ģipsis,Gypsum
Ģitāra,Guitar
Īpašības vārds,Adjective
Īrija,Ireland
Īrija,Republic of Ireland
Īrijas cilvēki,Irish people
Īrijas jūra,Irish Sea
Īslande,Iceland
Īstsaseksa,East Sussex
Īzaks Ņūtons,Isaac Newton
Ķecerība,Heresy
Ķelne,Cologne
Ķirbju dzimta,Cucurbitaceae
Ķirurģija,Surgery
Ķirzaka,Lacerta
Ķērpji,Lichen
Ķīmija,Chemistry
Ķīmiskais elements,Chemical element
Ķīmisko elementu periodiskā tabula,Periodic table
Ķīmiskā formula,Chemical formula
Ķīmiskā reakcija,Chemical reaction
Ķīmiskā saite,Chemical bond
Ķīna,People's Republic of China
Ļeņins,Vladimir Lenin
Ļubļana,Ljubljana
Ļubļina,Lublin
Ņikita Hruščovs,Nikita Khrushchev
Ņujorka,New York
Ņujorka,New York City
Ņūdžersija,New Jersey
Ņūhempšīra,New Hampshire
Ņūmeksika,New Mexico
Ņūtons,Newton
Šahs,Chess
Šahs,Shah
Šahāda,Shahadah
Šanhaja,Shanghai
Šariats,Sharia
Šarleruā,Charleroi
Šarls Bodlērs,Charles Baudelaire
Šarls de Golls,Charles de Gaulle
Šaujampulveris,Gunpowder
Šefīlda,Sheffield
Šokolāde,Chocolate
Šprē,Spree
Šrilanka,Sri Lanka
Štutgarte,Stuttgart
Šumera,Sumer
Šveice,Switzerland
Šveices cilvēki,Swiss people
Šķidrums,Liquid
Šķīdums,Solution
Šūna,Cell
Šūnas kodols,Cell nucleus
Šūnas membrāna,Cell membrane
Šūnas organoīdi,Organelle
Ūdens,Water
Ūdensvīrs,Aquarius
Ūdeņradis,Hydrogen
Ūdeņraža peroksīds,Hydrogen peroxide
Ūdeņraža saite,Hydrogen bond
Žaks Kartjē,Jacques Cartier
Žanna d’Arka,Joan of Arc
Žans Pols Sartrs,Jean-Paul Sartre
Žans Žaks Ruso,Jean-Jacques Rousseau
Ženēva,Geneva
Ženēvas ezers,Lake Geneva
Žestu valoda,Sign language
Žils Verns,Jules Verne
Žiroskops,Gyroscope
Žokļaiņi,Gnathostomata
Žurnālistika,Journalism
