Other,English
0,0
1,1
1 Ceres,Ceres
1 Januari,January 1
1 Julai,July 1
1 Mei,May 1
1 November,November 1
1 Ogos,August 1
10,10
100,100
100,100
1000,1000
101,101
105,105
11,11
11,11
11 November,November 11
11 September,September 11
110,110
115,115
12,12
12,12
12 Februari,February 12
12 Oktober,October 12
120,120
125,125
13,13
13,13
130,130
135,135
14,14
14,14
14 April,April 14
14 Februari,February 14
14 Jun,June 14
140,140
144,144
145,145
15,15
15,15
15 Ogos,August 15
150,150
1530-an,1530s
155,155
16,16
16,16
160,160
165,165
17,17
17,17
17 Mac,March 17
17 September,September 17
170,170
1728,1728
175,175
1750-an,1750s
1760-an,1760s
1760-an,1760s
1770-an,1770s
1780-an,1780s
1790-an,1790s
18,18
18,18
180,180
1820-an,1820s
1830-an,1830s
1840-an,1840s
1850-an,1850s
1860-an,1860s
1860-an,1860s
1870-an,1870s
1880-an,1880s
1880-an,1880s
1890-an,1890s
19,19
19,19
19 Januari,January 19
19 Mac,March 19
190,190
1900-an,1900s
1900-an,1900s
1920-an,1920s
1920-an,1920s
1930-an,1930s
1930-an,1930s
1940-an,1940s
1940-an,1940s
1950-an,1950s
1950-an,1950s
1960-an,1960s
1960-an,1960s
1970-an,1970s
1970-an,1970s
1980-an,1980s
1980-an,1980s
1990-an,1990s
1990-an,1990s
2,2
2 Februari,February 2
2 Mac,March 2
2 November,November 2
20,20
20,20
20 Januari,January 20
200,200
21,21
21,21
21 Jun,June 21
22,22
22,22
22 Februari,February 22
23,23
23,23
23 Jun,June 23
24,24
24,24
24 Jun,June 24
24 Mei,May 24
24 Oktober,October 24
25,25
25,25
25 Mac,March 25
26,26
26,26
27,27
27,27
28,28
28,28
29,29
29,29
29 Februari,February 29
29 Jun,June 29
29 September,September 29
3,3
3 Jun,June 3
30,30
30,30
300,300
31,31
31,31
31 Disember,December 31
32,32
32,32
33,33
33,33
34,34
34,34
35,35
35,35
36,36
36,36
37,37
37,37
38,38
38,38
39,39
39,39
4,4
4 Julai,July 4
40,40
40,40
400,400
41,41
41,41
42,42
42,42
43,43
43,43
44,44
45,45
45,45
46,46
46,46
47,47
48,48
49,49
49,49
5,5
5 November,November 5
50,50
50,50
500,500
500,500
51,51
52,52
53,53
54,54
55,55
56,56
57,57
58,58
59,59
6,6
6 Januari,January 6
6 Ogos,August 6
60,60
60,60
61,61
62,62
63,63
64,64
65,65
66,66
67,67
68,68
69,69
7,7
70,70
71,71
72,72
73,73
74,74
75,75
76,76
77,77
78,78
79,79
8,8
8 Disember,December 8
80,80
80,80
81,81
82,82
83,83
84,84
85,85
86,86
87,87
88,88
89,89
9,9
90,90
91,91
92,92
93,93
94,94
95,95
96,96
97,97
98,98
99,99
A,A
A cappella,A cappella
ABC,ABC
AIDS,AIDS
ALGOL,ALGOL
ASCII,American Standard Code for Information Interchange
ATP,ATP
Aachen,Aachen
Abad,Century
Abidjan,Abidjan
Abjad Arab,Arabic alphabet
Abjad Ibrani,Hebrew alphabet
Abjad Yunani,Greek alphabet
Abkhazia,Abkhazia
Abraham,Abraham
Abraham Lincoln,Abraham Lincoln
Abu Ali Al-Hussain Ibn Abdallah Ibn Sina,Avicenna
Abu Dhabi,Abu Dhabi
Abuja,Abuja
Abul Waleed Muhammad Ibn Rushd,Averroes
Accipitridae,Accipitridae
Adam Smith,Adam Smith
Adenina,Adenine
Adenosina trifosfat,Adenosine triphosphate
Adolf Eichmann,Adolf Eichmann
Adolf Hitler,Adolf Hitler
Aerodinamik,Aerodynamics
Afasia,Aphasia
Afghanistan,Afghanistan
Afghanistan,Afghanistan
Afrika,Africa
Afrika,Africa
Afrika Barat,West Africa
Afrika Selatan,South Africa
Afrika Tengah,Central Africa
Afrika Timur,East Africa
Afrika Utara,North Africa
Agama,Religion
Agama,Religion
Agama Buddha,Buddhism
Agama Buddha,Buddhism
Agama Yahudi,Judaism
Agensi Perisikan Pusat,Central Intelligence Agency
Agensi Tenaga Atom Antarabangsa,International Atomic Energy Agency
Agnes Gonxha Bojaxhiu,Mother Teresa
Agra,Agra
Ahad,Sunday
Ahli politik,Politician
Ahlussunnah waljamaah,Sunni Islam
Aikido,Aikido
Air,Water
Air,Water
Air mani,Semen
Air terjun Angel,Angel Falls
Air terjun Victoria,Victoria Falls
Ais,Ice
Aiskrim,Ice cream
Ajal,Death
Ajax,Ajax
Ajax,Ajax
Akar,Root
Akhenaten,Akhenaten
Aktinida,Actinide
Akustik,Acoustics
Al Gore,Al Gore
Al Qaeda,Al-Qaeda
Al-Masih,Messiah
Alabama,Alabama
Alaf,Millennium
Alam semesta,Universe
Alam semula jadi,Nature
Alam semulajadi,Nature
Alan Turing,Alan Turing
Alaska,Alaska
Alat muzik,Musical instrument
Albania,Albania
Albania,Albania
Albert Einstein,Albert Einstein
"Albuquerque, New Mexico",Albuquerque
Alergi,Allergy
Alexander Agung,Alexander the Great
Alexander Graham Bell,Alexander Graham Bell
Alfa,Alpha
Algebra,Algebra
Algebra,Algebra
Algeria,Algeria
Algeria,Algeria
Algiers,Algiers
Algoritma,Algorithm
Alhambra,Alhambra
Ali bin Abi Talib,Ali
Alkana,Alkane
Alkena,Alkene
Alkimia,Alchemy
Alkimia,Alchemy
Alkohol,Alcohol
Alkoholisme,Alcoholism
Alkuna,Alkyne
Allah,Allah
Allosaurus,Allosaurus
Aloi,Alloy
Alotrop,Allotropy
Alsace,Alsace
Altruisme,Altruism
Aluminium,Aluminium
Alvar Aalto,Alvar Aalto
Alzheimer,Alzheimer's disease
Amerika Latin,Latin America
Amerika Selatan,South America
Amerika Selatan,South America
Amerika Syarikat,United States
Amerika Syarikat,United States
Amerika Tengah,Central America
Amerika Tengah,Central America
Amerika Utara,North America
Amerika Utara,North America
Amfetamina,Amphetamine
Amfibia,Amphibian
Amiriah Arab Bersatu,United Arab Emirates
Amiriah Arab Bersatu,United Arab Emirates
Ammonia,Ammonia
Ampai-ampai,Jellyfish
Ampere,Ampere
Amplitud,Amplitude
Amsterdam,Amsterdam
Amun,Amun
Anagram,Anagram
Anarkisme,Anarchism
Anatomi,Anatomy
Andalusia,Andalusia
Anders Celsius,Anders Celsius
Andhra Pradesh,Andhra Pradesh
Andorra,Andorra
Andorra,Andorra
Andrew Jackson,Andrew Jackson
Andrew Johnson,Andrew Johnson
Anestesia,Anesthesia
Anggur,Grape
Angin ahmar,Stroke
Angin suria,Solar wind
Angiosperma,Flowering plant
Angkasawan,Astronaut
Angola,Angola
Angola,Angola
Anguilla,Anguilla
Animasi,Animation
Anime,Anime
Anime,Anime
Animisme,Animism
Anjakan merah,Redshift
Anjing,Dog
Anjing Hutan,Dhole
Anjing laut,Pinniped
Annapolis,Annapolis
Antartika,Antarctica
Antartika,Antarctica
Antena,Antenna
Antibiotik,Antibiotic
Antigua dan Barbuda,Antigua and Barbuda
Antigua dan Barbuda,Antigua and Barbuda
Antillen Belanda,Netherlands Antilles
Antoine Lavoisier,Antoine Lavoisier
Antonim,Antonym
Antropologi,Anthropology
Antropologi,Anthropology
Anugerah Akademi,Academy Award
Aorta,Aorta
Api,Fire
Apia,Apia
April,April
Aquitaine,Aquitaine
Arab,Arab
Arab Saudi,Saudi Arabia
Arab Saudi,Saudi Arabia
Aragon,Aragon
Arak,Alcoholic beverage
Archimedes,Archimedes
Arecaceae,Arecaceae
Argentina,Argentina
Argentina,Argentina
Argon,Argon
Aria,Aria
Arianisme,Arianism
Aristotle,Aristotle
Aritmetik,Arithmetic
Arius,Arius
Arizona,Arizona
Arizona,Arizona
Arkansas,Arkansas
Arkean,Archean
Arkeologi,Archaeology
Arkib,Archive
Armenia,Armenia
Armenia,Armenia
Arteri,Artery
Arthur Conan Doyle,Arthur Conan Doyle
Artik,Arctic
Artileri,Artillery
Artis,Artist
Aruba,Aruba
Arus elektrik,Electric current
Asbut,Smog
Asia,Asia
Asia,Asia
Asia Tenggara,Southeast Asia
Asid,Acid
Asid asetik,Acetic acid
Asid fosforik,Phosphoric acid
Asid hidroklorik,Hydrochloric acid
Asid karboksilik,Carboxylic acid
Asid karbonik,Carbonic acid
Asid nitrik,Nitric acid
Asid nukleik,Nucleic acid
Asid sulfurik,Sulfuric acid
Aspirin,Aspirin
Assam,Assam
Assyria,Assyria
Assyria,Assyria
Astana,Astana
Asteroid,Asteroid
Astrofizik,Astrophysics
Astrofizik,Astrophysics
Astrologi,Astrology
Astrologi,Astrology
Astronomi,Astronomy
Astronomi,Astronomy
Astronomi,Astronomy
Athens,Athens
Atilla,Attila the Hun
Atlantis,Atlantis
Atom,Atom
Auguste Comte,Auguste Comte
Augustus,Augustus
Auns,Ounce
Aurora,Aurora
Australasia,Australasia
Australia,Australia
Australia,Australia
Austria,Austria
Austria,Austria
Austria-Hungary,Austria-Hungary
Autisme,Autism
Auvergne,Auvergne
Avatar,Avatar
Awan,Cloud
Awan Kumulus,Cumulus cloud
Awan Oort,Oort cloud
Ayam,Chicken
Ayatollah,Ayatollah
Ayn Rand,Ayn Rand
Ayunan,Oscillation
Azerbaijan,Azerbaijan
Azerbaijan,Azerbaijan
Aztek,Aztec
B,B
BASIC,BASIC
Babi Hutan,Boar
Backgammon,Backgammon
Badam,Almond
Badan eksekutif,Executive
Badminton,Badminton
Badwi,Bedouin
Baghal,Mule
Baghdad,Baghdad
Bahamas,Bahamas
Bahan antioksida,Antioxidant
Bahan komposit,Composite material
Bahasa,Language
Bahasa Afrikaans,Afrikaans
Bahasa Amhara,Amharic
Bahasa Arab,Arabic language
Bahasa Armenia,Armenian language
Bahasa Esperanto,Esperanto
Bahasa Ido,Ido
Bahasa Inggeris,English language
Bahasa Jerman,German language
Bahasa Kantonis,Cantonese
Bahasa Latin,Latin
Bahasa Malta,Maltese language
Bahasa Mandarin,Mandarin
Bahasa Urdu,Urdu
Bahasa isyarat,Sign language
Bahasa markap,Markup language
Bahasa pengaturcaraan,Programming language
Bahasa pertama,First language
Bahasa pijin,Pidgin
Bahrain,Bahrain
Bahrain,Bahrain
Bait,Byte
Baitulmuqaddis,Jerusalem
Bakteria,Bacteria
Baligh,Puberty
Balkan,Balkans
Bandar,Town
Bandar Raya Ho Chi Minh,Ho Chi Minh City
Bandar Raya Mexico,Mexico City
Bandar raya New York,New York City
Bandul,Pendulum
Bangalore,Bangalore
Bangkok,Bangkok
Bangladesh,Bangladesh
Bangladesh,Bangladesh
Bangunan Empire State,Empire State Building
Banjir,Flood
Bank,Bank
Barbados,Barbados
Barbados,Barbados
Barcelona,Barcelona
Bash,Bash
Basikal,Bicycle
Basilisk,Basilisk
Basra,Basra
Basse-Normandie,Basse-Normandie
Batalion,Battalion
Batman,Batman
Batu,Rock
Batu Rosetta,Rosetta Stone
Batu bata,Brick
Batu-Gunting-Kertas,Rock
Batuan enapan,Sedimentary rock
Batuan metamorfosis,Metamorphic rock
Bawang,Onion
Bawang putih,Garlic
Bayam,Spinach
Becquerel,Becquerel
Beijing,Beijing
Beirut,Beirut
Belanda,Netherlands
Belanda,Netherlands
Belarus,Belarus
Belarus,Belarus
Belgium,Belgium
Belgium,Belgium
Belize,Belize
Belize,Belize
Belut,Eel
Benelux,Benelux
Bengal Barat,West Bengal
Benin,Benin
Benin,Benin
Benito Mussolini,Benito Mussolini
Benjamin Disraeli,Benjamin Disraeli
Benjamin Harrison,Benjamin Harrison
Bentara Ganesha,Ganesha
Benua,Continent
Beras,Rice
Berat,Weight
Berilium,Beryllium
Berlian,Diamond
Berlin,Berlin
Berlin Barat,West Berlin
Bermuda,Bermuda
Beruang,Bear
Beruang kutub,Polar bear
Berus gigi,Toothbrush
Besbol,Baseball
Besi,Iron
Beta,Beta
Bhutan,Bhutan
Bhutan,Bhutan
Biawak Komodo,Komodo dragon
Big Ben,Clock Tower
Bihar,Bihar
Bijirin,Cereal
Bilal,Muezzin
Bill Clinton,Bill Clinton
Bill Gates,Bill Gates
Bima Sakti,Milky Way
Bina badan,Bodybuilding
Bintang,Star
Bintang neutron,Neutron star
Biografi,Biography
Biografi,Biography
Biojisim,Biomass
Biokimia,Biochemistry
Biola,Violin
Biologi,Biology
Biologi,Biology
Biologi,Biology
Biologi skala molekul,Molecular biology
Bioteknologi,Biotechnology
Bir,Beer
Biro Penyiasatan Persekutuan,Federal Bureau of Investigation
Birokrasi,Bureaucracy
Biru,Blue
Bit,Bit
Blitzkrieg,Blitzkrieg
Bloemfontein,Bloemfontein
Blog,Blog
Blues,Blues
Bola,Ball
Bola keranjang,Basketball
Bola keranjang,Basketball
Bola sepak,Football
Bola sepak,Football
Bola tampar,Volleyball
Boletus edulis,Boletus edulis
Bolivia,Bolivia
Bolivia,Bolivia
Bollywood,Bollywood
Bologna,Bologna
Bom petrol,Molotov cocktail
Bom tangan,Hand grenade
Borneo,Borneo
Boron,Boron
Bosnia dan Herzegovina,Bosnia and Herzegovina
Bosnia dan Herzegovina,Bosnia and Herzegovina
Bot,Bot
Botani,Botany
Botani,Botany
Botswana,Botswana
Botswana,Botswana
Bourgogne,Bourgogne
Brahma,Brahma
Braille,Braille
Brazil,Brazil
Brazil,Brazil
Bretagne,Bretagne
Bridgetown,Bridgetown
Briged,Brigade
Brisbane,Brisbane
Bruce Lee,Bruce Lee
Brunei,Brunei
Brunei,Brunei
Brussels,Brussels
Buah,Fruit
Buah,Fruit
Buah pelaga,Cardamom
Buah pinggang,Kidney
Buaya,Crocodile
Bucharest,Bucharest
Budaya,Culture
Budaya,Culture
Buenos Aires,Buenos Aires
Bukan logam,Nonmetal
Bukit Golan,Golan Heights
Buku,Book
Bulan,Moon
Bulatan,Circle
Bulgaria,Bulgaria
Bulgaria,Bulgaria
Bulu pelepah,Feather
Bumi,Earth
Bunga,Flower
Bunga tulip,Tulip
Bunyi,Sound
Burkina Faso,Burkina Faso
Burkina Faso,Burkina Faso
Bursa Saham New York,New York Stock Exchange
Burundi,Burundi
Burung,Bird
Burung Bangau,Cattle Egret
Burung Emu,Emu
Burung Flamingo,Flamingo
Burung Gagak,Crow
Burung Hantu,Owl
Burung Hantu Telinga Panjang,Long-eared Owl
Burung Helang Kembara Hitam,Black Kite
Burung Kakaktua,Cockatoo
Burung Kiwi,Kiwi
Burung Layang-layang Hijrah,Barn Swallow
Burung Pungguk Jelapang,Barn Owl
Burung Unta,Ostrich
Burung helang,Eagle
Burung hud-hud,Hoopoe
Burung layang-layang,Swallow
Busur,Bow
Buta,Blindness
C,C
C,C
COBOL,COBOL
Cacar air,Chickenpox
Cache,Cache
Cacing,Worm
Cacing Gelang,Nematode
Cahaya,Light
Cakera liut,Floppy disk
Cakera padat,Compact Disc
California,California
Calvin Coolidge,Calvin Coolidge
Calvinisme,Calvinism
Cameroon,Cameroon
Cameroon,Cameroon
Canberra,Canberra
Candu,Opium
Cap jari,Fingerprint
Cape Town,Cape Town
Caravaggio,Caravaggio
Caribbean,Caribbean
Carolina Selatan,South Carolina
Carolina Utara,North Carolina
Casus belli,Casus belli
Catalonia,Catalonia
Catherine dari Aragon,Catherine of Aragon
Catullus,Catullus
Catur,Chess
Cecair,Liquid
Cendawan,Mushroom
Cendawan kep kematian,Amanita phalloides
Centre,Centre
Cerberus,Cerberus
Cereka sains,Science fiction
Cermin,Mirror
Chad,Chad
Chad,Chad
Champagne-Ardenne,Champagne-Ardenne
Charlemagne,Charlemagne
Charles Baudelaire,Charles Baudelaire
Charles Darwin,Charles Darwin
Charles Dickens,Charles Dickens
Charles de Gaulle,Charles de Gaulle
"Charles, Putera Wales",Charles
Charmed,Charmed
Che Guevara,Che Guevara
Chennai,Chennai
Chernobyl,Chernobyl
Chester A. Arthur,Chester A. Arthur
Chicago,Chicago
Chile,Chile
Chile,Chile
China,China
Christiaan Huygens,Christiaan Huygens
Christopher Columbus,Christopher Columbus
Cicero,Cicero
Coklat,Chocolate
Colin Powell,Colin Powell
Cologne,Cologne
Colombia,Colombia
Colombia,Colombia
Colorado,Colorado
Comoros,Comoros
Comoros,Comoros
Confucius,Confucius
Congo,Congo
Connecticut,Connecticut
Constantine I,Constantine I
Corse,Corsica
Costa Rica,Costa Rica
Costa Rica,Costa Rica
Croatia,Croatia
Croatia,Croatia
Cuaca,Weather
Cuba,Cuba
Cuba,Cuba
Cukai,Taxation
Curitiba,Curitiba
Cyprus,Cyprus
Cyprus,Cyprus
Czechoslovakia,Czechoslovakia
D,D
DNA,DNA
DSL,Digital subscriber line
DVD,DVD
Dadu,Dice
Daging,Meat
Dakota Selatan,South Dakota
Dakota Utara,North Dakota
Dalai Lama,Dalai Lama
Dam,Draughts
Damsyik,Damascus
Dante Alighieri,Dante Alighieri
Danube,Danube
Dar es Salam,Dar es Salaam
Darah,Blood
Darah tinggi,Hypertension
Darfur,Darfur
Darjah,Degree
Darwin,Darwin
"Darwin, Wilayah Utara",Darwin
Daun,Leaf
Daun Saderi,Celery
Daya,Force
De facto,De facto
Deco,Deco
Definisi,Definition
Deflasi,Deflation
Dekad,Decade
Delaware,Delaware
Delhi,Delhi
Delta,Delta
Demam,Fever
Demam Denggi,Dengue fever
Demam kuning jaundis,Jaundice
Demokrasi,Democracy
Den Haag,The Hague
Deng Xiaoping,Deng Xiaoping
Denmark,Denmark
Denmark,Denmark
Desibel,Decibel
Desmond Tutu,Desmond Tutu
Deuterium,Deuterium
Dewa Hanuman,Hanuman
Dewa Krishna,Krishna
Dewan Perwakilan Amerika Syarikat,United States House of Representatives
Dhaka,Dhaka
Diameter,Diameter
"Diana, Puteri Wales",Diana
Diarea,Diarrhea
Difteria,Diphtheria
Dikotiledon,Dicotyledon
Dinamik,Dynamics
Dinasti Ming,Ming Dynasty
Dinasti Qing,Qing Dynasty
Dinasti Tang,Tang Dynasty
Dinding sel,Cell wall
Dinosaur,Dinosaur
Diocletian,Diocletian
Diod,Diode
Diod pemancar cahaya,Light-emitting diode
Disakarida,Disaccharide
Disember,December
Diskriminasi,Discrimination
Disleksia,Dyslexia
Djibouti,Djibouti
Dmitri Mendeleev,Dmitri Mendeleev
Dodo,Dodo
Doha,Doha
Doktor,Physician
Dokumen,Document
Dolar Amerika Syarikat,United States dollar
Dolfin Hidung Botol,Bottlenose Dolphin
Domain awam,Public domain
Dominika,Dominica
Dominika,Dominica
Don Quixote,Don Quixote
Donald Duck,Donald Duck
Doris Lessing,Doris Lessing
Dortmund,Dortmund
Drama,Drama
Dubai,Dubai
Dunia Baru,New World
Durban,Durban
Dwight D. Eisenhower,Dwight D. Eisenhower
E,E
Ebola,Ebola
Ecuador,Ecuador
Ecuador,Ecuador
Edinburgh,Edinburgh
Edmund Hillary,Edmund Hillary
Einsteinium,Einsteinium
Ekar,Acre
Ekaristi,Eucharist
Ekologi,Ecology
Ekonomi,Economics
Ekonomi,Economics
Ekuinoks,Equinox
El Salvador,El Salvador
El Salvador,El Salvador
Ela,Yard
Elam,Elam
Elektrik,Electricity
Elektrolisis,Electrolysis
Elektrolit,Electrolyte
Elektron,Electron
Elektronik,Electronics
Elektronik,Electronics
Elvis Presley,Elvis Presley
Emas,Gold
Emiliano Zapata,Emiliano Zapata
Emotikon,Emoticon
Empangan,Dam
Empayar Parsi,Persian Empire
Empayar Rom Suci,Holy Roman Empire
Empayar Turki Uthmaniyyah,Ottoman Empire
Emulsi,Emulsion
England,England
Enjin gelintar,Search engine
Enjin wap,Steam engine
Enrico Fermi,Enrico Fermi
Ensiklopedia,Encyclopedia
Entalpi,Enthalpy
Entomologi,Entomology
Enzim,Enzyme
Eon,Eon
Epal,Apple
Epistemologi,Epistemology
Epitelium,Epithelium
Epsilon,Epsilon
Ericales,Ericales
Eris,Eris
Eritrea,Eritrea
Ernest Hemingway,Ernest Hemingway
Ernest Rutherford,Ernest Rutherford
Eropah,Europe
Eropah,Europe
Erwin Rommel,Erwin Rommel
Ester,Ester
Estetik,Aesthetics
Estonia,Estonia
Eta,Eta
Etanol,Ethanol
Etena,Ethylene
Ethernet,Ethernet
Etika,Ethics
Etimologi,Etymology
Etnik,Ethnic group
Euro,Euro
Eutanasia,Euthanasia
Eva Braun,Eva Braun
Excalibur,Excalibur
F,F
FORTRAN,Fortran
Fabaceae,Fabaceae
Fahrenheit,Fahrenheit
Fail komputer,Computer file
Falsafah,Philosophy
Falsafah,Philosophy
Falun Gong,Falun Gong
Famili,Family
Fanerozoik,Phanerozoic
Faraj,Vagina
Farmakologi,Pharmacology
Fasisme,Fascism
Fatah,Fatah
Fauna,Fauna
Februari,February
Feminisme,Feminism
Feng shui,Feng shui
Ferdinand Magellan,Ferdinand Magellan
Feri,Ferry
Feudalisme,Feudalism
Fi,Phi
Fidel Castro,Fidel Castro
Fiji,Fiji
Fiji,Fiji
Filateli,Philately
Filateli,Philately
Filem,Film
Filem,Film
Filipina,Philippines
Filipina,Philippines
Filum,Phylum
Finland,Finland
Finland,Finland
Firaun,Pharaoh
Fisiologi,Physiology
Fizik,Physics
Fizik,Physics
Fizik,Physics
Fizik atom,Atomic physics
Fizik nuklear,Nuclear physics
Fizik zarah,Particle physics
Florence Nightingale,Florence Nightingale
Florida,Florida
Fonem,Phoneme
Fonetik,Phonetics
Fosfat,Phosphate
Fosforus,Phosphorus
Fotografi,Photography
Fotografi digital,Digital photography
Foton,Photon
Fotosintesis,Photosynthesis
Francis Drake,Francis Drake
Francisco Franco,Francisco Franco
Frankfurt,Frankfurt
Franklin Pierce,Franklin Pierce
Fransium,Francium
Franz Kafka,Franz Kafka
Freeware,Freeware
Frekuensi,Frequency
Friedrich Engels,Friedrich Engels
Fruktosa,Fructose
Fundamentalisme,Fundamentalism
G,G
GNU,GNU
Gabon,Gabon
Gabon,Gabon
Gaetano Donizetti,Gaetano Donizetti
Gajah,Elephant
Galaksi,Galaxy
Galicia,Galicia
Galileo Galilei,Galileo Galilei
Gama,Gamma
Gamal Abdel Nasser,Gamal Abdel Nasser
Gamat,Sea cucumber
Gambia,The Gambia
Gambia,The Gambia
Gangsa,Bronze
Ganja,Cannabis
Gansu,Gansu
Garam,Salt
Garfield,Garfield
Garis Maginot,Maginot Line
Garisan Tarikh Antarabangsa,International Date Line
Garpu,Fork
Gas,Gas
Gas adi,Noble gas
Gas asli,Natural gas
Gaul,Gaul
Gautama Buddha,Gautama Buddha
Gay,Gay
Gaza,Gaza Strip
Geisha,Geisha
Gelombang,Wave
Gempa bumi,Earthquake
Gen,Gene
Genetik,Genetics
Genetik,Genetics
Geneva,Geneva
Genoa,Genoa
Genom,Genome
Genus,Genus
Geodesi,Geodesy
Geofizik,Geophysics
Geografi,Geography
Geografi,Geography
Geografi,Geography
Geologi,Geology
Geometri,Geometry
Geometri,Geometry
Geopolitik,Geopolitics
Georg Friedrich Händel,George Frideric Handel
George Lucas,George Lucas
George Orwell,George Orwell
George W. Bush,George W. Bush
George Washington,George Washington
Georges Bizet,Georges Bizet
Georgia,Georgia
Georgia,Georgia
"Georgia, Amerika Syarikat",Georgia
Gerald Ford,Gerald Ford
Gerard Kuiper,Gerard Kuiper
Gereja Katolik Rom,Roman Catholic Church
Gergasi gas,Gas giant
Gerhana,Eclipse
Gerhana bulan,Lunar eclipse
Gerhana matahari,Solar eclipse
Germanium,Germanium
Geseran,Friction
Get logik,Logic gate
Ghana,Ghana
Ghana,Ghana
Giacomo Puccini,Giacomo Puccini
Gibraltar,Gibraltar
Gigabait,Gigabyte
Gimnastik,Gymnastics
Gitar,Guitar
Giuseppe Verdi,Giuseppe Verdi
Giza,Giza
Glasgow,Glasgow
Glasier,Glacier
Glikogen,Glycogen
Globalisasi,Globalization
Glukagon,Glucagon
Glukosa,Glucose
Gnostikisme,Gnosticism
Go,Go
Goa,Goa
Golf,Golf
Golf,Golf
Gonggok,Millipede
Google,Google
Google,Google
Gout,Arthritis
Gout,Gout
Grand Canyon,Grand Canyon
Graviti,Gravitation
Greece,Greece
Greece,Greece
Greenland,Greenland
Grenada,Grenada
Grover Cleveland,Grover Cleveland
Gua,Cave
Guadeloupe,Guadeloupe
Guam,Guam
Guangdong,Guangdong
Guangzhou,Guangzhou
Guatemala,Guatemala
Guayaquil,Guayaquil
Guernsey,Guernsey
Guinea,Guinea
Guinea Khatulistiwa,Equatorial Guinea
Guinea Khatulistiwa,Equatorial Guinea
Guinea-Bissau,Guinea-Bissau
Guinea-Bissau,Guinea-Bissau
Gujarat,Gujarat
Gula,Sugar
Gula-gula getah,Chewing gum
Gunting,Scissors
Gunung,Mountain
Gunung Aconcagua,Aconcagua
Gunung Everest,Mount Everest
Gunung Fuji,Mount Fuji
Gunung berapi,Volcano
Guru,Teacher
Gurun Namib,Namib Desert
Guyana,Guyana
H,H
HTML,HTML
HTTP,Hypertext Transfer Protocol
Habsyah,Ethiopia
Habsyah,Ethiopia
Hadean,Hadean
Hadiah Nobel,Nobel Prize
Hadiah Nobel,Nobel Prize
Hadis,Hadith
Hagia Sophia,Hagia Sophia
Haifa,Haifa
Haiku,Haiku
Haiti,Haiti
Haiti,Haiti
Haiwan,Animal
Haiwan paus,Cetacea
Haji,Hajj
Hak cipta,Copyright
Halaju,Velocity
Halaju sudut,Angular velocity
Halal,Halal
Halba,Fenugreek
Halloween,Halloween
Halogen,Halogen
Hamas,Hamas
Hamburger,Hamburger
Hanoi,Hanoi
Hanover,Hanover
Hans Christian Andersen,Hans Christian Andersen
Hantu,Ghost
Hanukkah,Hanukkah
Harakiri,Seppuku
Harem,Harem
Hari,Day
Hari April Fool,April Fools' Day
Hari Ibu,Mother's Day
Hari Kesyukuran,Thanksgiving
Hari Kesyukuran,Thanksgiving
Hari Kesyukuran,Thanksgiving
Hari Kesyukuran,Thanksgiving
Hari Valentine,Valentine's Day
Hari perayaan,Holiday
Harimau,Tiger
Harimau Bintang,Leopard
Harta intelek,Intellectual property
Haute-Normandie,Haute-Normandie
Havana,Havana
Hawaii,Hawaii
Hebei,Hebei
Hedonisme,Hedonism
Heinrich Hertz,Heinrich Hertz
Heksagon,Hexagon
Hektar,Hectare
Helikopter,Helicopter
Helium,Helium
Helsinki,Helsinki
Hemisfera Selatan,Southern Hemisphere
Hemisfera Utara,Northern Hemisphere
Hemoglobin,Hemoglobin
Henry Ford,Henry Ford
Herat,Herat
Herbert Hoover,Herbert Hoover
Herodotus,Herodotus
Heroin,Heroin
Hertz,Hertz
Hesse,Hesse
Hiburan,Entertainment
Hidroelektrik,Hydroelectricity
Hidrogen,Hydrogen
Hidrokarbon,Hydrocarbon
Hidrologi,Hydrology
Hidung,Nose
Hidupan,Life
Hijau,Green
Himalaya,Himalayas
Hinduisme,Hinduism
Hinduisme,Hinduism
Hipotesis,Hypothesis
Hippocrates,Hippocrates
Hirohito,Hirohito
Histologi,Histology
Hitam,Black
Hizbullah,Hezbollah
Hobart,Hobart
Hobi,Hobby
Hoki,Field hockey
Hollywood,Hollywood
Holy Grail,Holy Grail
Homeostasis,Homeostasis
Homer,Homer
Homo erectus,Homo erectus
Homoseksual,Homosexuality
Honduras,Honduras
Honduras,Honduras
Hong Kong,Hong Kong
Hong Kong,Hong Kong
Honiara,Honiara
Horatio Nelson,Horatio Nelson
Horizon,Horizon
Hormon,Hormone
Horoskop,Horoscope
Hosni Mubarak,Hosni Mubarak
Hospital,Hospital
Hubungan seks,Sexual intercourse
Hugh Capet dari Perancis,Hugh Capet
Hujan,Rain
Hujan asid,Acid rain
Hukum Avogadro,Avogadro's law
Hukum Ohm,Ohm's law
Hukuman mati,Capital punishment
Humus,Humus
Hunan,Hunan
Hungary,Hungary
Hungary,Hungary
Huruf Cyril,Cyrillic alphabet
Huruf Rumi,Latin alphabet
Huruf Yunani,Greek alphabet
Hutan,Forest
"Hyderabad, Andhra Pradesh",Hyderabad
Hyperion,Hyperion
I,I
IPod,IPod
Iapetus,Iapetus
Ibu negara,Capital
Ibuprofen,Ibuprofen
Iceland,Iceland
Iceland,Iceland
Idaho,Idaho
Ideologi,Ideology
Ikan,Fish
Ikan,Fish
Ikan Keli,Catfish
Ikan duyung,Mermaid
Ikan paus,Whale
Ikan yu,Shark
Ikatan kimia,Chemical bond
Iklan,Advertising
Iklim,Climate
Iklim,Climate
Iliad,Iliad
Illinois,Illinois
Illyas,Elijah
Imam,Imam
Immanuel Kant,Immanuel Kant
Immunologi,Immunology
Imperialisme,Imperialism
Inci,Inch
Index Jisim Badan,Body mass index
India,India
India,India
Indiana,Indiana
Indira Gandhi,Indira Gandhi
Indonesia,Indonesia
Indonesia,Indonesia
Induktans,Inductance
Industri,Industry
Inersia,Inertia
Inflasi,Inflation
Influenza,Influenza
Infrastruktur,Infrastructure
Ingatan baca sahaja,Read-only memory
Ingatan capaian rawak,Random access memory
Ingatan kilat,Flash memory
Injil Genesis,Genesis
Institusi,Institution
Insulin,Insulin
Insurans,Insurance
Internet,Internet
Internet,Internet
Internet Explorer,Internet Explorer
Inti,Kernel
Intranet,Intranet
Invertebrat,Invertebrate
Io,Io
Ion,Ion
Iota,Iota
Iowa,Iowa
Iran,Iran
Iran,Iran
Iraq,Iraq
Iraq,Iraq
Ireland,Republic of Ireland
Ireland,Republic of Ireland
Ireland Utara,Northern Ireland
Isaac Asimov,Isaac Asimov
Isaac Newton,Isaac Newton
Isfahan,Esfahan
Isi padu,Volume
Iskandariah,Alexandria
Islam,Islam
Islam,Islam
Islamabad,Islamabad
Isle of Man,Isle of Man
Isnin,Monday
Isomer,Isomer
Isoroku Yamamoto,Isoroku Yamamoto
Isotop,Isotope
Israel,Israel
Israel,Israel
Istana Buckingham,Buckingham Palace
Istana Versailles,Palace of Versailles
Istanbul,Istanbul
Itali,Italy
Itali,Italy
Itik,Duck
J,J
Jacques Cartier,Jacques Cartier
Jadual berkala,Periodic table
Jainisme,Jainism
Jakarta,Jakarta
Jalalabad,Jalalabad
Jalan raya,Road
Jam matahari,Sundial
Jamaica,Jamaica
Jamaika,Jamaica
Jambatan,Bridge
James Buchanan,James Buchanan
James Cook,James Cook
James Garfield,James A. Garfield
James K. Polk,James K. Polk
James Madison,James Madison
James Monroe,James Monroe
James Prescott Joule,James Prescott Joule
Jammu dan Kashmir,Jammu and Kashmir
Jane Austen,Jane Austen
Jantung,Heart
Januari,January
Jarak,Distance
Jaringan Sejagat,World Wide Web
Jasad Golgi,Golgi apparatus
Java,Java
Jawa,Java
Jawaharlal Nehru,Jawaharlal Nehru
Jeanne d'Arc,Joan of Arc
Jed,Jade
Jeddah,Jeddah
Jeneral,General Officer
Jepun,Japan
Jepun,Japan
Jerawat,Acne vulgaris
Jerman,Germany
Jerman,Germany
Jerman Nazi,Nazi Germany
Jerman Timur,East Germany
Jersi,Jersey
Jesus Christ,Jesus
Jihad,Jihad
Jimmy Carter,Jimmy Carter
Jin,Genie
Jingga,Orange
Jintan manis,Anise
Jirim,Matter
Jisim,Mass
Jisim atom/Jadual,Atomic mass
Johann Sebastian Bach,Johann Sebastian Bach
Johann Wolfgang von Goethe,Johann Wolfgang von Goethe
Johannes Gutenberg,Johannes Gutenberg
Johannesburg,Johannesburg
John Adams,John Adams
John Dalton,John Dalton
John Lennon,John Lennon
John Major,John Major
John Pembaptis,John the Baptist
John Quincy Adams,John Quincy Adams
John Tyler,John Tyler
Jordan,Jordan
Jordan,Jordan
Joseph Priestley,Joseph Priestley
Joseph Stalin,Joseph Stalin
Joule,Joule
Judi,Gambling
Judo,Judo
Julai,July
Julius Caesar,Julius Caesar
Jumaat,Friday
Jun,June
K,K
Kaabah,Kaaba
Kabul,Kabul
Kabut,Fog
Kaca,Glass
Kacang,Nut
Kacang Tanah,Peanut
Kaedah saintifik,Scientific method
Kafeina,Caffeine
Kaherah,Cairo
Kaki,Foot
Kala jadual berkala,Period
Kaldera,Caldera
Kalendar Gregory,Gregorian calendar
Kalium,Potassium
Kalkulus,Calculus
Kalori,Calorie
Kalsium,Calcium
Kambing,Goat
Kamera,Camera
Kampung,Village
Kamus,Dictionary
Kanada,Canada
Kanada,Canada
Kanak-kanak,Child
Kancing gigi,Tetanus
Kandahar,Kandahar
Kandela,Candela
Kanggaru,Kangaroo
Kanji,Starch
Kansas,Kansas
Kanta,Lens
Kanta pembesar,Magnifying glass
Kantata,Cantata
Kapa,Kappa
Kapak,Axe
Kapal,Ship
Kapal angkasa lepas,Spacecraft
Kapal pembinasa,Destroyer
Kapal pengangkut pesawat,Aircraft carrier
Kapal perang,Battleship
Kapal selam,Submarine
Kapasitans,Capacitance
Kapasitor,Capacitor
Kapitalisme,Capitalism
Karachi,Karachi
Karaoke,Karaoke
Karate,Karate
Karbohidrat,Carbohydrate
Karbon,Carbon
Karbon dioksida,Carbon dioxide
Karburetor,Carburetor
Kari,Curry
Karl Marx,Karl Marx
Karma,Karma
Karnataka,Karnataka
Kasino,Casino
Kata laluan,Password
Kata seru,Interjection
Kata sifat,Adjective
Katak,Frog
Kataphract,Cataphract
Katarak,Cataract
Kathmandu,Kathmandu
Katowice,Katowice
Kawalan kelahiran,Birth control
Kayak,Kayak
Kayu,Wood
Kayu ria,Joystick
Kazakhstan,Kazakhstan
Kazakhstan,Kazakhstan
Keapungan,Buoyancy
Kebahagiaan,Happiness
Kebenaran,Truth
Kecerdasan buatan,Artificial intelligence
Kecerdasan buatan,Artificial intelligence
Kedai makan,Restaurant
Kedaulatan,Sovereignty
Keelektromagnetan,Electromagnetism
Kegunaan wajar,Fair use
Keju,Cheese
Kejuruteraan,Engineering
Kejuruteraan kimia,Chemical engineering
Kejuruteraan mekanik,Mechanical engineering
Kelabu,Grey
Kelajuan cahaya,Speed of light
Kelas,Class
Kelawar,Bat
Kelawar,Bats
Kelawat,Gibbon
Kelentit,Clitoris
Kelikatan,Viscosity
Keluarga Zirafah,Giraffidae
Keluasan,Area
Keluli,Steel
Keluli tahan karat,Stainless steel
Kelvin,Kelvin
Kemboja,Cambodia
Kemboja,Cambodia
Kemerdekaan,Independence
Kemingkinan,Probability
Kemiskinan,Poverty
Kemoterapi,Chemotherapy
Kemurungan,Clinical depression
Kentucky,Kentucky
Kenya,Kenya
Kenya,Kenya
Kepala,Head
Kepulauan Baleares,Balearic Islands
Kepulauan Canary,Canary Islands
Kepulauan Cayman,Cayman Islands
Kepulauan Cocos,Cocos  Islands
Kepulauan Falkland,Falkland Islands
Kepulauan Faroe,Faroe Islands
Kepulauan Mariana Utara,Northern Mariana Islands
Kepulauan Marshall,Marshall Islands
Kepulauan Marshall,Marshall Islands
Kepulauan Solomon,Solomon Islands
Kepulauan Virgin Amerika Syarikat,United States Virgin Islands
Kepulauan Virgin British,British Virgin Islands
Keradangan,Inflammation
Kerajaan,Government
Kerak bumi,Crust
Kerakyatan,Citizenship
Kerelatifan,Relativity
Kerelatifan khas,Special relativity
Kereta,Automobile
Kereta api,Train
Kereta kebal,Tank
Kerusi,Chair
Kesan rumah hijau,Greenhouse effect
Kesatuan Eropah,European Union
Kesatuan Eropah,European Union
Kesatuan Republik Sosialis Soviet,Soviet Union
Kesihatan,Health
Kesihatan,Health
Kesuperkonduksian,Superconductivity
Kesusasteraan,Literature
Kesusasteraan,Literature
Ketam,Crab
Keton,Ketone
Ketuat,Wart
Ketumbar,Coriander
Ketumpatan,Density
Kewangan,Finance
Kewangan,Finance
Khalifah,Caliph
Khamis,Thursday
Khatan,Circumcision
Khatulistiwa,Equator
Khi,Chi
Khilafah,Caliphate
Khufu,Khufu
Kilat,Lightning
Kilogram,Kilogram
Kilometer sejam,Kilometres per hour
Kimia,Chemistry
Kimia,Chemistry
Kimia fizik,Physical chemistry
Kimia organik,Organic chemistry
Kimia tak organik,Inorganic chemistry
Kimono,Kimono
Kimpalan,Welding
Kincir angin,Windmill
Kinematik,Kinematics
Kinshasa,Kinshasa
Kiribati,Kiribati
Kiribati,Kiribati
Kitab Bible,Bible
Kitar Krebs,Citric acid cycle
Klimatologi,Climatology
Klorin,Chlorine
Klorofil,Chlorophyll
Kloroplas,Chloroplast
Knesset,Knesset
Kobe,Kobe
Kod Morse,Morse code
Kod sumber,Source code
Kodeina,Codeine
Koir,Choir
Kokaina,Cocaine
Kolesterol,Cholesterol
Kolkata,Kolkata
Koma-koma,Saffron
Komanwel Negara-negara Merdeka,Commonwealth of Independent States
Komedi,Comedy
Komet,Comet
Kompas,Compass
Kompeni,Company
Komputer,Computer
Komputer riba,Laptop
Komunikasi,Communication
Komunikasi,Communication
Komunisme,Communism
Komunisme,Communism
Kondom,Condom
Konduktor muzik,Conducting
Konflik,Conflict
Konfusianisme,Confucianism
Konkrit,Concrete
Kopi,Coffee
Kopi,Coffee
Kordata,Chordate
Korea,Korea
Korea,Korea
Korea Selatan,South Korea
Korea Selatan,South Korea
Korea Utara,North Korea
Korea Utara,North Korea
Kosovo,Kosovo
Kota Vatican,Vatican City
Kota Vatican,Vatican City
Kotamadya,Municipality
Krakatau,Krakatoa
Kriptografi,Cryptography
Kriptografi,Cryptography
Kripton,Krypton
Krismas,Christmas
Krismas,Christmas
Kristian,Christianity
Kristian,Christianity
Kromatografi,Chromatography
Kromium,Chromium
Kromosom,Chromosome
Ku Klux Klan,Ku Klux Klan
Kuala Lumpur,Kuala Lumpur
Kuarantin,Quarantine
Kuark,Quark
Kuarza,Quartz
Kuasa,Power
Kuasa kuda,Horsepower
Kuasa suria,Solar energy
Kubah,Dome
Kucing,Cat
Kuda Troy,Trojan horse
Kuda belang,Zebra
Kuil Artemis,Temple of Artemis
Kulat,Fungus
Kulit,Skin
Kumbang,Beetle
Kung Fu,Kung fu
Kuning,Yellow
Kuomintang,Kuomintang
Kurdistan,Kurdistan
Kurt Waldheim,Kurt Waldheim
Kurusy Agung,Cyrus the Great
Kutu,Flea
Kutub Selatan,South Pole
Kuwait,Kuwait
Kuwait,Kuwait
Kyrgyzstan,Kyrgyzstan
Kyrgyzstan,Kyrgyzstan
L,L
LAMP,LAMP
LISP,Lisp
La Paz,La Paz
LaTeX,LaTeX
Labah-labah,Spider
Lagos,Lagos
Lagu,Song
Lagu Kedaerahan,Folk music
Lagu kebangsaan,National anthem
Lahore,Lahore
Laissez-faire,Laissez-faire
Laju,Speed
Laksamana,Admiral
Lakshmi,Lakshmi
Laktosa,Lactose
Laku musnah,Vandalism
Lambda,Lambda
Lamiaceae,Lamiaceae
Languedoc-Roussillon,Languedoc-Roussillon
Lantanida,Lanthanide
Laos,Laos
Laos,Laos
Lapangan terbang,Airport
Lapisan ozon,Ozone layer
"Las Vegas, Nevada",Las Vegas
Laser,Laser
Latvia,Latvia
Latvia,Latvia
Laut,Sea
Laut Andaman,Andaman Sea
Laut Bering,Bering Sea
Laut Caribbean,Caribbean Sea
Laut China Selatan,South China Sea
Laut Hitam,Black Sea
Laut Laptev,Laptev Sea
Laut Mati,Dead Sea
Laut Mediterranean,Mediterranean Sea
Laut Merah,Red Sea
Laut Utara,North Sea
Lautan,Ocean
Lautan Artik,Arctic Ocean
Lautan Atlantik,Atlantic Ocean
Lautan Hindi,Indian Ocean
Lautan Hindi,Indian Ocean
Lautan Pasifik,Pacific Ocean
Lava,Lava
Layang-layang,Kite
Le Corbusier,Le Corbusier
Lebah,Bee
Lee Harvey Oswald,Lee Harvey Oswald
Leftenan,Lieutenant
Legislatif,Legislature
Lego,Lego
Leipzig,Leipzig
Lemah tenaga batin,Erectile dysfunction
Lembing,Spear
Lembu,Cattle
Leon Trotsky,Leon Trotsky
Leonardo Da Vinci,Leonardo da Vinci
Lesotho,Lesotho
Lesotho,Lesotho
Letupan Besar,Big Bang
Leukemia,Leukemia
Lhasa,Lhasa
Liberalisme,Liberalism
Liberia,Liberia
Libreto,Libretto
Libya,Libya
Libya,Libya
Lidah,Tongue
Liechtenstein,Liechtenstein
Liechtenstein,Liechtenstein
Lif,Elevator
Liga Arab,Arab League
Liga Bangsa,League of Nations
Lilin,Candle
Lima,Lima
Limau mandarin,Mandarin orange
Limnologi,Limnology
Limousin,Limousin
Lingkaran Kuiper,Kuiper belt
Linguistik,Linguistics
Linguistik pengiraan,Computational linguistics
Linux,Linux
Linux,Linux
Lipas,Cockroach
Lisbon,Lisbon
Litar bersepadu,Integrated circuit
Liter,Litre
Lithuania,Lithuania
Lithuania,Lithuania
Litium,Lithium
Liverpool,Liverpool
Lobak merah,Carrot
Logam,Metal
Logam alkali,Alkali metal
Logaritma,Logarithm
Logik,Logic
Logo,Logo
Lohong hitam,Black hole
Lompat jauh,Long jump
London,London
Lori,Truck
Lorraine,Lorraine
Los Angeles,Los Angeles
Louis Braille,Louis Braille
Louis Pasteur,Louis Pasteur
Louisiana,Louisiana
Lubnan,Lebanon
Lubnan,Lebanon
Luciano Pavarotti,Luciano Pavarotti
Ludwig van Beethoven,Ludwig van Beethoven
Lumen,Lumen
Lux,Lux
Luxembourg,Luxembourg
Luxembourg,Luxembourg
MRI,Magnetic resonance imaging
MS-DOS,MS-DOS
Mac,March
Macau,Macau
Madagaskar,Madagascar
Madagaskar,Madagascar
Madeira,Madeira
Madinah al-Munawwarah,Medina
Madrid,Madrid
Madrid,Madrid
Mafia,Mafia
Maghribi,Morocco
Maging,Carnivore
Magma,Magma
Magna Carta,Magna Carta
Magnesium,Magnesium
Magnitud mutlak,Absolute magnitude
Magnoliopsida,Magnoliopsida
Maharashtra,Maharashtra
Mahatma Gandhi,Mahatma Gandhi
Mahkamah Keadilan Antarabangsa,International Court of Justice
Maine,Maine
Majalah,Magazine
Majusi,Zoroastrianism
Makkah al-Mukarramah,Mecca
Maklumat,Information
Malaikat,Angel
Malaikat Jibril,Gabriel
Malaikat Mikail,Michael
Malaria,Malaria
Malawi,Malawi
Malaysia,Malaysia
Malaysia,Malaysia
Malcolm X,Malcolm X
Maldives,Maldives
Maldives,Maldives
Mali,Mali
Mali,Mali
Malta,Malta
Malta,Malta
Maltosa,Maltose
Mamalia,Mammal
Managua,Managua
Manama,Manama
Manatee,Manatee
Manchester,Manchester
Mancis,Match
Manila,Manila
Manipur,Manipur
Manusia,Human
Mao Zedong,Mao Zedong
Maoisme,Maoism
Maraton,Marathon
Marco Polo,Marco Polo
Marcus Antonius,Mark Antony
Marcus Junius Brutus,Marcus Junius Brutus
Margaret Mitchell,Margaret Mitchell
Margaret Thatcher,Margaret Thatcher
Maria Callas,Maria Callas
Marilyn Monroe,Marilyn Monroe
Mark Twain,Mark Twain
Martin Luther,Martin Luther
Martin Luther King,Martin Luther King
Martin Van Buren,Martin Van Buren
Marxisme,Marxism
Mary Wollstonecraft,Mary Wollstonecraft
Maryland,Maryland
Masa,Time
Masa,Time
Mashad,Mashhad
Masjid,Mosque
Massachusetts,Massachusetts
Masyarakat,Society
Mata,Eye
Mata Hari,Mata Hari
Mata wang,Currency
Mata wang,Currency
Matahari,Sun
Matematik,Mathematics
Matematik,Mathematics
Matematik,Mathematics
Matriks,Matrix
Mauritania,Mauritania
Mauritania,Mauritania
Mauritius,Mauritius
Mauritius,Mauritius
Maut Hitam,Black Death
Mayonis,Mayonnaise
Mazhab Gereja England,Church of England
Mei,May
Meiosis,Meiosis
Meja,Table
Mekanik bendalir,Fluid mechanics
Mekanik klasik,Classical mechanics
Mekanik kuantum,Quantum mechanics
Mekanik statistik,Statistical mechanics
Mel elektronik,E-mail
Melodi,Melody
Membran plasma,Cell membrane
Menachem Begin,Menachem Begin
Menara,Tower
Menara Eiffel,Eiffel Tower
Menara London,Tower of London
Menara Sears,Sears Tower
Meningitis,Meningitis
Mentega,Butter
Merah,Red
Merkantilisme,Mercantilism
Mesin,Machine
Mesin taip,Typewriter
Mesir,Egypt
Mesir,Egypt
Mesopotamia,Mesopotamia
Mesosfera,Mesosphere
Mesozoik,Mesozoic
Metabolisme,Metabolism
Metafizik,Metaphysics
Metaloid,Metalloid
Metalurgi,Metallurgy
Metamfetamin,Methamphetamine
Metastasis,Metastasis
Meteorit,Meteorite
Meteoroid,Meteoroid
Meteorologi,Meteorology
Meteorologi,Meteorology
Meter,Metre
Mexico,Mexico
Mexico,Mexico
Michelangelo,Michelangelo
Michigan,Michigan
Michigan,Michigan
Mickey Mouse,Mickey Mouse
Micronesia,Micronesia
Mikhail Gorbachev,Mikhail Gorbachev
Mikrogelombang,Microwave
Mikroskop,Microscope
Mikroskop elektron,Electron microscope
Milan,Milan
Millard Fillmore,Millard Fillmore
Mindanao,Mindanao
Mineral,Mineral
Minggu,Week
Minimalisme,Minimalism
Minit,Minute
"Minneapolis, Minnesota",Minneapolis
Minnesota,Minnesota
Minuman,Drink
Minyak,Oil
Minyak,Oil
Miopia,Myopia
Missouri,Missouri
Mistisisme,Mysticism
Mitokondrion,Mitochondrion
Mitologi Rom,Roman mythology
Mitos,Mythology
Mitos Norse,Norse mythology
Modem,Modem
Modenisme,Modernism
Mol,Mole
Moldova,Moldova
Moldova,Moldova
Molekul,Molecule
Momentum,Momentum
Momentum sudut,Angular momentum
Monaco,Monaco
Monaco,Monaco
Monarki,Monarchy
Mongolia,Mongolia
Mongolia,Mongolia
Monitor,Computer display
Monokotiledon,Monocotyledon
Monopoly,Monopoly
Monosakarida,Monosaccharide
Monosodium glutamat,Monosodium glutamate
Monotheisme,Monotheism
Montana,Montana
Montenegro,Montenegro
Montenegro,Montenegro
Moral,Morality
Morfina,Morphine
Moscow,Moscow
Moshe Dayan,Moshe Dayan
Mossad,Mossad
Motosikal,Motorcycle
Mozambique,Mozambique
Muhammad Ali,Muhammad Ali
Mukjizat,Miracle
Mumbai,Mumbai
Mus,Mouse
Musa,Musa
Musim bunga,Spring
Musim panas,Summer
Musim sejuk,Winter
Musytari,Jupiter
Mutasi,Mutation
Mutiara,Pearl
Muzik,Music
Muzik,Music
Muzik klasikal,Classical music
Muzik klasikal,Classical music
Muzik pop,Pop music
Muzik rock,Rock music
Muzium,Museum
Myanmar,Burma
Myanmar,Burma
Myanmar,Myanmar
N'Djamena,N'Djamena
Nabi Daud a.s.,David
Nabi Ismail a.s.,Ishmael
Nabi Muhammad s.a.w.,Muhammad
Nabi Musa a.s.,Moses
Nabi Nuh a.s.,Noah
Naga,Dragon
Naib Presiden Amerika Syarikat,Vice President of the United States
Namibia,Namibia
Namibia,Namibia
Nanas,Pineapple
Nanjing,Nanjing
Nanoteknologi,Nanotechnology
Nasionalisme,Nationalism
Natrium Klorida,Sodium chloride
Nauru,Nauru
Nauru,Nauru
Nebraska,Nebraska
Nefertiti,Nefertiti
Negara,Country
Negara,State
Negara-negara Komanwel,Commonwealth of Nations
Negeri-Negeri Gabungan Amerika,Confederate States of America
Nelson Mandela,Nelson Mandela
Neon,Neon
Nepal,Nepal
Nepal,Nepal
Neptun,Neptune
Nero,Nero
Neutrino,Neutrino
Neutron,Neutron
Nevada,Nevada
Nevada,Nevada
New Caledonia,New Caledonia
New Delhi,New Delhi
New Hampshire,New Hampshire
New Jersey,New Jersey
New Mexico,New Mexico
New Mexico,New Mexico
New York,New York
New Zealand,New Zealand
New Zealand,New Zealand
Newton,Newton
Nicaragua,Nicaragua
Nicaragua,Nicaragua
Niels Bohr,Niels Bohr
Niger,Niger
Niger,Niger
Nigeria,Nigeria
Nigeria,Nigeria
Nikola Tesla,Nikola Tesla
Nikotin,Nicotine
Ninja,Ninja
Nombor,Number
Nombor,Numbers
Nombor kompleks,Complex number
Nombor perdana,Prime number
Nombor perenambelasan,Hexadecimal
Nombor tabii,Natural number
Norway,Norway
Norway,Norway
Nostradamus,Nostradamus
November,November
Nu,Nu
Nukleotida,Nucleotide
Nukleus,Cell nucleus
Nyahkekaburan,Disambiguation
Nyamuk,Mosquito
Oat,Oat
Obesiti,Obesity
Oceania,Oceania
Oceania,Oceania
Odyssey,Odyssey
Ogos,August
Ohio,Ohio
Oklahoma,Oklahoma
Oksigen,Oxygen
Oktober,October
Olahraga,Athletics
Oligarki,Oligarchy
Oman,Oman
Oman,Oman
Omega,Omega
Omikron,Omicron
Onkologi,Oncology
Opera,Opera
Opereta,Operetta
Optik,Optics
Optik,Optics
Orang Inggeris,English people
Orang halus,Elf
Orang utan,Orangutan
Oratorio,Oratorio
Order,Order
Oregon,Oregon
Organ,Organ
Organel,Organelle
Origami,Origami
Orkestra,Orchestra
Osaka,Osaka
Osama bin Laden,Osama bin Laden
Oscar Wilde,Oscar Wilde
Oseanografi,Oceanography
Oslo,Oslo
Otot,Muscle
Otto von Bismarck,Otto von Bismarck
Ozon,Ozone
PAL,PAL
PH,PH
Pai,Pi
Pakaian,Clothing
Pakistan,Pakistan
Pakistan,Pakistan
Palau,Palau
Palau,Palau
Palestin,Palestine
Panama,Panama
Panama,Panama
Panda Gergasi,Giant Panda
Pangkalan data,Database
Panjang,Length
Panjang gelombang,Wavelength
Paparan hablur cecair,Liquid crystal display
Papua New Guinea,Papua New Guinea
Papua New Guinea,Papua New Guinea
Paracelsus,Paracelsus
Paraguay,Paraguay
Paraguay,Paraguay
Paris,Paris
Parlimen,Parliament
Parsek,Parsec
Parthia,Parthia
Parti Buruh Jerman Sosialis Nasional,Nazi Party
Parti politik,Political party
Paru-paru,Lung
Paru-paru berair,Pneumonia
Pasport,Passport
Pasukan berkuda,Cavalry
Paten,Patent
Patologi,Pathology
Patriotisme,Patriotism
Patung Raksasa Rhodes,Colossus of Rhodes
Paus,Pope
Paus sperma,Sperm Whale
Pays de la Loire,Pays de la Loire
Pecutan,Acceleration
Pedagogi,Pedagogy
Pedang,Sword
Pelakon,Actor
Pelancongan,Tourism
Pelayar web,Web browser
Peluru berpandu balistik,Ballistic missile
Peluru berpandu balistik antara benua,Intercontinental ballistic missile
Pemain bola sepak,Football  players
Pemasaran,Marketing
Pembaptisan,Baptism
Pembasmian kaum,Genocide
Pemerahan otak,Brainstorming
Pemerintahan beraja,Monarchy
Pemproses kata,Word processor
Pemuzik,Musician
Pencakar langit,Skyscraper
Pencemaran,Pollution
Pendidikan,Education
Pendidikan,Education
Pengakuan Iman Nicea,Nicene Creed
Pengangkutan,Transportation
Pengangkutan Udara,Aviation
Pengatucaraan komputer,Computer programming
Pengaturcaraan,Computer programming
Pengaturcaraan Berorientasikan Objek,Object-oriented programming
Pengelasan Perpuluhan Dewey,Dewey Decimal Classification
Penggubah,Composer
Pengguguran,Abortion
Penghapusan etnik,Genocide
Pengimbas,Image scanner
Pengkomputeran,Computing
Penjajap,Cruiser
Penjara,Prison
Pennsylvania,Pennsylvania
Pensil,Pencil
Penyakit,Disease
Penyakit Antraks,Anthrax
Penyakit Barah,Cancer
Penyakit Batuk Kering,Tuberculosis
Penyakit Buasir,Hemorrhoid
Penyakit Dementia,Dementia
Penyakit Hepatitis,Hepatitis
Penyakit Parkinson,Parkinson's disease
Penyakit SARS,Severe acute respiratory syndrome
Penyakit Taun,Cholera
Penyakit anemia,Anemia
Penyakit barah paru-paru,Lung cancer
Penyakit barah payudara,Breast cancer
Penyakit kencing manis,Diabetes mellitus
Penyakit kusta,Leprosy
Penyu,Tortoise
Penyu,Turtle
Pepejal,Solid
Pepejal,Solid state
Peperangan,War
Peperangan,War
Pepsi-Cola,Pepsi
Perahu,Boat
Perak,Silver
Perakaunan,Accountancy
Perakaunan,Accountancy
Perancis,France
Perancis,France
Perang Dingin,Cold War
Perang Dingin,Cold War
Perang Dunia I,World War I
Perang Dunia I,World War I
Perang Dunia II,World War II
Perang Dunia II,World War II
Perang Enam Hari,Six-Day War
Perang Iran-Iraq,Iran-Iraq War
Perang Korea,Korean War
Perang Salib Kedua,Second Crusade
Perang Salib Keempat,Fourth Crusade
Perang Salib Pertama,First Crusade
Perang Saudara Inggeris,English Civil War
Perang Saudara Sepanyol,Spanish Civil War
Perang Vietnam,Vietnam War
Perang Vietnam,Vietnam War
Perang Yom Kippur,Yom Kippur War
Peraruh,Inductor
Perdagangan,Commerce
Perdagangan,Trade
Perempuan,Woman
Pergerakan Brown,Brownian motion
Pergerakan Freemasonry,Freemasonry
Pergerakan Pengakap,Scouting
Perhambaan,Slavery
Perisian,Software
Perisian komputer,Computer software
Perjanjian Baru,New Testament
Perjanjian Lama,Old Testament
Perjanjian Versailles,Treaty of Versailles
Perkakasan komputer,Computer hardware
Perkakasan komputer,Computer hardware
Perlembagaan,Constitution
Permainan,Game
Permainan video,Video game
Perpustakaan,Library
Persatuan Negara-negara Asia Tenggara,Association of Southeast Asian Nations
Persekitaran,Environment
Persekutuan,Federation
Persekutuan Micronesia,Federated States of Micronesia
Persepolis,Persepolis
Pertanian,Agriculture
Pertempuran Bulge,Battle of the Bulge
Pertempuran Midway,Battle of Midway
"Perth, Australia Barat",Perth
Pertubuhan Bangsa Bersatu,United Nations
Pertubuhan Buruh Antarabangsa,International Labour Organization
Pertubuhan Kesihatan Sedunia,World Health Organization
Pertubuhan Makanan dan Pertanian,Food and Agriculture Organization
Pertubuhan Meteorologi Sedunia,World Meteorological Organization
Pertubuhan Negara-negara Amerika,Organization of American States
Pertubuhan Negara-negara Pengeksport Petroleum,OPEC
Pertubuhan Pembebasan Palestin,Palestine Liberation Organization
Pertubuhan Penerbangan Awam Antarabangsa,International Civil Aviation Organization
Pertubuhan Perdagangan Sedunia,World Trade Organization
Pertubuhan Perjanjian Atlantik Utara,NATO
Peru,Peru
Perubahan iklim,Climate change
Perubatan,Medicine
Perubatan,Medicine
Perut,Stomach
Pesawat pejuang,Fighter aircraft
Pesawat pengebom,Bomber
Pesawat udara,Aircraft
Peta,Map
Petrol,Gasoline
Petroleum,Petroleum
Petrović Njegoš,Nicholas
Phnom Penh,Phnom Penh
Phoenix,Phoenix
Phoenix,Phoenix
Pi,Pi
Picardie,Picardie
Pihak Berkuasa Palestin,Palestinian National Authority
Piksel,Pixel
Ping pong,Table tennis
Piramid,Pyramid
Piring terbang,Unidentified flying object
Pizza,Pizza
Planet,Planet
Plankton,Plankton
Plasma,Plasma
Plasmid,Plasmid
Plat tektonik,Plate tectonics
Plato,Plato
Platypus,Platypus
Plutarch,Plutarch
Pluto,Pluto
Plutonium,Plutonium
Poitou-Charentes,Poitou-Charentes
Pokok,Tree
Pokok Adas,Fennel
Pokok Akar Manis,Liquorice
Pokok Aprikot,Apricot
Pokok Bakau,Mangrove
Pokok Barli,Barley
Pokok Belimbing Besi,Carambola
Pokok Buah Mangga,Mango
Pokok Buluh,Bamboo
Pokok Bunga Anggerik,Orchidaceae
Pokok Bunga Matahari,Sunflower
Pokok Bunga Mawar,Rose
Pokok Gajus,Cashew
Pokok Halia,Ginger
Pokok Jagung,Maize
Pokok Kacang Soya Hijau,Soybean
Pokok Kelapa,Coconut
Pokok Kentang,Potato
Pokok Koko,Cacao
Pokok Laici,Lychee
Pokok Limau Bali,Pomelo
Pokok Limau Kumkuat,Kumquat
Pokok Pisang,Banana
Pokok Plum,Plum
Pokok Selasih,Basil
Pokok Strawberi,Strawberry
Pokok Tembikai,Watermelon
Pokok Terung,Eggplant
Pokok Tomato,Tomato
Poland,Poland
Poland,Poland
Polietilena,Polyethylene
Polimer,Polymer
Polinesia Perancis,French Polynesia
Polis,Law enforcement
Polis,Police
Politik,Politics
Politik,Politics
Polonium,Polonium
Port Moresby,Port Moresby
Portugal,Portugal
Portugal,Portugal
Postmodenisme,Postmodernism
Pretoria,Pretoria
Prinsip pengecualian Pauli,Pauli exclusion principle
Propaganda,Propaganda
Protestan,Protestantism
Protis,Protist
Protokol,Protocol
Proton,Proton
Protozoa,Protozoa
Prunus,Prunus
Pseudosains,Pseudoscience
Psi,Psi
Psikologi,Psychology
Psikologi,Psychology
Ptah,Ptah
Puasa,Fasting
Puerto Rico,Puerto Rico
Puerto Rico,Puerto Rico
Puisi,Poetry
Pulau,Island
Pulau Bali,Bali
Pulau Rhode,Rhode Island
Pulau Taiwan,Taiwan
Punca kuasa dua,Square root
Pundi hempedu,Gallbladder
Pungutan suara,Referendum
Punjab,Punjab
"Putera Philip, Duke Edinburgh",Prince Philip
Putera Wales,Prince of Wales
Puting beliung,Tornado
Pyongyang,Pyongyang
Pythagoras,Pythagoras
Python,Python
Q,Q
Qatar,Qatar
Qatar,Qatar
Quebec,Quebec
Quetzalcoatl,Quetzalcoatl
Rabindranath Tagore,Rabindranath Tagore
Rabu,Wednesday
Radar,Radar
Radian,Radian
Radio,Radio
Radon,Radon
Raja Arthur,King Arthur
Raksa,Mercury
Rama-rama,Butterfly
Ramadhan,Ramadan
Ramayana,Ramayana
Rambut,Hair
Rancangan Marshall,Marshall Plan
Rasisme,Racism
Rawalpindi,Rawalpindi
Realiti maya,Virtual reality
Remaja,Adolescence
Renang,Swimming
Reptilia,Reptile
Republik,Republic
Republik Afrika Tengah,Central African Republic
Republik Afrika Tengah,Central African Republic
Republik Arab Bersatu,United Arab Republic
Republik China,Republic of China
Republik Congo,Republic of the Congo
Republik Congo,Republic of the Congo
Republik Czech,Czech Republic
Republik Czech,Czech Republic
Republik Demokratik Congo,Democratic Republic of the Congo
Republik Demokratik Congo,Democratic Republic of the Congo
Republik Dominika,Dominican Republic
Republik Dominika,Dominican Republic
Republik Rakyat China,People's Republic of China
Republik Rom,Roman Republic
Reputan radioaktif,Radioactive decay
Reticulum,Reticulum
Retorik,Rhetoric
Revolusi Kebudayaan,Cultural Revolution
Revolusi Perancis,French Revolution
Ribosom,Ribosome
Richard Feynman,Richard Feynman
Richard Nixon,Richard Nixon
Richard Wagner,Richard Wagner
Rio de Janeiro,Rio de Janeiro
Riyadh,Riyadh
Ro,Rho
Robert Hooke,Robert Hooke
Rock 'n' roll,Rock and roll
Roda,Wheel
Rogol,Rape
Roh Kudus,Holy Spirit
Roket,Rocket
Rom,Rome
Romania,Romania
Romania,Romania
Ronald Reagan,Ronald Reagan
Rosales,Rosales
Rosario,Rosario
Rosh Hashanah,Rosh Hashanah
Roti,Bread
Rotterdam,Rotterdam
Royal Society,Royal Society
Ruble,Ruble
Rumah,House
Rumah api,Lighthouse
Rupert Murdoch,Rupert Murdoch
Rusia,Russia
Rusia,Russia
Rutherford B. Hayes,Rutherford B. Hayes
Rwanda,Rwanda
Rwanda,Rwanda
S,S
Saat,Second
Sabtu,Saturday
Sabun,Soap
Saddam Hussein,Saddam Hussein
Saham,Share
Sahara,Sahara
Sahara Barat,Western Sahara
Sains,Science
Sains,Science
Sains bumi,Earth science
Sains kognitif,Cognitive science
Sains komputer,Computer science
Saint Kitts dan Nevis,Saint Kitts and Nevis
Saint Lucia,Saint Lucia
Saint Lucia,Saint Lucia
Saint Petersburg,Saint Petersburg
Saint Vincent dan Grenadines,Saint Vincent and the Grenadines
Saint Vincent dan Grenadines,Saint Vincent and the Grenadines
Saintis,Scientist
Sake,Sake
Saksi-Saksi Yehuwa,Jehovah's Witnesses
Saksofon,Saxophone
Salahuddin Al-Ayubbi,Saladin
Saling tindak kuat,Strong interaction
Salji,Snow
Salman Rushdie,Salman Rushdie
Samoa,Samoa
Samoa,Samoa
Samoa Amerika,American Samoa
Samurai,Samurai
"San Francisco, California",San Francisco
San Marino,San Marino
San Marino,San Marino
Sandwic,Sandwich
Sanskrit,Sanskrit
Santiago,Santiago
"Santiago, Chile",Santiago
Santo Kitts dan Nevis,Saint Kitts and Nevis
Sarajevo,Sarajevo
Sastera,Literature
Sayur,Vegetable
Scotland,Scotland
Seattle,Seattle
Sebatian kimia,Chemical compound
Segi tiga,Triangle
Segi tiga Bermuda,Bermuda Triangle
Seismologi,Seismology
Sejarah,History
Sejarah,History
Sejarah,History
Sekolah,School
Seks oral,Oral sex
Seksa,Torture
Sel,Cell
Selasa,Tuesday
Selat Inggeris,English Channel
Selo,Cello
Selulosa,Cellulose
Semantik,Semantics
Semenanjung Arab,Arabian Peninsula
Semitik,Semitic
Senat Amerika Syarikat,United States Senate
Senegal,Senegal
Senegal,Senegal
Seni,Art
Seni bina,Architecture
Seni bina,Architecture
Senjata,Weapon
Senjata api,Firearm
Senjata nuklear,Nuclear weapon
Seoul,Seoul
Sepanyol,Spain
Sepanyol,Spain
Separa pengalir,Semiconductor
Separuh hayat,Half-life
September,September
Sepuluh Rukun,Ten Commandments
Seramik,Ceramic
Serangan 11 September 2001,September 11
Serangga,Insect
Serbia,Serbia
Serbia,Serbia
Serbia dan Montenegro,Serbia and Montenegro
Setem,Postage stamp
Seville,Seville
Seychelles,Seychelles
Seychelles,Seychelles
Shanghai,Shanghai
Sherlock Holmes,Sherlock Holmes
Shinto,Shinto
Shogun,Shogun
Siberia,Siberia
Sichuan,Sichuan
Sierra Leone,Sierra Leone
Sierra Leone,Sierra Leone
Sigma,Sigma
Sigmund Freud,Sigmund Freud
Sikh,Sikhism
Sikkim,Sikkim
Silikon,Silicon
Simen,Cement
Simone de Beauvoir,Simone de Beauvoir
Sinar X,X-ray
Sinar inframerah,Infrared
Sinar ultraungu,Ultraviolet
Sinaran elektromagnet,Electromagnetic radiation
Sindrom Down,Down syndrome
Singa,Lion
Singapura,Singapore
Singapura,Singapore
Single,Single
Sir Winston Churchill,Winston Churchill
Sistem Kedudukan Sejagat,Global Positioning System
Sistem Suria,Solar System
Sistem Suria,Solar System
Sistem Unit Antarabangsa,International System of Units
Sistem kasta,Caste
Sistem koordinat Cartes,Cartesian coordinate system
Sistem pengendalian,Operating system
Sistem pernafasan,Respiratory system
Sitoplasma,Cytoplasm
Sitting Bull,Sitting Bull
Siva,Shiva
Skala minor,Minor scale
Skizofrenia,Schizophrenia
Skuasy,Squash
Slovakia,Slovakia
Slovakia,Slovakia
Slovenia,Slovenia
Slovenia,Slovenia
Socrates,Socrates
Sofbol,Softball
Sofia,Sofia
Solat,Salah
Somalia,Somalia
Somalia,Somalia
Soprano,Soprano
Sos tomato,Ketchup
Sosej,Sausage
Sosialisme,Socialism
Sosiologi,Sociology
Sosiologi,Sociology
Spam,Spam
Spektroskopi,Spectroscopy
Spektrum elektromagnet,Electromagnetic spectrum
Spesies,Species
Sri Lanka,Sri Lanka
Sri Lanka,Sri Lanka
Statistik,Statistics
Statistik,Statistics
Stephen Hawking,Stephen Hawking
Steradian,Steradian
Steroid,Steroid
Steven Spielberg,Steven Spielberg
Stonehenge,Stonehenge
Strasbourg,Strasbourg
Stub,Stub
Sudan,Sudan
Sudan,Sudan
Sudoku,Sudoku
Sudut,Angle
Sufisme,Sufism
Suharto,Suharto
Suhu,Temperature
Sukan,Sport
Sukan Olimpik,Olympic Games
Sukan Olimpik,Olympics
Sukan Olimpik Musim Sejuk,Winter Olympic Games
Sukan Olimpik Musim Sejuk,Winter Olympic Games
Sukarno,Sukarno
Sukrosa,Sucrose
Sulawesi,Sulawesi
Sultan,Sultan
Sumatera,Sumatra
Sumbang muhrim,Incest
Sumeria,Sumer
Sumo,Sumo
Sun Yat-sen,Sun Yat-sen
Sungai,River
Sungai Amazon,Amazon River
Sungai Amur,Amur
Sungai Furat,Euphrates
Sungai Indus,Indus River
Sungai Mekong,Mekong
Sungai Mississippi,Mississippi River
Sungai Nil,Nile
Sungai Rhine,Rhine
Sungai Thames,River Thames
Superkomputer,Supercomputer
Superman,Superman
Supernova,Supernova
Surah Quran,Sura
Suriname,Suriname
Suriname,Suriname
Sushi,Sushi
Sutera,Silk
Swaziland,Swaziland
Swaziland,Swaziland
Sweden,Sweden
Sweden,Sweden
Switzerland,Switzerland
Syahadah,Shahadah
Syaitan,Satan
Syariat Islam,Sharia
"Sydney, Australia",Sydney
Syria,Syria
Syria,Syria
Tabung Kanak-kanak Pertubuhan Bangsa-Bangsa Bersatu,United Nations Children's Fund
Tahun,Year
Tahun Baru,New Year
Tahun cahaya,Light-year
Tai Chi Chuan,Tai chi chuan
Taj Mahal,Taj Mahal
Tajikistan,Tajikistan
Takat didih,Boiling point
Takat lebur,Melting point
Taksonomi,Taxonomy
Takwim,Calendar
Takwim Hijrah,Islamic calendar
Takwim Julius,Julian calendar
Taliban,Taliban
Talmud,Talmud
Tamadun,Civilization
Taman Tergantung Babylon,Hanging Gardens of Babylon
Tamerlane,Timur
Tamil Nadu,Tamil Nadu
Tanah,Soil
Tanah liat,Clay
Tanda baca,Punctuation
Tanduk,Horn
Tanjung Verde,Cape Verde
Tanjung Verde,Cape Verde
Tanzania,Tanzania
Tanzania,Tanzania
Taoisme,Taoism
Tarian,Dance
Tarian gelek,Belly dance
Tasik Tanganyika,Lake Tanganyika
Tasmania,Tasmania
Tau,Tau
Tauhu,Tofu
Taurat,Torah
Teater,Theatre
Tebing Barat,West Bank
Teh,Tea
Teh,Tea
Teheran,Tehran
Tekanan,Pressure
Tekanan darah,Blood pressure
Teknologi,Technology
Teknologi maklumat,Information technology
Telefon,Telephone
Telefon bimbit,Mobile phone
Telegrafi,Telegraphy
Telekomunikasi,Telecommunication
Televisyen,Television
Televisyen,Television
Telinga,Ear
Teluk Biscay,Bay of Biscay
Teluk Parsi,Persian Gulf
Tembaga,Copper
Tembok Besar China,Great Wall of China
Tembok Hadrian,Hadrian's Wall
Tenaga,Energy
Tenaga,Energy
Tenaga,Energy
Tenaga keupayaan,Potential energy
Tenaga kinetik,Kinetic energy
Tenis,Tennis
Tenis,Tennis
Tennessee,Tennessee
Tennessee,Tennessee
Tenor,Tenor
Tentera Udara Amerika Syarikat,United States Air Force
Tentera Udara Diraja British,Royal Air Force
Tenuk,Tapir
Tenuk Malaysia,Malayan Tapir
Teokrasi,Theocracy
Teologi,Theology
Teori hanyutan benua,Continental drift
Teori kemungkinan,Probability theory
Teori medan kuantum,Quantum field theory
Terjemahan mesin,Machine translation
Terowong,Tunnel
Terowong Selat,Channel Tunnel
Terusan,Canal
Terusan Suez,Suez Canal
Teta,Theta
Tethys,Tethys
Tetikus,Mouse
Tetrahedron,Tetrahedron
Texas,Texas
Thailand,Thailand
Thailand,Thailand
The Star-Spangled Banner,The Star-Spangled Banner
Theodore Roosevelt,Theodore Roosevelt
Thomas Edison,Thomas Edison
Thomas Jefferson,Thomas Jefferson
Thomas More,Thomas More
Thor,Thor
Thylacine,Thylacine
Tianjin,Tianjin
Tibet,Tibet
Tibet,Tibet
Tidur,Sleep
Tikus Belanda,Guinea pig
Timor Leste,East Timor
Timor Leste,East Timor
Timun,Cucumber
Timur Tengah,Middle East
Tindak balas kimia,Chemical reaction
Tinju,Boxing
Tipografi,Typography
Tisu biologi,Tissue
Titan,Titan
Titanic,Titanic
Togo,Togo
Togo,Togo
Tokoh,People
Tokyo,Tokyo
Tonga,Tonga
Tonga,Tonga
Tony Blair,Tony Blair
Tork,Torque
Toronto,Toronto
Torpedo,Torpedo
Totalitarianisme,Totalitarianism
Toyota,Toyota
Transylvania,Transylvania
Triceratops,Triceratops
Trigonometri,Trigonometry
Trigonometri,Trigonometry
Trinidad dan Tobago,Trinidad and Tobago
Trinidad dan Tobago,Trinidad and Tobago
Triskelion,Triskelion
Tritium,Tritium
Tritunggal,Trinity
Troposfera,Troposphere
Tsunami,Tsunami
Tuhan,God
Tulang belakang,Vertebra
Tulang rusuk,Rib
Tumbuhan,Plant
Tunisia,Tunisia
Tupai,Squirrel
Turki,Turkey
Turki,Turkey
Turki Uthmaniyyah,Ottoman Empire
Turkmenistan,Turkmenistan
Turkmenistan,Turkmenistan
Tuvalu,Tuvalu
Tuvalu,Tuvalu
Tux,Tux
Tyrannosaurus rex,Tyrannosaurus
UNESCO,UNESCO
UNIX,Unix
Uganda,Uganda
Uganda,Uganda
Ukraine,Ukraine
Ukraine,Ukraine
Ukuran,Measurement
Ular,Snake
Ulat sutera,Bombyx mori
Ulysses S. Grant,Ulysses S. Grant
Undang-undang,Law
Undang-undang,Law
Undang-undang antarabangsa,International law
Unit pemprosesan pusat,Central processing unit
United Kingdom,United Kingdom
United Kingdom,United Kingdom
Universiti,University
Unsur,Element
Unsur kimia,Chemical element
Unta,Camel
Upsilon,Upsilon
Uranus,Uranus
Urodela,Salamander
Uruguay,Uruguay
Uruguay,Uruguay
Usahawan,Businesspeople
Usus kecil,Small intestine
Utah,Utah
Utara,North
Utarid,Mercury
Uthman I,Osman I
Uzbekistan,Uzbekistan
Uzbekistan,Uzbekistan
Vakuol,Vacuole
Vancouver,Vancouver
Vanuatu,Vanuatu
Vanuatu,Vanuatu
Vegetarian,Vegetarianism
Vektor,Vector
Velociraptor,Velociraptor
Venezuela,Venezuela
Venezuela,Venezuela
Venice,Venice
Vermont,Vermont
Vertebrat,Vertebrate
Victor Hugo,Victor Hugo
Video,Video
Vientiane,Vientiane
Vietnam,Vietnam
Vietnam,Vietnam
Vietnam Selatan,South Vietnam
Viking,Viking
Virgil,Virgil
Virginia,Virginia
Virginia Barat,West Virginia
Virus,Virus
Virus komputer,Computer virus
Vishnu,Vishnu
Vitamin A,Vitamin A
Vitamin B1,Thiamine
Vitamin B2,Riboflavin
Vladimir I. Lenin,Vladimir Lenin
Vladimir Putin,Vladimir Putin
Vladivostok,Vladivostok
Vodka,Vodka
Volt,Volt
Voltaire,Voltaire
W. Somerset Maugham,W. Somerset Maugham
Wain,Wine
Waktu Min Greenwich,Greenwich Mean Time
Waktu Semesta Berkoordinat,Coordinated Universal Time
Wang,Money
Washington,Washington
"Washington, D.C.",Washington
Watak cereka,Fictional character
Watt,Watt
Wiesbaden,Wiesbaden
William Henry Harrison,William Henry Harrison
William Herschel,William Herschel
William McKinley,William McKinley
William Shakespeare,William Shakespeare
Wisconsin,Wisconsin
Wolfgang Amadeus Mozart,Wolfgang Amadeus Mozart
Woodrow Wilson,Woodrow Wilson
World Trade Center,World Trade Center
Wyoming,Wyoming
X,X
Xenon,Xenon
Xi,Xi
Xinjiang,Xinjiang
Yahudi,Jew
Yaman,Yemen
Yangon,Yangon
Yasser Arafat,Yasser Arafat
Yo-yo,Yo-yo
York,York
Yugoslavia,Yugoslavia
Yugoslavia,Yugoslavia
Yunnan,Yunnan
Yuri Gagarin,Yuri Gagarin
Zachary Taylor,Zachary Taylor
Zagreb,Zagreb
Zaitun,Olive
Zaman Air Batu,Ice age
Zaman Batu,Stone Age
Zaman Besi,Iron Age
Zaman Gangsa,Bronze Age
Zaman Paleolitik,Paleolithic
Zaman Pembaharuan,Renaissance
Zambia,Zambia
Zarathustra,Zoroaster
Zimbabwe,Zimbabwe
Zimbabwe,Zimbabwe
Zionisme,Zionism
Zirafah,Giraffe
Zon waktu,Time zone
Zoologi,Zoology
Zoologi,Zoology
Zuhal,Saturn
Zuhal,Saturn
Zuhrah,Venus
helaian kerja,Spreadsheet
malay,english
