Other,English
1 di austu,August 1
1 di giugnettu,July 1
1 di jinnaru,January 1
1 di maiu,May 1
1 di nuvèmmiru,November 1
11 di nuvèmmiru,November 11
11 di sittèmmiru,September 11
12 di frivaru,February 12
12 di uttùviru,October 12
14 di aprili,April 14
14 di frivaru,February 14
14 di giugnu,June 14
15 di austu,August 15
1530ini,1530s
17 di marzu,March 17
17 di sittèmmiru,September 17
1750ini,1750s
1760ini,1760s
1770ini,1770s
1780ini,1780s
1790ini,1790s
1820ini,1820s
1830ini,1830s
1840ini,1840s
1850ini,1850s
1860ini,1860s
1870ini,1870s
1880ini,1880s
1890ini,1890s
19 di jinnaru,January 19
19 di marzu,March 19
1900ini,1900s
1920ini,1920s
1930ini,1930s
1940ini,1940s
1950ini,1950s
1960ini,1960s
1970ini,1970s
1980ini,1980s
1990ini,1990s
2 di frivaru,February 2
2 di marzu,March 2
2 di nuvèmmiru,November 2
20 di jinnaru,January 20
21 di giugnu,June 21
22 di frivaru,February 22
23 di giugnu,June 23
24 di giugnu,June 24
24 di maiu,May 24
24 di uttùviru,October 24
25 di marzu,March 25
29 di frivaru,February 29
29 di giugnu,June 29
29 di sittèmmiru,September 29
3 di giugnu,June 3
31 di dicèmmiru,December 31
4 di giugnettu,July 4
5 di nuvèmmiru,November 5
6 di austu,August 6
6 di jinnaru,January 6
8 di dicèmmiru,December 8
A,A
AIDS,AIDS
ASEAN,Association of Southeast Asian Nations
Abballu,Dance
Abbillimentu,Clothing
Abbinimenti,Chronology
Abbraismu,Judaism
Abbreu,Jew
Abraham Lincoln,Abraham Lincoln
Accetta,Axe
Accia,Celery
Accilirazzioni,Acceleration
Aceddu,Bird
Achilli,Achilles
Acitalena,Acetylene
Acitu,Vinegar
Acqua,Rain
Acqua,Water
Acròpuli,Acropolis
Adam Smith,Adam Smith
Addamu,Adam
Adolf Hitler,Adolf Hitler
Adrianu,Hadrian
Aducazzioni,Education
Affizzioni,Disease
Afganistàn,Afghanistan
Africa,Africa
Africa dû Nord,North Africa
Africa dû Sud,South Africa
Afrikaans,Afrikaans
Agatha Christie,Agatha Christie
Agghia,Garlic
Agghiànnara,Acorn
Aggittivi,Adjective
Aggrissioni,Aggression
Agnosticismu,Agnosticism
Agricultura,Agriculture
Aiti,Haiti
Al-Qaida,Al-Qaeda
Alabama,Alabama
Alan Turing,Alan Turing
Alaska,Alaska
Albanìa,Albania
Albert Camus,Albert Camus
Albert Einstein,Albert Einstein
Albert Gore,Al Gore
Alcool,Alcohol
Aleppu,Aleppo
Alessandria d'Eggittu,Alexandria
Alexander Pushkin,Alexander Pushkin
Alexandre Dumas patri,Alexandre Dumas
Alfabbetu,Alphabet
Alfred Nobel,Alfred Nobel
Algeri,Algiers
Algirìa,Algeria
Alittrochìmica,Electrochemistry
Alittrònica,Electronics
Allah,Allah
Allavinamentu,Flood
Alluminiu,Aluminium
Alma Ata,Almaty
Alpi,Alps
Amburgu,Hamburg
Americiu,Americium
Amman,Amman
Ammiragghiu,Admiral
Ammunìaca,Ammonia
Amsterdam,Amsterdam
Amuri,Love
Amèrica cintrali,Central America
Amèrica dû Nord,North America
Amèrica dû Sud,South America
Amèrica latina,Latin America
Amèrica miridiunali,South America
Amèrica sittintriunali,North America
Anarchìa,Anarchy
Anatumìa,Anatomy
Andi,Andes
Andorra,Andorra
Andy Warhol,Andy Warhol
Anfibbiu,Amphibian
Angola,Angola
Animismu,Animism
Annibbali,Hannibal
Annu,Year
Annu luci,Light-year
Anticu Tistamentu,Old Testament
Antigua e Barbuda,Antigua and Barbuda
Antimoniu,Antimony
Antiochia,Antakya
Antisimitismu,Antisemitism
Antoniu Vivaldi,Antonio Vivaldi
Antropoluggìa,Anthropology
Antàrtica,Antarctica
Antàrtidi,Antarctica
Anu,Anus
Anubbis,Anubis
Anversa,Antwerp
Apollo,Apollo
Apple Macintosh,Macintosh
Aprili,April
Apucalissi di Giuvanni,Book of Revelation
Aquisgrana,Aachen
Arabbia Saudita,Saudi Arabia
Arachnida,Arachnid
Aranciuni,Orange
Araneae,Spider
Arbergu,Hotel
Archimedi,Archimedes
Archioluggìa,Archaeology
Architittura,Architecture
Archiviu,Archive
Archosauria,Archosaur
Arcipèlacu,Archipelago
Arcu di Nuè,Rainbow
Argentu,Silver
Argilla,Clay
Argintina,Argentina
Argon,Argon
Aricchiu,Ear
Aristòtili,Aristotle
Ariuportu,Airport
Arizona,Arizona
Arkansas,Arkansas
Arles,Arles
Arma,Soul
Armali,Animal
Armenia,Armenia
Arnisi,Tool
Arnu,Arno River
Arsenicu,Arsenic
Artaru,Altar
Arthropoda,Arthropod
Arti,Art
Aràldica,Heraldry
Asia,Asia
Asia dû Sud-est,Southeast Asia
Assuan,Aswan
Astana,Astana
Astatu,Astatine
Asteraceae,Asteraceae
Astiròidi,Asteroid
Astroluggìa,Astrology
Astronauta,Astronaut
Astronumìa,Astronomy
Ateni,Athens
Atlanta,Atlanta
Aton,Aten
Atti di l'Apòstuli,Acts of the Apostles
Attila,Attila the Hun
Attillètica,Athletics
Attimusfera,Atmosphere
Attiniu,Actinium
Auckland,Auckland
Australasia,Australasia
Australia,Australia
Austria,Austria
Austu,August
Azzarinu,Lighter
Azzaru,Steel
Azzirbaiggian,Azerbaijan
Azzotu,Nitrogen
B,B
Babbilònia,Babylonia
Backgammon,Backgammon
Badda,Ball
Badduttuleri,Abacus
Baghdad,Baghdad
Bahrain,Bahrain
Baku,Baku
Bali,Bali
Bangaluri,Bangalore
Bangkok,Bangkok
Bangladesci,Bangladesh
Bannera,Flag
Barbados,Barbados
Barcillona,Barcelona
Bari,Bari
Bariu,Barium
Baroccu,Baroque
Baruni,Baron
Baseball,Baseball
Basilea,Basel
Basilicata,Basilicata
Bassu,Bass guitar
Bast,Bast
Bastigghia,Bastille
Baviera,Bavaria
Beirut,Beirut
Belgiu,Belgium
Belgradu,Belgrade
Belisariu,Belisarius
Belizi,Belize
Belo Horizonte,Belo Horizonte
Bengasi,Benghazi
Benin,Benin
Benitu Mussolini,Benito Mussolini
Berkeliu,Berkelium
Berna,Berne
Bertrand Russell,Bertrand Russell
Bhutan,Bhutan
Bibbia cristiana,Bible
Bielorussia,Belarus
Big Bang,Big Bang
Bilanciu,Balance sheet
Bill Gates,Bill Gates
Biografìi,People
Bioluggìa,Biology
Birlinu,Berlin
Birra,Beer
Bismutu,Bismuth
Blaise Pascal,Blaise Pascal
Blues,Blues
Bob,Bobsleigh
Bob Dylan,Bob Dylan
Bob Marley,Bob Marley
Bohriu,Bohrium
Bolivia,Bolivia
Boru,Boron
Bosfuru,Bosporus
Bosnia-Erzegovina,Bosnia and Herzegovina
Bot,Bot
Botsuana,Botswana
Brasili,Brazil
Brassica oleracea botrytis,Cauliflower
Brassica oleracea italica,Broccoli
Bridge,Contract bridge
Brisbane,Brisbane
Bristullu,Bristol
Britagna,Bretagne
Bruccetta,Fork
Brunei,Brunei
Bruxelles,Brussels
Brìndisi,Brindisi
Bucarest,Bucharest
Budapest,Budapest
Buddha,Buddha
Buddismu,Buddhism
Buddy Holly,Buddy Holly
Buenos Aires,Buenos Aires
Bulgarìa,Bulgaria
Bulogna,Bologna
Burchina Fasu,Burkina Faso
Buster Keaton,Buster Keaton
Butirru,Butter
Butànica,Botany
Buzzanu,Bolzano
Bùmmulu,Amphora
C,C
CAP,Postal code
CIA,Central Intelligence Agency
Cacaredda,Diarrhea
Cacca,Feces
Cadmiu,Cadmium
Café,Coffee
Cairu,Cairo
Caiu Giuliu Cesari,Julius Caesar
Calabbria,Calabria
Calannariu,Calendar
Calciu,Calcium
Calcutta,Kolkata
California,California
Californiu,Californium
Caluri,Heat
Camboggia,Cambodia
Camerun,Cameroon
Campana,Bell
Campania,Campania
Canada,Canada
Canadà,Canada
Canali di Panamá,Panama Canal
Canali di Suez,Suez Canal
Canali dâ Mànica,English Channel
Canari,Canary Islands
Canberra,Canberra
Cancru,Cancer
Canguru,Kangaroo
Cani,Dog
Cannarozzu,Esophagus
Cannes,Cannes
Cannila,Candle
Cantanti lìrici,Opera
Canuscenza,Knowledge
Cape Canaveral,Cape Canaveral
Capitali,Capital
Capitalismu,Capitalism
Capu Virdi,Cape Verde
Capu di Bona Spiranza,Cape of Good Hope
Caracas,Caracas
Carachiri,Seppuku
Carbòniu,Carbon
Carciareri,Prison
Cardiff,Cardiff
Carl Jung,Carl Jung
Carlu Magnu,Charlemagne
Carni,Meat
Carnivora,Carnivora
Caronti,Charon
Carpazzi,Carpathian Mountains
"Carta, Forficia e Petra",Rock
Cartugrafìa,Cartography
Cartàggini,Carthage
Caryophyllales,Caryophyllales
Casa Bianca,White House
Cascati dû Niagara,Niagara Falls
Castigghia,Castile
Catalugna,Catalonia
Catanannu,Genealogy
Catusu,Gargoyle
Cavaddu,Horse
Cecil Rhodes,Cecil Rhodes
Cecoslovacchia,Czechoslovakia
Ceriu,Cerium
Cesari Augustu,Augustus
Cesiu,Caesium
Charadriiformes,Charadriiformes
Charles Baudelaire,Charles Baudelaire
Charles Darwin,Charles Darwin
Charles Dickens,Charles Dickens
Charles de Gaulle,Charles de Gaulle
Charlie Chaplin,Charlie Chaplin
Charlie Parker,Charlie Parker
Che Guevara,Che Guevara
Chernobyl,Chernobyl
Chianuforti,Piano
Chicagu,Chicago
Chiesa Anglicana,Church of England
Chiesa Battista,Baptist
Chiesa Cattòlica Rumana,Roman Catholic Church
Chiesa Ortudossa,Eastern Orthodox Church
Chiesi Prutistanti,Protestantism
Chilu,Kilogram
Chimonu,Kimono
Chiovu,Nail
Chitarra,Guitar
Chiummu,Lead
Chordata,Chordate
Christiaan Huygens,Christiaan Huygens
Chuck Berry,Chuck Berry
Chìmica,Chemistry
Chìmica urgànica,Organic chemistry
Ciad,Chad
Ciciruni,Cicero
Ciclismu,Cycling
Ciconiiformes,Ciconiiformes
Cignu,Swan
Cili,Chile
Cina,China
Cincu,5
Cintura di Kuiper,Kuiper belt
Cioccolatti,Chocolate
Cipru,Cyprus
Cira,Wax
Cirinu,Match
Ciriveddu,Brain
Citacea,Cetacea
Cità,Town
Cità dû Mèssicu,Mexico City
Cità dû Vaticanu,Vatican City
Ciumi Giurdanu,Jordan River
Ciumi di l'Amazzoni,Amazon River
Ciuri,Flower
Ciàuru,Perfume
Clarinu,Clarinet
Classi,Class
Claude Monet,Claude Monet
Clavicèmbalu,Harpsichord
Cleru,Clergy
Cloruru di sodiu,Sodium chloride
Cluduveu I,Clovis I
Cnidaria,Cnidaria
Colombia,Colombia
Colombo,Colombo
Coloradu,Colorado
Commonwealth,Commonwealth of Nations
Comori,Comoros
Computer,Computer
Cona,Icon
Concu,Republic of the Congo
Contrabbassu,Double bass
Corea,Korea
Corea dû Nord,North Korea
Corea dû Sud,South Korea
Cori,Heart
Corintu,Corinth
Corvidae,Corvidae
Corvus,Crow
Cosmoluggìa,Cosmology
Costa Rica,Costa Rica
Cravunchiu,Anthrax
Cricket,Cricket
Cristianèsimu,Christianity
Cristòfuru Culommu,Christopher Columbus
Croazzia,Croatia
Cromu,Chromium
Cubba,Cuba
Cubbismu,Cubism
Cucina,Cooking
Culera,Cholera
Culonia,Cologne
Culossu di Rodi,Colossus of Rhodes
Cultura,Culture
Culuri,Color
Cumbria,Cumbria
Cumeta,Comet
Cummattimentu di Hastings,Battle of Hastings
Cumunicazzioni,Communication
Cumunismu,Communism
Cunfucianismu,Confucianism
Cunfuciu,Confucius
Cunnutta d’acqua,Aqueduct
Cuntinenti,Continent
Curitiba,Curitiba
Curiu,Curium
Curling,Curling
Curnuvagghia,Cornwall
Custantinu I,Constantine I
Custiddazzioni,Constellation
Custituzzioni,Constitution
Cutruzzu,Vertebral column
Cuttuni,Cotton
Cuvernu,Government
Cynara scolymus,Globe artichoke
Cèriri,Ceres
Cìciru,Chickpea
Cìnima,Film
Còrsica,Corsica
D,D
Dacca,Dhaka
Dadu,Dice
Dakar,Dakar
Dama,Draughts
Damascu,Damascus
Danimarca,Denmark
Danti Alighieri,Dante Alighieri
Danubbiu,Danube
Darmstadtiu,Darmstadtium
Deci,10
Demaguggìa,Demagogy
Demenza,Dementia
Detroit,Detroit
Deuterunomiu,Deuteronomy
Dicidottu,18
Dicinnovi,19
Dicissetti,17
Dicèmmiru,December
Diffrazzioni,Diffraction
Dijunu,Fasting
Dimucrazzìa,Democracy
Dinaru,Money
Dinocchiu,Knee
Dinusauru,Dinosaur
Dipromazzìa,Diplomacy
Disambigua,Disambiguation
Disprosiu,Dysprosium
Dittatura,Dictatorship
Diu,God
Divotu,Addiction
Divotu,Drug addiction
Dizziunariu,Dictionary
Diàspora,Diaspora
Dominica,Dominica
Don Chisciotti,Don Quixote
Donetsk,Donetsk
Doris Lessing,Doris Lessing
Dresda,Dresden
Drittu rumanu,Roman law
Dublinu,Dublin
Dubniu,Dubnium
Dui,2
Duminiu,Domain
Dumìnica,Sunday
Dàinu,Fallow Deer
Dùdici,12
E-mail,E-mail
Econumìa,Economics
Econumìa,Economy
Ecuaturi,Ecuador
Edgar Degas,Edgar Degas
Edimburgu,Edinburgh
Edmund Hillary,Edmund Hillary
Edvard Munch,Edvard Munch
Eggittu,Egypt
Einsteiniu,Einsteinium
El Salvador,El Salvador
Elettroni,Electron
Elimentu chìmicu,Chemical element
Ellissi,Ellipse
Elvis Presley,Elvis Presley
Emilia Rumagna,Emilia-Romagna
Emirati Àrabbi Uniti,United Arab Emirates
Empedocli,Empedocles
Emuzzioni,Emotion
Enea,Aeneas
Eneidi,Aeneid
Enricu Carusu,Enrico Caruso
Enricu Fermi,Enrico Fermi
Equaturi,Equator
Eratòstini,Eratosthenes
Erbiu,Erbium
Eris,Eris
Ernest Hemingway,Ernest Hemingway
Eràclitu,Heraclitus
Eròdutu,Herodotus
Eschilu,Aeschylus
Estati,Summer
Estètica,Aesthetics
Etati dâ Petra,Stone Age
Etati dû brunzu,Bronze Age
Etati dû ferru,Iron Age
Etiopia,Ethiopia
Etna,Mount Etna
Euclidi,Euclid
Eukaryota,Eukaryote
Europa,Europe
Europiu,Europium
Euru,Euro
Everest,Mount Everest
F,F
FIAT,Fiat
Fami,Hunger
Famigghia,Family
Fannonia,Lie
Fascismu,Fascism
Fatturiali,Factorial
Ferru,Iron
Fiandri,Flanders
Fidel Castru,Fidel Castro
Fidiricu Fellini,Federico Fellini
Fidiricu II di Hohenstaufen,Frederick II
Figgi,Fiji
Filippu II di Spagna,Philip II of Spain
Filu,Phylum
Filusufìa,Philosophy
Fimminismu,Feminism
Finanza,Finance
Finestra,Window
Finici,Phoenicia
Finlandia,Finland
Firdinannu Magillanu,Ferdinand Magellan
Firenzi,Florence
Firmintazzioni,Fermentation
Fisarmònica,Accordion
Fisioluggìa,Physiology
Florida,Florida
Focu,Fire
Folklori,Folklore
Fonoluggìa,Phonology
Fosfuru,Phosphorus
Fotoni,Photon
Fotu,Photography
Fotugrafìa,Photography
Francescu Petrarca,Petrarch
Francia,France
Francis Drake,Francis Drake
Franciu,Francium
Francuforti,Frankfurt
Francuforti suprô Menu,Frankfurt
Frazzioni,Fraction
Freccia,Arrow
Frevi,Fever
Friedrich Engels,Friedrich Engels
Friuli Venezzia Giulia,Friuli-Venezia Giulia
Frivaru,February
Frutta,Fruit
Fràula,Strawberry
Funci,Fungus
Funnamintalismu,Fundamentalism
Funtana,Fountain
Furmaggiu,Cheese
Furmentu,Wheat
Furmìcula,Ant
Furtizza,Fortification
Futtibboll Miricanu,American football
Fàbbrica,Factory
Fàrmacu,Medication
Fàula,Fable
Fëdor Mikhailovič Dostoevskij,Fyodor Dostoevsky
Fìmmina,Woman
Fìsica,Physics
Fòrficia,Scissors
G,G
Gabon,Gabon
Gadoliniu,Gadolinium
Gaetanu Donizzetti,Gaetano Donizetti
Galassia,Galaxy
Galileu Galilei,Galileo Galilei
Galizzia,Galicia
Galles,Wales
Galliu,Gallium
Gambia,The Gambia
Gana,Ghana
Gas,Gas
Gautama Siddhartha,Gautama Buddha
Geb,Geb
Gedda,Jeddah
Geisha,Geisha
Geniu,Genie
George Gershwin,George Gershwin
George Harrison,George Harrison
George Orwell,George Orwell
George W. Bush,George W. Bush
George Washington,George Washington
Georges Bizet,Georges Bizet
Georgia,Georgia
Gesuiti,Society of Jesus
Gesù Cristu,Jesus
Ghiànnula,Gland
Giamaica,Jamaica
Giappuni,Japan
Giarnu,Yellow
Giava,Java
Gibbilterra,Gibraltar
Ginevra,Geneva
Giofìsica,Geophysics
Giografìa,Geography
Gioluggìa,Geology
Giordanu Brunu,Giordano Bruno
Giorgia,Georgia
Giosuè,Book of Joshua
Giovi,Jupiter
Giraffa,Giraffe
Girgenti,Agrigento
Girmania,Germany
Girmaniu,Germanium
Girusalemmi,Jerusalem
Giugnettu,July
Giugnu,June
Giulianu,Julian the Apostate
Giununi,Juno
Giurdania,Jordan
Giuseppi Garibbaldi,Giuseppe Garibaldi
Giuseppi Stalin,Joseph Stalin
Giuseppi Verdi,Giuseppe Verdi
Giustinianu I,Justinian I
Giuvanna d'Arcu,Joan of Arc
Giuvanni Boccacciu,Giovanni Boccaccio
Giuvanni Calvinu,John Calvin
Glasgow,Glasgow
Glasnost,Glasnost
Gnathostomata,Gnathostomata
Google,Google
Gragnola,Hail
Gran Britagna,Great Britain
Granni,Adult
Gravitati,Gravitation
Grecia,Greece
Greenpeace,Greenpeace
Greta Garbu,Greta Garbo
Griddu,Cricket
Groenlannia,Greenland
Grua,Crane
Gruppu,Group
Guam,Guam
Guerra,War
Guerra Fridda,Cold War
Guerra civili miricana,American Civil War
Guerra civili spagnola,Spanish Civil War
Guerra di Troia,Trojan War
Guerra dû Peloponnesu,Peloponnesian War
Guerra dû Vietnam,Vietnam War
Gugghiermu II di Girmania,William II
Gugghiermu Marconi,Guglielmo Marconi
Guinia,Guinea
Guinia Bissau,Guinea-Bissau
Guinia Ecuaturiali,Equatorial Guinea
Gulfu Pèrsicu,Persian Gulf
Gulfu dû Mèssicu,Gulf of Mexico
Gèniri,Genus
Gènisi,Genesis
Gènuva,Genoa
H,H
Hamas,Hamas
Hannover,Hanover
Hassiu,Hassium
Hawaii,Hawaii
Helianthus annuus,Sunflower
Helsinki,Helsinki
Henri Matisse,Henri Matisse
Henry Ford,Henry Ford
Henry Miller,Henry Miller
Hessen,Hesse
Hezbollah,Hezbollah
Himalaya,Himalayas
Hirohito,Hirohito
Hiroshima,Hiroshima
Hirundinidae,Swallow
Hollywood,Hollywood
Homo neanderthalensis,Neanderthal
Honduras,Honduras
Hong Kong,Hong Kong
Honolulu,Honolulu
Hyaenidae,Hyena
I,I
Idaho,Idaho
Idrògginu,Hydrogen
Iliadi,Iliad
Illinois,Illinois
Immanuel Kant,Immanuel Kant
Indunesia,Indonesia
Innia,India
Internet,Internet
Iodiu,Iodine
Iperiuni,Hyperion
Ippocrati,Hippocrates
Iran,Iran
Iraq,Iraq
Irlanda,Republic of Ireland
Irìdiu,Iridium
Isaac Newton,Isaac Newton
Iside,Isis
Islam,Islam
Islandia,Iceland
Israeli,Israel
Istanbul,Istanbul
Italia,Italy
Italu Calvinu,Italo Calvino
Itterbiu,Ytterbium
Ittriu,Yttrium
J,J
Jacques Cartier,Jacques Cartier
Jacques Offenbach,Jacques Offenbach
James Cook,James Cook
James Joyce,James Joyce
Jardinu,Garden
Jattu,Cat
Jawaharlal Nehru,Jawaharlal Nehru
Jazz,Jazz
Jean-Jacques Rousseau,Jean-Jacques Rousseau
Jerez de la Frontera,Jerez de la Frontera
Jinnaru,January
Jocu d'azzardu,Gambling
Johann Gutenberg,Johannes Gutenberg
Johann Sebastian Bach,Johann Sebastian Bach
Johann Wolfgang von Goethe,Johann Wolfgang von Goethe
Johannes Kepler,Johannes Kepler
John Lennon,John Lennon
John Maynard Keynes,John Maynard Keynes
Jolu di San Jàbbucu,Milky Way
Jornu,Day
Jurnalismu,Journalism
Jòcura,Game
Jòcura Olìmpici,Olympic Games
Jòcura Olìmpici,Olympics
KGB,KGB
Kamikazi,Kamikaze
Karate,Karate
Karl Marx,Karl Marx
Katowice,Katowice
Kazakistan,Kazakhstan
Kenya,Kenya
Kernel,Kernel
Kiev,Kiev
Kingston,Kingston
Kinshasa,Kinshasa
Kiribati,Kiribati
Kripton,Krypton
Kyotu,Kyoto
L,L
L'Aia,The Hague
L'Avana,Havana
LSD,Lysergic acid diethylamide
La Paz,La Paz
Lacu,Lake
Lacu Tanganyika,Lake Tanganyika
Lacu di Ginevra,Lake Geneva
Lagos,Lagos
Lamantinu,Manatee
Lantaniu,Lanthanum
Laos,Laos
Laridae,Gull
Lava,Lava
Lavanca,Avalanche
Le Corbusier,Le Corbusier
Leon Davidovich Trotsky,Leon Trotsky
Leonid Brežnev,Leonid Brezhnev
Lesothu,Lesotho
Lettonia,Latvia
Levìticu,Leviticus
Libberia,Liberia
Libbia,Libya
Libbru,Book
Licori,Liqueur
Liechtenstein,Liechtenstein
Liga Àrabba,Arab League
Liggi,Law
Lignu,Wood
Liguria,Liguria
Lille,Lille
Lima,Lima
Lingua,Language
Lingua esperantu,Esperanto
Lingua latina,Latin
Lingua maltisa,Maltese language
Lingua ngrisa,English language
Lingua tudisca,German language
Lingua àrabba,Arabic language
Linguadoca-Russigghiuni,Languedoc-Roussillon
Linguìstica,Linguistics
Linux,Linux
Lioni,Lyon
Lipsia,Leipzig
Lisbona,Lisbon
Lissandru lu Granni,Alexander the Great
Littiratura,Literature
Littra,Letter
Littra a li Rumani,Epistle to the Romans
Lituania,Lithuania
Liunardu Euleru,Leonhard Euler
Liunardu da Vinci,Leonardo da Vinci
Liuni,Lion
Liupardu,Leopard
Livanti stremu,Far East
Liverpool,Liverpool
Loira,Loire River
Londra,London
Loppiu,Opium
Los Angeles,Los Angeles
Louis Armstrong,Louis Armstrong
Lu Libbru di Mormon,Book of Mormon
Luci,Light
Lucianu Pavarotti,Luciano Pavarotti
Ludwig van Beethoven,Ludwig van Beethoven
Luiggi Pirandellu,Luigi Pirandello
Lummardìa,Lombardy
Luna,Moon
Lupu,Gray Wolf
Lussimburgu,Luxembourg
Lutezziu,Lutetium
Lìbbanu,Lebanon
Lòggica,Logic
M,M
Macau,Macau
Macedonia,Macedonia
Macidonia,Macedonia
Madagascar,Madagascar
Madonna,Madonna
Madrid,Madrid
Maduni,Brick
Mafia,Mafia
Maghreb,Maghreb
Magnesiu,Magnesium
Magnitùdini assuluta,Absolute magnitude
Magnoliophyta,Flowering plant
Mahatma Gandhi,Mahatma Gandhi
Maiu,May
Malesia,Malaysia
Mali,Mali
Malta,Malta
Mammìfiri,Mammal
Manama,Manama
Manchester,Manchester
Manera,Mannerism
Manganesi,Manganese
Manila,Manila
Maoismu,Maoism
Mar Caspiu,Caspian Sea
Maratona,Marathon
Marc Chagall,Marc Chagall
Marcel Marceau,Marcel Marceau
Marchi,Marche
Marcu Aureliu,Marcus Aurelius
Marcu Polu,Marco Polo
Margaret Thatcher,Margaret Thatcher
Mari,Sea
Mari Adriàticu,Adriatic Sea
Mari Eggeu,Aegean Sea
Mari Meditirràniu,Mediterranean Sea
Mari Nìuru,Black Sea
Mari Russu,Red Sea
Mari Tirrenu,Tyrrhenian Sea
Mari dû nord,North Sea
Maria Callas,Maria Callas
Marie Curie,Marie Curie
Maroccu,Morocco
Marranzanu,Jew's harp
Marsigghia,Marseille
Marteddu,Hammer
Marti,Mars
Martin Luteru,Martin Luther
Martin Luther King,Martin Luther King
Mary Shelley,Mary Shelley
Mary Wollstonecraft,Mary Wollstonecraft
Marzu,March
Massa,Mass
Matimàtica,Mathematics
Mau Zitung,Mao Zedong
Maumettu,Muhammad
Mauna Kea,Mauna Kea
Mauritania,Mauritania
Mauritius,Mauritius
Mecca,Mecca
Mediana,Median
Mediu Urienti,Middle East
Mediuevu,Middle Ages
Meitneriu,Meitnerium
Meli,Honey
Mendeleviu,Mendelevium
Mercuriu,Mercury
Mesopotamia,Mesopotamia
Miami,Miami
Miccànica quantìstica,Quantum mechanics
Michelangilu Merisi di Caravaggiu,Caravaggio
Michelàngilu Buonarroti,Michelangelo
Midicina,Medicine
Miguel de Cervantes,Miguel de Cervantes
Milanu,Milan
Milinciana,Eggplant
Minirali,Mineral
Minna,Breast
Minsk,Minsk
Minutu,Minute
Mircuriu,Mercury
Missina,Messina
Mitafìsica,Metaphysics
Mituluggìa,Mythology
Mmirnata,Winter
Moda,Fashion
Molibdenu,Molybdenum
Mongolia,Mongolia
Monocotyledon,Monocotyledon
Monoteismu,Monotheism
Montenegru,Montenegro
Montréal,Montreal
Monòpuli,Monopoly
Morti,Death
Mosca,Moscow
Mosàicu,Mosaic
Mozambicu,Mozambique
Mpirialismu,Imperialism
Mpiru rumanu,Roman Empire
Mprissiunismu,Impressionism
Muhammad Ali,Muhammad Ali
Mulisi,Molise
Mulu,Mule
Muluni d'acqua,Watermelon
Munarchìa,Monarchy
Munciuniata,Friction
Muntarozzu,Dune
Muntividèu,Montevideo
Murròiti,Hemorrhoid
Muschea,Mosque
Musicisti cèlibbri,Musician
Muturi di circata,Search engine
Myanmar,Burma
Màrmuru,Marble
Mèrcuri,Wednesday
Mèssicu,Mexico
Mèusa,Spleen
Mònacu,Munich
Mùsica,Music
Mùsica rock,Rock music
N,N
N'Djamena,N'Djamena
NSA,National Security Agency
Namibbia,Namibia
Nancy,Nancy
Nantes,Nantes
Nasu,Nose
Natali,Christmas
Natari,Swimming
Natura,Nature
Nauru,Nauru
Nazzioni Uniti,United Nations
Nazzismu,Nazism
Nciclupidìa,Encyclopedia
Ncignirìa,Engineering
Ncignirìa miccànica,Mechanical engineering
Nebraska,Nebraska
Negghia,Fog
Neil Armstrong,Neil Armstrong
Nelson Mandela,Nelson Mandela
Neodimiu,Neodymium
Neoluggismu,Neologism
Nepal,Nepal
Nettuniu,Neptunium
Nettunu,Neptune
Neutrinu,Neutrino
Neutroni,Neutron
New Orleans,New Orleans
New South Wales,New South Wales
Newport,Newport
Nfurmazzioni,Information
Nfurmàtica,Computer science
Nglaterra,England
Nicaragua,Nicaragua
Nicculò Cupèrnicu,Nicolaus Copernicus
Nichel,Nickel
Nidu,Nest
Niger,Niger
Nigeria,Nigeria
Nilu,Nile
Niobiu,Niobium
Niruni,Nero
Nizza,Nice
Nnipinnenza,Independence
Nnustria,Industry
North Carolina,North Carolina
Norveggia,Norway
Notti,Night
Nova Delhi,New Delhi
Nova York,New York City
Nova Zilanna,New Zealand
Novi,9
Novu Tistamentu,New Testament
Ntinna,Antenna
Nubbi di Oort,Oort cloud
Nuvèmmiru,November
Nzemi,Set
Nàpuli,Naples
Nìuru,Black
Nùmmiri,Book of Numbers
Nùmmuru,Number
Nùmmuru atòmicu,Atomic number
Nùmmuru cumplessu,Complex number
Nùmmuru irrazziunali,Irrational number
Nùmmuru naturali,Natural number
Nùmmuru primu,Prime number
Nùmmuru razziunali,Rational number
Nùmmuru riali,Real number
Nùmmuru rilativu,Integer
Nùvula,Cloud
O,O
OPEC,OPEC
Occhiu,Eye
Oceania,Oceania
Ocimum basilicum,Basil
Ocèanu,Ocean
Ocèanu Atlànticu,Atlantic Ocean
Odissia,Odyssey
Ohio,Ohio
Olmiu,Holmium
Omeru,Homer
Omusissualità,Homosexuality
Orca,Orca
Organismu,Organism
Origami,Origami
Oru,Gold
Orycteropus afer,Aardvark
Osaka,Osaka
Osama bin Laden,Osama bin Laden
Oscar Wilde,Oscar Wilde
Osiride,Osiris
Oslu,Oslo
Ossirvatoriu astronòmicu,Observatory
Ossu,Bone
Ossìgginu,Oxygen
Osteichthyes,Osteichthyes
Ottanta,80
Otto von Bismarck,Otto von Bismarck
Ottu,8
Oxford,Oxford
P,P
Pablu Neruda,Pablo Neruda
Pablu Picassu,Pablo Picasso
Paci,Peace
Paisi Vasci,Netherlands
Pakistan,Pakistan
Palamita,Sardine
Palau,Palau
Palermu,Palermo
Palistina,Palestine
Palla a canistru,Basketball
Palladiu,Palladium
Pallavvolu,Volleyball
Palluni,Football
Panamà,Panama
Panda gicanti,Giant Panda
Pani,Bread
Papa,Pope
Papiru,Papyrus
Paracqua,Umbrella
Parcu nazziunali,National park
Pariggi,Paris
Pasqua,Easter
Passeriformi,Passerine
Paul Klee,Paul Klee
Paul McCartney,Paul McCartney
Pechinu,Beijing
Peddi,Skin
Pena di morti,Capital punishment
Perna,Pearl
Perù,Peru
Pesti,Bubonic plague
Pesti bubbònica,Black Death
Peter Paul Rubens,Peter Paul Rubens
Petra fucali,Pyrite
Pi grecu,Pi
Pianeta,Planet
Pianu Marshall,Marshall Plan
Piccatu,Sin
Picciriddu,Child
Pidimìa,Epidemic
Piemunti,Piedmont
Pillìcula,Film
Pinìsula balcànica,Balkans
Pirgamena,Parchment
Pirinèi,Pyrenees
Pisa,Pisa
Pisci,Fish
Pisu,Weight
Pittura,Painting
Pitàgura,Pythagoras
Pizzu,Beak
Pizzìu,Conflict
Plantae,Plant
Platuni,Plato
Plutoni,Pluto
Plutoniu,Plutonium
Plymouth,Plymouth
Plàtinu,Platinum
Po,Po River
Poker,Poker
Politeismu,Polytheism
Polizzia,Police
Poloniu,Polonium
Polu Sud,South Pole
Populus,Poplar
Porta,Door
Portu Ricu,Puerto Rico
Praia,Beach
Praseodimiu,Praseodymium
Preistoria,Prehistory
Premi Nobel,Nobel Prize
Premiu Nobel,Nobel Prize
Prima Guerra Munniali,World War I
Prima Littra a li Curinzî,First Epistle to the Corinthians
Primates,Primate
Prisidenti dâ Mèrica,President of the United States
Pristoria,Prehistory
Promezziu,Promethium
Protoattiniu,Protactinium
Prudottu Nternu Lordu,Gross domestic product
Pruggettu,Project
Prupaganna,Propaganda
Prutoni,Proton
Psicoluggìa,Psychology
Ptah,Ptah
Pubbricitati,Advertising
Pugghia,Apulia
Pulonia,Poland
Pulìtica,Politics
Pumadoru,Tomato
Punica granatum,Pomegranate
Purmuna,Lung
Purmunìa,Pneumonia
Purtùsu nìuru,Black hole
Puseri,Thumb
Putassiu,Potassium
Puvireddu,Poverty
Pyongyang,Pyongyang
Pàduva,Padua
Pàulu di Tarsu,Paul the Apostle
Pèricli,Pericles
Pìditu,Flatulence
Pùlici,Flea
Q,Q
Qatar,Qatar
Quatratu,Square
Quattru,4
Quattòrdici,14
Quetzalcoatl,Quetzalcoatl
Quintu Orazziu Flaccu,Horace
Québec,Quebec
Quìnnici,15
R,R
Radon,Radon
Raffaellu Sanziu,Raphael
Rami,Copper
Rangoon,Yangon
Rasolu di Occam,Occam's razor
Ravenna,Ravenna
Razzismu,Racism
Reggae,Reggae
Regnu,Kingdom
Regnu Unitu,United Kingdom
Reims,Reims
Rembrandt,Rembrandt
Reniu,Rhenium
Reptilia,Reptile
Rifrazzioni,Refraction
Rifridduri,Common cold
Riggiuni,Region
Riliggiuni,Religion
Rina,Sand
Rinascimentu,Renaissance
Ringo Starr,Ringo Starr
Rini,Kidney
Rio de Janeiro,Rio de Janeiro
Ripubblica Centrafricana,Central African Republic
Ripùbblica Ceca,Czech Republic
Ripùbbrica,Republic
Ripùbbrica Duminicana,Dominican Republic
Risinu,Dew
Ritrattu,Portrait
Rittànculu,Rectangle
Rivuluzzioni francisa,French Revolution
Rizzu,Hedgehog
Roald Amundsen,Roald Amundsen
Robert Falcon Scott,Robert Falcon Scott
Rock and roll,Rock and roll
Rodi,Rhodes
Rodiu,Rhodium
Roentgeniu,Roentgenium
Rologgiu,Clock
Roma,Rome
Ronald Reagan,Ronald Reagan
Rosa,Rose
Rosario,Rosario
Rostock,Rostock
Rota,Wheel
Ruanna,Rwanda
Rubidiu,Rubidium
Ruccheddu,Inductor
Rumania,Romania
Rumanticismu,Romanticism
Rumanzu,Novel
Rumanìa,Romania
Rummu,Rhombus
Russia,Russia
Russu,Red
Rut,Book of Ruth
Ruteniu,Ruthenium
Rutherfordiu,Rutherfordium
Ràdiu,Radium
Région Centre,Centre
S,S
Sacru Rumanu Mpiru,Holy Roman Empire
Saddam Hussein,Saddam Hussein
Sahara,Sahara
Sahara Uccidintali,Western Sahara
Saint Kitts e Nevis,Saint Kitts and Nevis
Saint Vincent e Grenadine,Saint Vincent and the Grenadines
Saladinu,Saladin
Salernu,Salerno
Salisburgu,Salzburg
Saluniccu,Thessaloniki
Saluti,Health
Samariu,Samarium
Samoa Miricana,American Samoa
San Franciscu,San Francisco
San Marinu,San Marino
San Pietruburgu,Saint Petersburg
Sandru Botticelli,Sandro Botticelli
Sangu,Blood
Santiagu dû Cili,Santiago
Sarausa,Syracuse
Sardigna,Sardinia
Sarsa,Sauce
Saturnu,Saturn
Satèlliti artificiali,Satellite
Scacchi,Chess
Scandinavia,Scandinavia
Scandiu,Scandium
Scantu,Fear
Sceccu,Donkey
Schettu,Celibacy
Schiavismu,Slavery
Scienza,Science
Scienzi,Science
Scienzi dâ terra,Earth science
Scienzi naturali,Natural science
Scola,School
Scozzia,Scotland
Scultura,Sculpture
Scurpiuni,Scorpion
Scursuni,Snake
Seaborgiu,Seaborgium
Secunna guerra munniali,World War II
Secunnu,Second
Sedda,Chair
Senegal,Senegal
Seoul,Seoul
Serbia,Serbia
Serbia e Montenegru,Serbia and Montenegro
Seri,Series
Serra,Greenhouse
Serra Liuni,Sierra Leone
Sessu,Sex
Setti,7
Shanghai,Shanghai
Shintuismu,Shinto
Sibberia,Siberia
Sichuan,Sichuan
Sicilia,Sicily
Sigmund Freud,Sigmund Freud
Sileniu,Selenium
Siliciu,Silicon
Simenta,Seed
Sinagoga,Synagogue
Sinai,Sinai Peninsula
Singapura,Singapore
Sirenia,Sirenia
Siria,Syria
Sissismu,Sexism
Sistema sulari,Solar System
Sita,Silk
Sittèmmiru,September
Slovenia,Slovenia
Socioluggìa,Sociology
Sodiu,Sodium
Software,Computer software
Solidarność,Solidarity
Somalia,Somalia
Sonnu,Sleep
Sophia Loren,Sophia Loren
South Australia,South Australia
Spagna,Spain
Spagu,Donato Bramante
Spartuta,Division
Specchiu,Mirror
Speci,Species
Sport,Sport
Spustamentu versu lu russu,Redshift
Sputazza,Saliva
Sri Lanka,Sri Lanka
Stagnu,Tin
Stanley Kubrick,Stanley Kubrick
Stati Uniti,United States
Statu,State
Statìstica,Statistics
Stidda,Star
Storia,History
Strina,Epiphany
Stringipettu,Brassiere
Strittu di Bering,Bering Strait
Strittu di Missina,Strait of Messina
Stronziu,Strontium
Stub,Stub
Stòmmacu,Stomach
Succissioni,Sequence
Succissioni di Fibonacci,Fibonacci number
Sucialismu,Socialism
Sucitati,Society
Sucità,Society
Sucità Riliggiusa di l'Amici,Religious Society of Friends
Sudan,Sudan
Suli,Sun
Sumeri,Sumer
Sumo,Sumo
Surinami,Suriname
Surrey,Surrey
Svezzia,Sweden
Svìzzira,Switzerland
Swaziland,Swaziland
Sydney,Sydney
Sàtira,Satire
Sàtiru,Satyr
Sèculu,Century
Sòcrati,Socrates
Sùrfuru,Sulfur
T,T
Taddarita,Bat
Taekwondo,Taekwondo
Tailandia,Thailand
Taiwan,Republic of China
Taj Mahal,Taj Mahal
Talibbani,Taliban
Tamerlanu,Timur
Tamiggi,River Thames
Tammuru,Drum
Tantaliu,Tantalum
Tanzania,Tanzania
Tasmania,Tasmania
Tassinumìa,Taxonomy
Tbilisi,Tbilisi
Techno,Techno
Tecnezziu,Technetium
Teheran,Tehran
Tel Aviv,Tel Aviv
Telescopiu,Telescope
Telluriu,Tellurium
Tempu,Time
Tennessee,Tennessee
Tennis,Tennis
Teocrazzìa,Theocracy
Teodosiu,Theodosius I
Terbiu,Terbium
Terra,Earth
Terzu Munnu,Third World
Testa,Head
Tettu,Roof
Texas,Texas
Thomas Alva Edison,Thomas Edison
Tianjin,Tianjin
Tiatru,Theatre
Tibberiu,Tiberius
Tibet,Tibet
Ticinu,Ticino
Tigri,Tigris
Timor Est,East Timor
Timpesta,Storm
Timpiratura,Temperature
Tirana,Tirana
Tirrimotu,Earthquake
Tirrurìsimu,Terrorism
Tiru,Tyre
Tirzana,Dengue fever
Tistamentu,Will
Titaniu,Titanium
Titanu,Titan
Tiuluggìa,Theology
Tiurìa di la rilativitati,Theory of relativity
Tiurìa di li joca,Game theory
Tochiu,Tokyo
Togu,Togo
Tonga,Tonga
Tony Blair,Tony Blair
Torah,Torah
Toriu,Thorium
Torontu,Toronto
Tour de France,Tour de France
Tours,Tours
Traianu,Trajan
Tramutamentu,Mutation
Transilvania,Transylvania
Transìsturi,Transistor
Trentu,Trento
Trigunomitrìa,Trigonometry
Trinidad,Trinidad
Trinidad e Tobagu,Trinidad and Tobago
Trisceli,Triskelion
Troffa,Shrub
Troia,Troy
Trupusfera,Troposphere
Truscia,Bassoon
Trìdici,13
Trìpuli,Tripoli
Tsunami,Tsunami
Tucìdidi,Thucydides
Tuliu,Thulium
Tulumeu,Ptolemy
Tunisìa,Tunisia
Turchìa,Turkey
Turinu,Turin
Turkmenistan,Turkmenistan
Turnatu,Tornado
Turri,Tower
Turri di Babbeli,Tower of Babel
Tuscana,Tuscany
Tuvalu,Tuvalu
Tàlliu,Thallium
Tàvula,Table
Tè,Tea
Tèviri,Tiber
Tùnisi,Tunis
U,U
UNESCO,UNESCO
Ucchiali,Glasses
Uganna,Uganda
Ugu Capetu,Hugh Capet
Ulissi,Odysseus
Uliva,Olive
Uman,Oman
Umanu,Human
Umbria,Umbria
Unghirìa,Hungary
Unioni Europea,European Union
Unioni Suviètica,Soviet Union
Unioni europea,European Union
Unità astrunòmica,Astronomical unit
Università,University
Ununbiu,Ununbium
Ununhexiu,Ununhexium
Ununpentiu,Ununpentium
Ununquadiu,Ununquadium
Ununtriu,Ununtrium
Urali,Ural Mountains
Uraniu,Uranium
Uranu,Uranus
Ursidae,Bear
Uttùviru,October
Uzbekistan,Uzbekistan
V,V
Vaduz,Vaduz
Valencia,Valencia
Valletta,Valletta
Vanadiu,Vanadium
Vanceli,Gospel
Vancelu di Luca,Gospel of Luke
Vancu,Bank
Vanuatu,Vanuatu
Varsavia,Warsaw
Vasata,Kiss
Vattìu,Baptism
Venezzuela,Venezuela
Ventu sulari,Solar wind
Vermu dâ sita,Bombyx mori
Vertebrata,Vertebrate
Vicenzu Bellini,Vincenzo Bellini
Vichinghi,Viking
Victor Hugo,Victor Hugo
Vienna,Vienna
Vietnam,Vietnam
Vilenu,Poison
Vina,Vein
Vincent van Gogh,Vincent van Gogh
Vinezzia,Venice
Vinu,Wine
Virdi,Green
Virdura,Vegetable
Virgiliu,Virgil
Virginia,Virginia
Virginità,Virginity
Visuviu,Mount Vesuvius
Viviruni,Drink
Vladimir Lenin,Vladimir Lenin
Vladimir Nabokov,Vladimir Nabokov
Vladimir Putin,Vladimir Putin
Voltaire,Voltaire
Vudu,Voodoo
Vulcanuluggìa,Volcanology
Vurcanu,Volcano
Vèniri,Venus
WHO,World Health Organization
Washington,Washington
Wellington,Wellington
Wiesbaden,Wiesbaden
William James,William James
William Shakespeare,William Shakespeare
Winston Churchill,Winston Churchill
Wolfgang Amadeus Mozart,Wolfgang Amadeus Mozart
Wolfgang Pauli,Wolfgang Pauli
Woody Allen,Woody Allen
World Trade Center,World Trade Center
World Wide Web,World Wide Web
Xenu,Xenon
Yasser Arafat,Yasser Arafat
Yemen,Yemen
Yuri Gagarin,Yuri Gagarin
Z,Z
Zambia,Zambia
Ziana,Theia
Zimbabbui,Zimbabwe
Zincu,Zinc
Zirconiu,Zirconium
Zoroastru,Zoroaster
Zuoluggìa,Zoology
Zùccaru,Sugar
sicilian,english
Àcitu,Acid
Àcitu fènicu,Phenol
Àfrica,Africa
Àlgibbra,Algebra
Àlica,Algae
Àncilu,Angel
Àncura,Anchor
Àrvulu,Tree
Àtumu,Atom
Èsudu,Exodus
Ètica,Ethics
Ìndiu,Indium
Ìsula,Island
Ìsula Norfolk,Norfolk Island
Ìsula di Man,Isle of Man
Ìsuli Baliari,Balearic Islands
Ìsuli Marshall,Marshall Islands
Ìsuli Salamuni,Solomon Islands
Òrbita,Orbit
Òrdini,Order
Òsmiu,Osmium
Òttica,Optics
