Other,English
1,1
1 Awst,August 1
1 Gorffennaf,July 1
1 Ionawr,January 1
1 Mai,May 1
1 Tachwedd,November 1
10,10
100,100
1000,1000
101,101
105,105
11,11
11 Medi,September 11
11 Tachwedd,November 11
110,110
115,115
12,12
12 Chwefror,February 12
12 Hydref,October 12
120,120
125,125
13,13
130,130
135,135
14,14
14 Chwefror,February 14
14 Ebrill,April 14
14 Mehefin,June 14
140,140
144,144
145,145
15,15
15 Awst,August 15
150,150
1530au,1530s
155,155
16,16
160,160
165,165
17,17
17 Mawrth,March 17
17 Medi,September 17
170,170
1728,1728
175,175
1750au,1750s
1760au,1760s
1770au,1770s
1780au,1780s
1790au,1790s
18,18
180,180
1820au,1820s
1830au,1830s
1840au,1840s
1850au,1850s
1860au,1860s
1870au,1870s
1880au,1880s
1890au,1890s
19,19
19 Ionawr,January 19
19 Mawrth,March 19
190,190
1900au,1900s
1920au,1920s
1930au,1930s
1940au,1940s
1950au,1950s
1960au,1960s
1970au,1970s
1980au,1980s
1990au,1990s
2,2
2 Chwefror,February 2
2 Mawrth,March 2
2 Tachwedd,November 2
20,20
20 Ionawr,January 20
200,200
21,21
21 Mehefin,June 21
22,22
22 Chwefror,February 22
23,23
23 Mehefin,June 23
24,24
24 Hydref,October 24
24 Mai,May 24
24 Mehefin,June 24
25,25
25 Mawrth,March 25
26,26
27,27
28,28
29,29
29 Chwefror,February 29
29 Medi,September 29
29 Mehefin,June 29
3,3
3 Mehefin,June 3
30,30
300,300
31,31
31 Rhagfyr,December 31
32,32
33,33
34,34
35,35
36,36
37,37
38,38
39,39
4,4
4 Gorffennaf,July 4
40,40
400,400
41,41
42,42
43,43
44,44
45,45
46,46
47,47
48,48
49,49
5,5
5 Tachwedd,November 5
50,50
500,500
51,51
52,52
53,53
54,54
55,55
56,56
57,57
58,58
59,59
6,6
6 Awst,August 6
6 Ionawr,January 6
60,60
61,61
62,62
63,63
64,64
65,65
66,66
67,67
68,68
69,69
7,7
70,70
71,71
72,72
73,73
74,74
75,75
76,76
77,77
78,78
79,79
8,8
8 Rhagfyr,December 8
80,80
81,81
82,82
83,83
84,84
85,85
86,86
87,87
88,88
89,89
9,9
90,90
91,91
92,92
93,93
94,94
95,95
96,96
97,97
98,98
99,99
A,A
Aachen,Aachen
Abel Tasman,Abel Tasman
Aberdeen,Aberdeen
Abidjan,Abidjan
Abraham,Abraham
Abraham Lincoln,Abraham Lincoln
Accra,Accra
Acesia,Acacia
Achmed Sukarno,Sukarno
Aconcagua,Aconcagua
Actor,Actor
Acwariwm,Aquarium
Adam Smith,Adam Smith
Addis Ababa,Addis Ababa
Addysg,Education
Adelaide,Adelaide
Aderyn,Bird
Aderyn y To,House Sparrow
Adolf Hitler,Adolf Hitler
Aeschulos,Aeschylus
Afal,Apple
Afanc,Beaver
Affrica,Africa
Afghanistan,Afghanistan
Afon,River
Afon Amazonas,Amazon River
Afon Brahmaputra,Brahmaputra River
Afon Colorado (Arizona),Colorado River
Afon Congo,Congo River
Afon Don (Rwsia),Don River (Russia)
Afon Donaw,Danube
Afon Ebro,Ebro
Afon Ewffrates,Euphrates
Afon Ganga,Ganges
Afon Garonne,Garonne
Afon Indus,Indus River
Afon Loire,Loire River
Afon Mekong,Mekong
Afon Meuse,Meuse River
Afon Mississippi,Mississippi River
Afon Missouri,Missouri River
Afon Neckar,Neckar
Afon Neva,Neva River
Afon Niger,Niger River
Afon Nîl,Nile
Afon Po,Po River
Afon Rhein,Rhine
Afon Rubicon,Rubicon
Afon Schelde,Scheldt
Afon Seine,Seine
Afon Tafwys,River Thames
Afon Tagus,Tagus
Afon Tiber,Tiber
Afon Tigris,Tigris
Afon Vistula,Vistula
Afon Volga,Volga River
Afon Yangtze,Yangtze River
Afon Zambezi,Zambezi
Afonfarch,Hippopotamus
Afrikaans,Afrikaans
Agatha Christie,Agatha Christie
Agnosticiaeth,Agnosticism
Agora,Agora
Agoriadau gwyddbwyll,Chess opening
Agra,Agra
Ain,Ain
Airbus,Airbus
Akhenaten,Akhenaten
Akira Kurosawa,Akira Kurosawa
Al Capone,Al Capone
Al Gore,Al Gore
Al-Qaeda,Al-Qaeda
Al-lâh,Allah
Alabama,Alabama
Alan Turing,Alan Turing
Alarch,Swan
Alarch Dof,Mute Swan
Alaska,Alaska
Alaw (blodyn),Liliaceae
Albania,Albania
Albert Camus,Albert Camus
Albert Einstein,Albert Einstein
Alberta,Alberta
Albinedd,Albinism
Alcohol,Alcohol
Alcoholiaeth,Alcoholism
Alecsander Fawr,Alexander the Great
Aleppo,Aleppo
Alexander Fleming,Alexander Fleming
Alexander Pope,Alexander Pope
Alexandr Pushkin,Alexander Pushkin
Alexandria,Alexandria
Alfred Fawr,Alfred the Great
Alfred Hitchcock,Alfred Hitchcock
Alfred Nobel,Alfred Nobel
Alfred Russel Wallace,Alfred Russel Wallace
Algebra,Algebra
Alger,Algiers
Algeria,Algeria
Alhambra,Alhambra
Alldafliad,Ejaculation
Almaeneg,German language
Alotrop,Allotropy
Alpau,Alps
Alsace,Alsace
Alwminiwm,Aluminium
Amaeth,Agriculture
Ambr,Amber
Amedeo Avogadro,Amedeo Avogadro
America Ladin,Latin America
Amffibiad,Amphibian
Amffitheatr,Amphitheatre
Amgueddfa,Museum
Amhareg,Amharic
Amldduwiaeth,Polytheism
Amman,Amman
Amnest,Amnesty
Amonia,Ammonia
Amser,Time
Amsterdam,Amsterdam
Anatomeg,Anatomy
Anaximandros,Anaximander
Andalucía,Andalusia
Andes,Andes
Andhra Pradesh,Andhra Pradesh
Andorra,Andorra
Andrew Jackson,Andrew Jackson
Andrew Johnson,Andrew Johnson
Andrew Lloyd Webber,Andrew Lloyd Webber
Andromeda,Andromeda
Andromeda (cytser),Andromeda (constellation)
Andromeda (galaeth),Andromeda Galaxy
Andromeda (mytholeg),Andromeda (mythology)
Andy Warhol,Andy Warhol
Anelid,Annelid
Anfeidredd,Infinity
Anfetel,Nonmetal
Angola,Angola
Anguilla,Anguilla
Anialwch,Desert
Anifail,Animal
Ankara,Ankara
Ann Boleyn,Anne Boleyn
Annapurna,Annapurna
Annibyniaeth,Independence
Annibynwyr,Anabaptist
Annwyd,Common cold
Anod,Anode
Anrhywioldeb,Asexuality
Antakya,Antakya
Anthem genedlaethol,National anthem
Anthony Hopkins,Anthony Hopkins
Anthropoleg,Anthropology
Antigua a Barbuda,Antigua and Barbuda
Antimoni,Antimony
Anton Bruckner,Anton Bruckner
Anton Chekhov,Anton Chekhov
Antonio Vivaldi,Antonio Vivaldi
Antwerp,Antwerp
Anubis,Anubis
Anws,Anus
Apache,Apache
Apia,Apia
Apollo,Apollo
Aquitaine,Aquitaine
Arabeg,Arabic language
Arabia,Arabian Peninsula
Arabiaid,Arab
Arachnid,Arachnid
Aragón,Aragon
Arcadia,Arcadia
Arcangelo Corelli,Arcangelo Corelli
Archaeoleg,Archaeology
Archangel,Archangel
Archesgob,Archbishop
Archimedes,Archimedes
Ardennes (département),Ardennes (department)
Aren,Kidney
Arf gemegol,Chemical warfare
Arf niwclear,Nuclear weapon
Arfbais,Coat of arms
Argae,Dam
Argon,Argon
Argos (dinas),Argos
Argraffu,Printing
Ariadaeth,Arianism
Arian (economeg),Money
Arian (elfen),Silver
Arian cyfred,Currency
Aristoffanes,Aristophanes
Aristoteles,Aristotle
Arius,Arius
Arizona,Arizona
Arkansas,Arkansas
Arlunydd,Artist
Arlywydd,President
Arlywydd Unol Daleithiau America,President of the United States
Armeneg,Armenian language
Armenia,Armenia
Arminius,Arminius
Arras,Arras
Arsenig,Arsenic
Arth,Bear
Arth wen,Polar bear
Arthropod,Arthropod
Arthur,King Arthur
Arthur Conan Doyle,Arthur Conan Doyle
Arthur Miller,Arthur Miller
Arthur Rimbaud,Arthur Rimbaud
"Arthur Wellesley, Dug 1af Wellington",Arthur Wellesley
Arwr,Hero
Arwynebedd,Area
Asgwrn,Bone
Asgwrn cefn,Vertebral column
Asia,Asia
Asio,Welding
Asthma,Asthma
Astrofioleg,Astrobiology
Athen,Athens
Athena,Athena
Athletau (trac a chae),Athletics (track and field)
Athroniaeth,Philosophy
Atlas,Atlas (disambiguation)
Atlas (lloeren),Atlas (moon)
Atol,Atoll
Atom,Atom
Attica,Attica
Attila,Attila the Hun
Auckland,Auckland
August Strindberg,August Strindberg
Auguste Rodin,Auguste Rodin
Augustus,Augustus
Aur,Gold
Auvergne,Auvergne (region)
Avicenna,Avicenna
Awst,August
Awstin o Hippo,Augustine of Hippo
Awstralasia,Australasia
Awstralia,Australia
Awstria,Austria
Awtistiaeth,Autism
Awyren,Aircraft
Awyrgylch,Atmosphere
Awyrlu,Air force
Azerbaijan,Azerbaijan
Aztec,Aztec
B,B
Baal,Baal
Bacteria,Bacteria
Bae Bengal,Bay of Bengal
Baedd Gwyllt,Boar
Bafaria,Bavaria
Baghdad,Baghdad
Bahrain,Bahrain
Balcanau,Balkans
Bali,Bali
Bamako,Bamako
Banana,Banana
Banc,Bank
Banc Canolog Ewrop,European Central Bank
Banc canolog,Central bank
Baner,Flag
Bangalore,Bangalore
Bangkok,Bangkok
Bangladesh,Bangladesh
Bara,Bread
Barbados,Barbados
Barcelona,Barcelona
Barddoniaeth,Poetry
Bariwm,Barium
Baróc,Baroque
Basalt,Basalt
Basse-Normandie,Basse-Normandie
Bastille,Bastille
Batman,Batman
Beda,Bede
Bedwen,Birch
Beic,Bicycle
Beijing,Beijing
Beirut,Beirut
Belarws,Belarus
Belffast,Belfast
Belisarius,Belisarius
Belize,Belize
Benelux,Benelux
Bengal,Bengal
Benghazi,Benghazi
Benin,Benin
Benito Mussolini,Benito Mussolini
Benjamin Britten,Benjamin Britten
Benjamin Disraeli,Benjamin Disraeli
Benjamin Harrison,Benjamin Harrison
Beograd,Belgrade
Bergen,Bergen
Beriliwm,Beryllium
Berkshire,Berkshire
Berlin,Berlin
Bermuda,Bermuda
Bernhard Riemann,Bernhard Riemann
Bertolt Brecht,Bertolt Brecht
Bertrand Russell,Bertrand Russell
Beta (llythyren),Beta (letter)
Bethlehem,Bethlehem
Bhutan,Bhutan
Bicini (dilledyn),Bikini
Bihar,Bihar
Bill Clinton,Bill Clinton
Bill Gates,Bill Gates
Bioamrywiaeth,Biodiversity
Biocemeg,Biochemistry
Bioleg,Biology
Bismarck,Bismarck (disambiguation)
Bissau,Bissau
Bithynia,Bithynia
Blaidd,Gray Wolf
Blaise Pascal,Blaise Pascal
Blodeuyn,Flower
Blog,Blog
Blwyddyn,Year
Blwyddyn golau,Light-year
Blwyddyn naid,Leap year
Bob Dylan,Bob Dylan
Bob Marley,Bob Marley
Bobby Fischer,Bobby Fischer
Bod dynol,Human
Bodensee,Lake Constance
Bohemia,Bohemia
Bolifia,Bolivia
Bologna,Bologna
Bond cofalent,Covalent bond
Bordeaux,Bordeaux
Boris Pasternak,Boris Pasternak
Borneo,Borneo
Boron,Boron
Bosna a Hercegovina,Bosnia and Herzegovina
Bosphorus,Bosporus
Boston,Boston
Botaneg,Botany
Botswana,Botswana
Bourgogne,Bourgogne
Brahma,Brahma
Brasil,Brazil
Bratislava,Bratislava
Brenhines (gwyddbwyll),Queen (chess)
Brenhiniaeth,Monarchy
Brenhinllin Ming,Ming Dynasty
Brenhinllin Qing,Qing Dynasty
Brenhinllin y Ptolemïaid,Ptolemaic dynasty
Brenhinllin y Qin,Qin Dynasty
Brenhinllin y Tang,Tang Dynasty
Brest,Brest
Bretagne,Bretagne
Bridgetown,Bridgetown
Brighton,Brighton
Brisbane,Brisbane
British Columbia,British Columbia
Brodyr Marx,Marx Brothers
Bromin,Bromine
Brugge,Bruges
Brunei,Brunei
Brwsel,Brussels
Brwydr Hastings,Battle of Hastings
Brwydr Marathon,Battle of Marathon
Brwydr Thermopylae,Battle of Thermopylae
Brwydr Verdun,Battle of Verdun
Brwydr Waterloo,Battle of Waterloo
Brwydr y Somme 1916,Battle of the Somme
Bryste,Bristol
Brân,Crow
Buanedd,Speed
Budapest,Budapest
Buddy Holly,Buddy Holly
Buenos Aires,Buenos Aires
Burkina Faso,Burkina Faso
Buwch,Cattle
Bwa (pensaernïaeth),Arch
Bwdhaeth,Buddhism
Bwlgaria,Bulgaria
Bwyd,Food
Byddin,Army
Bydysawd (seryddiaeth),Universe
Bywyd,Life
C,C
C (cyfrifiadureg),C (programming language)
C. S. Lewis,C. S. Lewis
CIA,Central Intelligence Agency
Cabo Verde,Cape Verde
Cadwyn fwyd,Food chain
Caerdydd,Cardiff
Caeredin,Edinburgh
Caerfaddon,Bath
Caergaint,Canterbury
Caergrawnt,Cambridge
Caergystennin,Constantinople
Caerlŷr,Leicester
Caethwasiaeth,Slavery
Caffein,Caffeine
Caill,Testicle
Caint,Kent
Cairo,Cairo
Calais,Calais
Calchfaen,Limestone
Caledfwlch,Excalibur
Caledonia Newydd,New Caledonia
Calendr,Calendar
Calendr Gregori,Gregorian calendar
California,California
Caligula,Caligula
Callestr,Chert
Callestr,Flint
Calon,Heart
Calsiwm,Calcium
Calvados,Calvados
Calvin Coolidge,Calvin Coolidge
Cambodia,Cambodia
Cambriaidd,Cambrian
Camel,Camel
Camerŵn,Cameroon
Camlas,Canal
Camlas Panama,Panama Canal
Camlas Suez,Suez Canal
Campania,Campania
Canada,Canada
Canberra,Canberra
Cancr,Cancer
Caniad Solomon,Song of Solomon
Cannabis (cyffur),Cannabis (drug)
Canolbarth Affrica,Central Africa
Canolfan Masnach y Byd,World Trade Center
Canu gwlad,Country music
Cappadocia,Cappadocia
Caravaggio,Caravaggio
Carbon,Carbon
Carbonifferaidd,Carboniferous
Carchar,Prison
Carolus Linnaeus,Carolus Linnaeus
Carreg,Rock (geology)
Carreg Rosetta,Rosetta Stone
"Cartagena, Sbaen",Cartagena
Carthago,Carthage
Cartograffeg,Cartography
Carw,Deer
Casablanca,Casablanca
Casnewydd,Newport
Cassiopeia (cytser),Cassiopeia (constellation)
Castell,Castle
Castell (gwyddbwyll),Rook (chess)
Castellu (gwyddbwyll),Castling
Catalonia,Catalonia
Catalysis,Catalysis
Categori:100,100
Categori:1000,1000
Categori:12,12
Categori:14,14
Categori:16,16
Categori:17,17
Categori:1728,1728
Categori:1750au,1750s
Categori:1760au,1760s
Categori:1770au,1770s
Categori:1780au,1780s
Categori:1790au,1790s
Categori:1820au,1820s
Categori:1830au,1830s
Categori:1840au,1840s
Categori:1860au,1860s
Categori:1870au,1870s
Categori:1880au,1880s
Categori:1890au,1890s
Categori:1900au,1900s
Categori:1920au,1920s
Categori:1930au,1930s
Categori:1940au,1940s
Categori:1950au,1950s
Categori:1960au,1960s
Categori:1970au,1970s
Categori:1980au,1980s
Categori:1990au,1990s
Categori:500,500
Categori:Achyddiaeth,Genealogy
Categori:Addysg,Education
Categori:Adloniant,Entertainment
Categori:Affrica,Africa
Categori:Afghanistan,Afghanistan
Categori:Alabama,Alabama
Categori:Alaska,Alaska
Categori:Albania,Albania
Categori:Alberta,Alberta
Categori:Amaeth,Agriculture
Categori:Amgylchedd,Environment
Categori:Amser,Time
Categori:Amsterdam,Amsterdam
Categori:Anarchiaeth,Anarchism
Categori:Anatomeg,Anatomy
Categori:Andorra,Andorra
Categori:Anffyddiaeth,Atheism
Categori:Anialwch,Deserts
Categori:Anthropoleg,Anthropology
Categori:Antigua a Barbuda,Antigua and Barbuda
Categori:Archaeoleg,Archaeology
Categori:Arianneg,Finance
Categori:Arizona,Arizona
Categori:Arkansas,Arkansas
Categori:Armenia,Armenia
Categori:Asia,Asia
Categori:Assyria,Assyria
Categori:Asteraceae,Asteraceae
Categori:Astroffiseg,Astrophysics
Categori:Athroniaeth,Philosophy
Categori:Awstralia,Australia
Categori:Awstria,Austria
Categori:Azerbaijan,Azerbaijan
Categori:Bahamas,Bahamas
Categori:Bahrain,Bahrain
Categori:Banciau,Banks
Categori:Bangladesh,Bangladesh
Categori:Barbados,Barbados
Categori:Barddoniaeth,Poetry
Categori:Beibl,Bible
Categori:Belarws,Belarus
Categori:Belize,Belize
Categori:Bermuda,Bermuda
Categori:Bhutan,Bhutan
Categori:Biocemeg,Biochemistry
Categori:Bioleg,Biology
Categori:Bioleg foleciwlaidd,Molecular biology
Categori:Blynyddoedd,Years
Categori:Bolifia,Bolivia
Categori:Botaneg,Botany
Categori:Botswana,Botswana
Categori:Brasil,Brazil
Categori:Brenhiniaeth,Monarchy
Categori:Brunei,Brunei
Categori:Burkina Faso,Burkina Faso
Categori:Bwdhaeth,Buddhism
Categori:Bwlgaria,Bulgaria
Categori:Bwrwndi,Burundi
Categori:Bywyd,Life
Categori:Cabo Verde,Cape Verde
Categori:Camerŵn,Cameroon
Categori:Canada,Canada
Categori:Canolbarth America,Central America
Categori:Cartograffeg,Cartography
Categori:Cefnfor India,Indian Ocean
Categori:Cefnfor yr Iwerydd,Atlantic Ocean
Categori:Celfyddydau,Arts
Categori:Cemeg,Chemistry
Categori:Cemeg organig,Organic chemistry
Categori:Cenedlaetholdeb,Nationalism
Categori:Cerddoriaeth,Music
Categori:Cerddoriaeth glasurol,Classical music
Categori:Cerddoriaeth punk,Punk
Categori:Cerddoriaeth roc,Rock music
Categori:Cerfluniaeth,Sculpture
Categori:Chile,Chile
Categori:Cludiant,Transportation
Categori:Coffi,Coffee
Categori:Colombia,Colombia
Categori:Colorado,Colorado
Categori:Comiwnyddiaeth,Communism
Categori:Comoros,Comoros
Categori:Connecticut,Connecticut
Categori:Corea,Korea
Categori:Cosmoleg,Cosmology
Categori:Costa Rica,Costa Rica
Categori:Cristnogaeth,Christianity
Categori:Croatia,Croatia
Categori:Cronoleg,Chronology
Categori:Cuba,Cuba
Categori:Culforoedd,Straits
Categori:Cwrw,Beer
Categori:Cyfraith droseddol,Criminal law
Categori:Cyfraith ryngwladol,International law
Categori:Cymdeithaseg,Sociology
Categori:Cymru,Wales
Categori:Cynhanes,Prehistory
Categori:Cysawd yr Haul,Solar System
Categori:Daeareg,Geology
Categori:Daearyddiaeth,Geography
Categori:De Affrica,South Africa
Categori:De America,South America
Categori:De Carolina,South Carolina
Categori:De Corea,South Korea
Categori:De Dakota,South Dakota
Categori:Delaware,Delaware
Categori:Denmarc,Denmark
Categori:Dillad,Clothing
Categori:Dinas Efrog Newydd,New York City
Categori:Diplomyddiaeth,Diplomacy
Categori:Diwinyddiaeth,Theology
Categori:Diwylliant,Culture
Categori:Djibouti,Djibouti
Categori:Dominica,Dominica
Categori:Dyddiau,Days
Categori:Dylunio,Design
Categori:Dyniaethau,Humanities
Categori:Ecoleg,Ecology
Categori:Economeg,Economics
Categori:Ecuador,Ecuador
Categori:Efrog Newydd (talaith),New York
Categori:El Salvador,El Salvador
Categori:Electromagneteg,Electromagnetism
Categori:Emosiwn,Emotion
Categori:Eritrea,Eritrea
Categori:Estonia,Estonia
Categori:Ewrop,Europe
Categori:Fagaceae,Fagaceae
Categori:Ffasgiaeth,Fascism
Categori:Ffasiwn,Fashion
Categori:Ffilateliaeth,Philately
Categori:Ffilm,Film
Categori:Ffiseg,Physics
Categori:Fflorida,Florida
Categori:Ffotograffiaeth,Photography
Categori:Ffrainc,France
Categori:Ffrancod,French people
Categori:Ffrwythau,Fruit
Categori:Ffuglen,Fiction
Categori:Ffugwyddoniaeth,Pseudoscience
Categori:Ffyngau,Fungi
Categori:Fiji,Fiji
Categori:Føroyar,Faroe Islands
Categori:Gabon,Gabon
Categori:Gemau Olympaidd,Olympics
Categori:Geneteg,Genetics
Categori:Geoffiseg,Geophysics
Categori:Geometreg,Geometry
Categori:Georgia,Georgia (country)
Categori:Georgia (talaith UDA),Georgia (U.S. state)
Categori:Ghana,Ghana
Categori:Gogledd America,North America
Categori:Gogledd Carolina,North Carolina
Categori:Gogledd Dakota,North Dakota
Categori:Golff,Golf
Categori:Google,Google
Categori:Gorllewin Virginia,West Virginia
Categori:Gramadeg,Grammar
Categori:Grenada,Grenada
Categori:Guatemala,Guatemala
Categori:Guinée,Guinea
Categori:Guyana,Guyana
Categori:Gwahaniaethu,Disambiguation
Categori:Gweriniaeth Canolbarth Affrica,Central African Republic
Categori:Gweriniaeth Dominica,Dominican Republic
Categori:Gweriniaeth Iwerddon,Republic of Ireland
Categori:Gweriniaeth Tsiec,Czech Republic
Categori:Gwlad Belg,Belgium
Categori:Gwlad Groeg,Greece
Categori:Gwlad Pwyl,Poland
Categori:Gwlad Swazi,Swaziland
Categori:Gwlad yr Iâ,Iceland
Categori:Gwleidyddiaeth,Politics
Categori:Gwyddbwyll,Chess
Categori:Gwyddelod,Irish people
Categori:Gwyddoniaeth,Science
Categori:Gwyddor gwleidyddiaeth,Political science
Categori:Haiti,Haiti
Categori:Hanes,History
Categori:Hawaii,Hawaii
Categori:Heddlu,Law enforcement
Categori:Hessen,Hesse
Categori:Hil-laddiad,Genocide
Categori:Hindŵaeth,Hinduism
Categori:Hinsawdd,Climate
Categori:Hiwmor,Humor
Categori:Honduras,Honduras
Categori:Hong Kong,Hong Kong
Categori:Iau,Jupiter
Categori:Idaho,Idaho
Categori:Iechyd,Health
Categori:Ieithyddiaeth,Linguistics
Categori:Illinois,Illinois
Categori:India,India
Categori:Indiana,Indiana
Categori:Indonesia,Indonesia
Categori:Iowa,Iowa
Categori:Iran,Iran
Categori:Iseldirwyr,Dutch people
Categori:Islam,Islam
Categori:Israel,Israel
Categori:Istanbul,Istanbul
Categori:Iwgoslafia,Yugoslavia
Categori:Jamaica,Jamaica
Categori:Japan,Japan
Categori:Jeriwsalem,Jerusalem
Categori:Kansas,Kansas
Categori:Kazakstan,Kazakhstan
Categori:Kentucky,Kentucky
Categori:Kenya,Kenya
Categori:Kiribati,Kiribati
Categori:Kosovo,Kosovo
Categori:Kyrgyzstan,Kyrgyzstan
Categori:Latfia,Latvia
Categori:Lesotho,Lesotho
Categori:Libanus,Lebanon
Categori:Libya,Libya
Categori:Liechtenstein,Liechtenstein
Categori:Lithwania,Lithuania
Categori:Llawfeddygaeth,Surgery
Categori:Llenyddiaeth,Literature
Categori:Lloegr,England
Categori:Llundain,London
Categori:Llygad,Eye
Categori:Llên gwerin,Folklore
Categori:Louisiana,Louisiana
Categori:Lwcsembwrg,Luxembourg
Categori:Madagascar,Madagascar
Categori:Magnoliopsida,Magnoliopsida
Categori:Maine,Maine
Categori:Malawi,Malawi
Categori:Maldives,Maldives
Categori:Mali,Mali
Categori:Malta,Malta
Categori:Marchnata,Marketing
Categori:Marcsiaeth,Marxism
Categori:Marwolaeth,Death
Categori:Maryland,Maryland
Categori:Masnach,Commerce
Categori:Massachusetts,Massachusetts
Categori:Mathemateg,Mathematics
Categori:Mauritius,Mauritius
Categori:Mawrth,Mars
Categori:Meddalwedd,Software
Categori:Meddygaeth,Medicine
Categori:Metaffiseg,Metaphysics
Categori:Meteleg,Metallurgy
Categori:Meteoroleg,Meteorology
Categori:Mexico,Mexico
Categori:Michigan,Michigan
Categori:Micro-economeg,Microeconomics
Categori:Minnesota,Minnesota
Categori:Mississippi,Mississippi
Categori:Missouri,Missouri
Categori:Moeseg,Ethics
Categori:Moldofa,Moldova
Categori:Mongolia,Mongolia
Categori:Montana,Montana
Categori:Montenegro,Montenegro
Categori:Moroco,Morocco
Categori:Mosambic,Mozambique
Categori:Myanmar,Burma
Categori:Myanmar,Myanmar
Categori:Mytholeg,Mythology
Categori:Mytholeg Roeg,Greek mythology
Categori:Nadolig,Christmas
Categori:Natur,Nature
Categori:Nauru,Nauru
Categori:Nebraska,Nebraska
Categori:Nevada,Nevada
Categori:New Jersey,New Jersey
Categori:New Mexico,New Mexico
Categori:Newyddiaduriaeth,Journalism
Categori:Nicaragua,Nicaragua
Categori:Niwroleg,Neurology
Categori:Norwy,Norway
Categori:Oceania,Oceania
Categori:Ohio,Ohio
Categori:Oklahoma,Oklahoma
Categori:Oman,Oman
Categori:Ontario,Ontario
Categori:Oregon,Oregon
Categori:Paffwyr,Boxers
Categori:Pakistan,Pakistan
Categori:Palau,Palau
Categori:Panama,Panama
Categori:Papua Guinea Newydd,Papua New Guinea
Categori:Paraguay,Paraguay
Categori:Paris,Paris
Categori:Peirianneg drydanol,Electrical engineering
Categori:Pennsylvania,Pennsylvania
Categori:Pensaernïaeth,Architecture
Categori:Periw,Peru
Categori:Pobl,People
Categori:Polynesia Ffrengig,French Polynesia
Categori:Pontydd,Bridges
Categori:Portiwgal,Portugal
Categori:Prydeinwyr,British people
Categori:Puerto Rico,Puerto Rico
Categori:Pysgod,Fish
Categori:Pêl Fas,Basketball
Categori:Pêl-droed,Football (soccer)
Categori:Pêl-droed yn ôl gwlad,Football (soccer) by country
Categori:Qatar,Qatar
Categori:Radio,Radio
Categori:Rhifau,Numbers
Categori:Rhufain,Rome
Categori:Rhyddfrydiaeth,Liberalism
Categori:Rhyfel Fiet Nam,Vietnam War
Categori:Rhyngrwyd,Internet
Categori:Rwanda,Rwanda
Categori:Rwmania,Romania
Categori:Sadwrn,Saturn
Categori:Saeson,English people
Categori:Saint Kitts a Nevis,Saint Kitts and Nevis
Categori:Saint Lucia,Saint Lucia
Categori:Saint Vincent a'r Grenadines,Saint Vincent and the Grenadines
Categori:Samoa,Samoa
Categori:San Marino,San Marino
Categori:Saudi Arabia,Saudi Arabia
Categori:Sbaen,Spain
Categori:Sbaenwyr,Spanish people
Categori:Seicoleg,Psychology
Categori:Seismoleg,Seismology
Categori:Seland Newydd,New Zealand
Categori:Semanteg,Semantics
Categori:Serbia,Serbia
Categori:Seryddiaeth,Astronomy
Categori:Seychelles,Seychelles
Categori:Sierra Leone,Sierra Leone
Categori:Singapore,Singapore
Categori:Solanaceae,Solanaceae
Categori:Somalia,Somalia
Categori:Sosialaeth,Socialism
Categori:Sri Lanka,Sri Lanka
Categori:Sudan,Sudan
Categori:Suriname,Suriname
Categori:Swisiaid,Swiss people
Categori:Sylfaenol,Fundamental
Categori:Syria,Syria
Categori:Sŵoleg,Zoology
Categori:Tajikistan,Tajikistan
Categori:Taleithiau Ffederal Micronesia,Federated States of Micronesia
Categori:Tanzania,Tanzania
Categori:Tchad,Chad
Categori:Technoleg,Technology
Categori:Teledu,Television
Categori:Tenis,Tennis
Categori:Tennessee,Tennessee
Categori:Terfysgaeth,Terrorism
Categori:Texas,Texas
Categori:Theatr,Theatre
Categori:Tibet,Tibet
Categori:Timau pêl-droed,Football (soccer) clubs
Categori:Tonga,Tonga
Categori:Trigonometreg,Trigonometry
Categori:Trinidad a Tobago,Trinidad and Tobago
Categori:Troseddeg,Criminology
Categori:Trydan,Electricity
Categori:Tunisia,Tunisia
Categori:Twrci,Turkey
Categori:Uganda,Uganda
Categori:Unol Daleithiau America,United States
Categori:Uruguay,Uruguay
Categori:Utah,Utah
Categori:Uzbekistan,Uzbekistan
Categori:Vanuatu,Vanuatu
Categori:Venezuela,Venezuela
Categori:Vermont,Vermont
Categori:Virginia,Virginia
Categori:Washington (talaith),Washington
Categori:Wcráin,Ukraine
Categori:Wisconsin,Wisconsin
Categori:Wranws,Uranus
Categori:Wyoming,Wyoming
Categori:Y Cawcasws,Caucasus
Categori:Y Cefnfor Tawel,Pacific Ocean
Categori:Y Cenhedloedd Unedig,United Nations
Categori:Y Ddaear,Earth
Categori:Y Deyrnas Unedig,United Kingdom
Categori:Y Dwyrain Canol,Middle East
Categori:Y Rhyfel Oer,Cold War
Categori:Y Swistir,Switzerland
Categori:Y We Fyd-Eang,World Wide Web
Categori:Yemen,Yemen
Categori:Ymerodraeth yr Otomaniaid,Ottoman Empire
Categori:Ynys Manaw,Isle of Man
Categori:Ynysoedd Marshall,Marshall Islands
Categori:Ynysoedd Solomon,Solomon Islands
Categori:Yr Aifft,Egypt
Categori:Yr Ail Ryfel Byd,World War II
Categori:Yr Alban,Scotland
Categori:Yr Almaen,Germany
Categori:Yr Almaen Natsïaidd,Nazi Germany
Categori:Yr Alpau,Alps
Categori:Yr Antarctig,Antarctica
Categori:Yr Ariannin,Argentina
Categori:Yr Eidal,Italy
Categori:Yr Haul,Sun
Categori:Yr Iseldiroedd,Netherlands
Categori:Yr Oesoedd Canol,Middle Ages
Categori:Yr Undeb Ewropeaidd,European Union
Categori:Yr Wyddor Roeg,Greek alphabet
Categori:Yr Ymerodraeth Lân Rufeinig,Holy Roman Empire
Categori:Yr Ynysoedd Dedwydd,Canary Islands
Categori:Zimbabwe,Zimbabwe
Cyfrifiaduron,Computing
Cath,Cat
Catholigiaeth,Catholicism
Catrin Parr,Catherine Parr
Catrin o Aragon,Catherine of Aragon
Cawr nwy,Gas giant
Caws,Cheese
Cayenne,Cayenne
Cecil Rhodes,Cecil Rhodes
Ceffyl,Horse
Cefnfor,Ocean
Cefnfor India,Indian Ocean
Cefnfor yr Arctig,Arctic Ocean
Cefnfor yr Iwerydd,Atlantic Ocean
Ceidwadaeth,Conservatism
Ceirch,Oat
Celfyddyd,Art
Cell (bioleg),Cell (biology)
Cemeg,Chemistry
Cenedl,Nation
Cenedlaetholdeb,Nationalism
Centimetr,Centimetre
Centre,Centre
Cepheus (cytser),Cepheus (constellation)
Cerddor,Musician
Cerddoriaeth,Music
Cerddoriaeth boblogaidd,Pop music
Cerddoriaeth glasurol,Classical music
Cerddoriaeth roc,Rock music
Ceres,Ceres
Ceres (planed gorrach),Ceres (dwarf planet)
Cerflun Rhyddid,Statue of Liberty
Cerfluniaeth,Sculpture
Cernyw,Cornwall
Cesiwm,Caesium
Champagne-Ardenne,Champagne-Ardenne
Charleroi,Charleroi
Charles Baudelaire,Charles Baudelaire
Charles Chaplin,Charlie Chaplin
Charles Darwin,Charles Darwin
Charles Dickens,Charles Dickens
Charles de Gaulle,Charles de Gaulle
Charon (lloeren),Charon (moon)
Charon (mytholeg),Charon (mythology)
Chartres,Chartres
Che Guevara,Che Guevara
Chennai,Chennai
Chester A. Arthur,Chester A. Arthur
Chi (llythyren),Chi (letter)
Chicago,Chicago
Chihuahua,Chihuahua
Chile,Chile
Christiaan Huygens,Christiaan Huygens
Christopher Columbus,Christopher Columbus
Christopher Marlowe,Christopher Marlowe
Chuck Berry,Chuck Berry
Chwaraeon,Sport
Chwefror,February
Chwyldro Diwylliannol,Cultural Revolution
Chwyldro Rwsia,Russian Revolution (1917)
Ci,Dog
Cibwts,Kibbutz
Cicero,Cicero
Cig,Meat
Cigysydd,Carnivore
Cilomedr,Kilometre
Ciwcymbr,Cucumber
Claude Monet,Claude Monet
Claudio Monteverdi,Claudio Monteverdi
Claudius,Claudius
Cleddyf,Sword
Cleddyfa,Fencing
Cledrydd,Personal digital assistant
Clefyd,Disease
Clefyd Alzheimer,Alzheimer's disease
Clefyd y siwgr,Diabetes mellitus
Cleopatra (gwahaniaethu),Cleopatra (disambiguation)
Clitoris,Clitoris
Clorin,Chlorine
Cloroffyl,Chlorophyll
Clust,Ear
Cneuen,Nut (fruit)
Cneuen almon,Almond
Cnewyllyn,Cell nucleus
Cnidariad,Cnidaria
Coala,Koala
Coch,Red
Coctêl,Cocktail
Coden fustl,Gallbladder
Coeden,Tree
Coeden Nadolig,Christmas tree
Coeden ginco,Ginkgo
Coedwig,Forest
Coffi,Coffee
Cofiant,Biography
Cola,Cola
Colera,Cholera
Colombia,Colombia
Colombo,Colombo
Colomen,Columbidae
Colorado,Colorado
Colosseum,Colosseum
Colossus Rhodes,Colossus of Rhodes
Columba (cytser),Columba (constellation)
Comed,Comet
Comiwnyddiaeth,Communism
Comoros,Comoros
Conffederasiwn,Confederation
Conffiwsiaeth,Confucianism
Conffiwsiws,Confucius
Connecticut,Connecticut
Copenhagen,Copenhagen
Copr,Copper
Corc,Cork (city)
Cordog,Chordate
Corea,Korea
Corona Borealis,Corona Borealis
Corryn,Spider
Corsica,Corsica
Costa Rica,Costa Rica
Cotwm,Cotton
Craig igneaidd,Igneous rock
Cramen y Ddaear,Crust (geology)
Cramennog,Crustacean
Crefydd,Religion
Creta,Crete
Criced,Cricket
Cristnogaeth,Christianity
Croatia,Croatia
Croen,Skin
Cromen,Dome
Cromosom,Chromosome
Croth,Uterus
Crwban,Turtle
Crwban,Tortoise
Crynoddisg,Compact Disc
Crynwyr,Religious Society of Friends
Cuba,Cuba
Culfor,Strait
Culfor Bering,Bering Strait
Culfor Gibraltar,Strait of Gibraltar
Culfor Hormuz,Strait of Hormuz
Culfor Magellan,Strait of Magellan
Culfor Messina,Strait of Messina
Cumbria,Cumbria
Curitiba,Curitiba
Cusan,Kiss
Cwch,Boat
Cwlen,Cologne
Cwmwl,Cloud
Cwmwl Oort,Oort cloud
Cwrw,Beer
Cwsg,Sleep
Cyclades,Cyclades
Cyfalafiaeth,Capitalism
Cyfandir,Continent
Cyfansoddwr,Composer
Cyfathrach rywiol,Sexual intercourse
Cyflymiad,Acceleration
Cyfnewidfa Stoc Efrog Newydd,New York Stock Exchange
Cyfraith,Law
Cyfrifiad,Census
Cyfrifiadur,Computer
Cyfunrywioldeb,Homosexuality
Cyfystyr,Synonym
Cyhydedd,Equator
Cyhydnos,Equinox
Cyhyr,Muscle
Cylch,Circle
Cylchfa amser,Time zone
Cylchgrawn,Magazine
Cylchred Garbon,Carbon cycle
Cymanwlad y Gwladwriaethau Annibynnol,Commonwealth of Independent States
Cymdeithas,Society
Cymdeithaseg,Sociology
Cymru,Wales
Cymuned Ewropeaidd,European Community
Cynffon,Tail
Cynghrair y Cenhedloedd,League of Nations
Cyngor Chalcedon,Council of Chalcedon
Cyngor Cyntaf Nicaea,First Council of Nicaea
Cyngor Trent,Council of Trent
Cynhwysydd,Capacitor
Cynnyrch mewnwladol crynswth,Gross domestic product
Cyprus,Cyprus
Cyrdistan,Kurdistan
Cysawd yr Haul,Solar System
Cystennin I,Constantine I
Cystrawen,Syntax
Cytsain,Consonant
Cytser,Constellation
Cytundeb Versailles,Treaty of Versailles
Côr y Cewri,Stonehenge
D,D
D. H. Lawrence,D. H. Lawrence
D. W. Griffith,D. W. Griffith
DNA,DNA
DVD,DVD
Dadeni Dysg,Renaissance
Daeareg,Geology
Daeargryn,Earthquake
Daearyddiaeth,Geography
Dalai Lama,Dalai Lama
Dallineb,Blindness
Damascus,Damascus
Damcaniaeth y Glec Fawr,Big Bang
Daniel Defoe,Daniel Defoe
Dant,Tooth
Dante Alighieri,Dante Alighieri
Dar es Salaam,Dar es Salaam
Dardanelles,Dardanelles
Darjeeling,Darjeeling
Darwin,Darwin
Darwin (Tiriogaeth y Gogledd),Darwin
Das Kapital,Das Kapital
Datguddiad Ioan,Book of Revelation
Dawns,Dance
De America,South America
De Awstralia,South Australia
De Carolina,South Carolina
De Corea,South Korea
De Cymru Newydd,New South Wales
De Dakota,South Dakota
De facto,De facto
Decius,Decius (emperor)
Deco,Deco
Defonaidd,Devonian
Deimos (lloeren),Deimos (moon)
Deinosor,Dinosaur
Delaware,Delaware
Delhi Newydd,New Delhi
Delphi,Delphi
Delta,Delta
Delta (llythyren),Delta (letter)
Democratiaeth,Democracy
Demograffeg,Demography
Den Haag,The Hague
Denmarc,Denmark
Derwen,Oak
Derwydd,Druid
Desiderius Erasmus,Desiderius Erasmus
Detholiad naturiol,Natural selection
"Detroit, Michigan",Detroit
Deugotyledon,Dicotyledon
Deurywioldeb,Bisexuality
Dhaka,Dhaka
Dhaulagiri,Dhaulagiri
Diamedr,Diameter
"Diana, Tywysoges Cymru",Diana
Difyrwaith,Hobby
Dillad,Clothing
Dinas Efrog Newydd,New York City
Dinas Mexico,Mexico City
Dinas Panama,Panama City
Dinas-wladwriaeth,City-state
Dinasyddiaeth,Citizenship
Dingo,Dingo
Diocletian,Diocletian
Diod,Drink
Diplomyddiaeth,Diplomacy
Dirwasgiad Mawr,Great Depression
Dis,Dice
Disgyrchiant,Gravitation
Diwinyddiaeth,Theology
Diwrnod,Day
Diwydiant,Industry
Diwylliant,Culture
Dmitri Mendeleev,Dmitri Mendeleev
Dmitri Shostakovich,Dmitri Shostakovich
Dodecahedron,Dodecahedron
Dodecanese,Dodecanese
Dodiad,Affix
Doler yr Unol Daleithiau,United States dollar
Dolffin,Dolphin
Doli'r Ddafad,Dolly (sheep)
Domitian,Domitian
Don Quixote,Don Quixote
Donatello,Donatello
Dosbarth (bioleg),Class (biology)
Dosraniad normal,Normal distribution
Douala,Douala
Draco (cytser),Draco (constellation)
Draenog,Hedgehog
Draig,Dragon
Dresden,Dresden
Drwm,Drum
Du,Black
Dulyn,Dublin
Dur,Steel
Dushanbe,Dushanbe
Dustin Hoffman,Dustin Hoffman
Duw,God
Dwight D. Eisenhower,Dwight D. Eisenhower
Dwyrain Affrica,East Africa
Dwyrain Sussex,East Sussex
Dwyrain Timor,East Timor
Dychan,Satire
Dydd Gwener,Friday
Dydd Iau,Thursday
Dydd Llun,Monday
Dydd Mawrth,Tuesday
Dydd Mercher,Wednesday
Dydd Sadwrn,Saturday
Dydd Sul,Sunday
Dyffryn,Valley
Dyfnaint,Devon
Dylunio,Design
Dyn Neanderthal,Neanderthal
Dyneiddiaeth,Humanism
Dyslecsia,Dyslexia
Dŵr,Water
E,E
E-bost,E-mail
Ebrill,April
Echinoderm,Echinoderm
Ecoleg,Ecology
Economeg,Economics
Economeg,Economy
Ecosystem,Ecosystem
Ecuador,Ecuador
Edgar Allan Poe,Edgar Allan Poe
Edirne,Edirne
"Edmonton, Alberta",Edmonton
Edmund Burke,Edmund Burke
Edmund Hillary,Edmund Hillary
Edo,Edo
Edvard Grieg,Edvard Grieg
Edward Jenner,Edward Jenner
Edwin Powell Hubble,Edwin Hubble
Effesus,Ephesus
Efrog,York
Efrog Newydd,New York (disambiguation)
Efrog Newydd (talaith),New York
Eglwys,Church (building)
Eglwys Loegr,Church of England
Eglwys Uniongred Ddwyreiniol,Eastern Orthodox Church
Eglwys gadeiriol,Cathedral
Egni gwynt,Wind power
Egni solar,Solar energy
Eifftoleg,Egyptology
Eira,Snow
Eirlithriad,Avalanche
El Greco,El Greco
El Salvador,El Salvador
Electron,Electron
Elfen,Element
Elfen gemegol,Chemical element
Eliffant,Elephant
Elizabeth Taylor,Elizabeth Taylor
Ella Fitzgerald,Ella Fitzgerald
Elvis Presley,Elvis Presley
Elw,Profit
Emma Goldman,Emma Goldman
Empire State Building,Empire State Building
Emyn,Hymn
Enaid,Soul
Enrico Caruso,Enrico Caruso
Ensym,Enzyme
Enw,Noun
Epa,Ape
Epiros,Epirus (periphery)
Epistemoleg,Epistemology
Epsilon,Epsilon
Eratosthenes,Eratosthenes
Ericaceae,Ericaceae
Eris (planed gorrach),Eris (dwarf planet)
Ernest Rutherford,Ernest Rutherford
Erotica,Erotica
Erydiad,Erosion
Eryr,Eagle
Eryr Euraid,Golden Eagle
Esblygiad,Evolution
Esgob,Bishop
Esgob (gwyddbwyll),Bishop (chess)
Esperanto,Esperanto
Essex,Essex
Eta (llythyren),Eta (letter)
Ethiopia,Ethiopia
Etholiad,Election
Etna,Mount Etna
Euclid,Euclid
Euripides,Euripides
Eva Braun,Eva Braun
Ewcaryot,Eukaryote
Ewrasia,Eurasia
Ewro,Euro
Ewrop,Europe
Ewthanasia,Euthanasia
F,F
Farad,Farad
Federico Fellini,Federico Fellini
Feirws,Virus
"Felipe II, brenin Sbaen",Philip II of Spain
Felix Mendelssohn,Felix Mendelssohn
Fenis,Venice
Ferdinand de Saussure,Ferdinand de Saussure
Fernão de Magalhães,Ferdinand Magellan
Ferrara,Ferrara
Fertebrat,Vertebrate
Ffasgiaeth,Fascism
Ffederasiwn Rwsia,Russia
Ffenicia,Phoenicia
Ffibrosis systig,Cystic fibrosis
Ffidil,Violin
Ffilm,Film
Ffiseg,Physics
Fflandrys,Flanders
Ffliw,Influenza
Ffliwt,Flute
Fflorens,Florence
Fflorida,Florida
Ffonoleg,Phonology
Ffordd,Road
Ffosfforws,Phosphorus
Ffotograffiaeth,Photography
Ffotosynthesis,Photosynthesis
Ffrainc,France
Ffransis o Assisi,Francis of Assisi
Ffransiwm,Francium
Ffrwyth,Fruit
Ffuglen wyddonol,Science fiction
Ffugwyddoniaeth,Pseudoscience
Ffwndamentaliaeth,Fundamentalism
Ffwng,Fungus
Ffylwm,Phylum
Fidel Castro,Fidel Castro
Fiet Nam,Vietnam
Fiji,Fiji
Fiola,Viola
Florence Nightingale,Florence Nightingale
Fodca,Vodka
Francis Drake,Francis Drake
Francisco Franco,Francisco Franco
Francisco Goya,Francisco Goya
Francisco Pizarro,Francisco Pizarro
Frank Lloyd Wright,Frank Lloyd Wright
Frank Sinatra,Frank Sinatra
Frankfurt am Main,Frankfurt
Franklin Pierce,Franklin Pierce
Franz Kafka,Franz Kafka
Franz Schubert,Franz Schubert
Friuli-Venezia Giulia,Friuli-Venezia Giulia
Fryslân,Friesland
Fwlcan,Vulcan (mythology)
Fyodor Dostoievski,Fyodor Dostoevsky
Fyrsil,Virgil
G,G
Gabon,Gabon
Gaborone,Gaborone
Gabriel,Gabriel
Gaeaf,Winter
Gaeleg yr Alban,Scottish Gaelic
Gafr,Goat
Galatiaid,Galatia
Galicia,Galicia (Spain)
Galilea,Galilee
Galileo Galilei,Galileo Galilei
Galiwm,Gallium
Galway,Galway
Gamma,Gamma
Gardd,Garden
Gardd Eden,Garden of Eden
Garddio,Gardening
Gargoil,Gargoyle
Garlleg,Garlic
Geirdarddiad,Etymology
Geiriadur,Dictionary
Gellygen,Pear
Gemau Olympaidd Modern,Olympic Games
Genefa,Geneva
Genova,Genoa
Gent,Ghent
Genws (bioleg),Genus
Geocemeg,Geochemistry
Geoffrey Chaucer,Geoffrey Chaucer
Georg Hegel,Georg Wilhelm Friedrich Hegel
Georg Philipp Telemann,Georg Philipp Telemann
George Bernard Shaw,George Bernard Shaw
George Bush,George Bush
George Frideric Handel,George Frideric Handel
George Gershwin,George Gershwin
George Harrison,George Harrison
George Lucas,George Lucas
George Orwell,George Orwell
George Stephenson,George Stephenson
George W. Bush,George W. Bush
George Washington,George Washington
Georges Bizet,Georges Bizet
Georges Braque,Georges Braque
Georges Clemenceau,Georges Clemenceau
Georgia,Georgia (country)
Georgia (talaith UDA),Georgia (U.S. state)
Gerald Ford,Gerald Ford
Gerddi Crog Babilon,Hanging Gardens of Babylon
Germaniwm,Germanium
Geronimo,Geronimo
Geto,Ghetto
Ghana,Ghana
Giacomo Puccini,Giacomo Puccini
Gibraltar,Gibraltar
Giordano Bruno,Giordano Bruno
Giotto,Giotto di Bondone
Gironde,Gironde
Gitâr,Guitar
Giuseppe Verdi,Giuseppe Verdi
Glas,Blue
Glasgow,Glasgow
Glasoed,Puberty
Glaw,Rain
Glaw asid,Acid rain
Gliniadur,Laptop
Glo,Coal
Globaleiddio,Globalization
Glöyn byw,Butterfly
Gnaeus Pompeius Magnus,Pompey
Goa,Goa
Gobi,Gobi Desert
Gofod metrig,Metric space
Gogledd Affrica,North Africa
Gogledd America,North America
Gogledd Carolina,North Carolina
Gogledd Corea,North Korea
Gogledd Dakota,North Dakota
Gogledd Ewrop,Northern Europe
Gogledd Iwerddon,Northern Ireland
Golda Meir,Golda Meir
Goleudy,Lighthouse
Goleuni,Light
Golff,Golf
Google,Google
Gorffennaf,July
Gorllewin Affrica,West Africa
Gorllewin Awstralia,Western Australia
Gorllewin Bengal,West Bengal
Gorllewin Berlin,West Berlin
Gorllewin Sahara,Western Sahara
Gorllewin Sussex,West Sussex
Gorllewin Virginia,West Virginia
Gorllewin yr Almaen,West Germany
Gormodiaith,Hyperbole
Graffiti,Graffiti
Gramadeg,Grammar
Granada,Granada
Grawn,Cereal
Grawnafal,Pomegranate
Grawnwin,Grape
Gregor Mendel,Gregor Mendel
Grenoble,Grenoble
Grym,Force
Grønland,Greenland
Grŵp,Group
Grŵp (mathemateg),Group (mathematics)
Grŵp ethnig,Ethnic group
Guinea Gyhydeddol,Equatorial Guinea
Guiné-Bissau,Guinea-Bissau
Guinée,Guinea
Gujarat,Gujarat
Gustav Mahler,Gustav Mahler
Guto Ffowc,Guy Fawkes
Gwaed,Blood
Gwain,Vagina
Gwalch Marth,Goshawk
Gwalch y Pysgod,Osprey
Gwanwyn,Spring (season)
Gwareiddiad,Civilization
Gwe fyd-eang,World Wide Web
Gweddi'r Arglwydd,Lord's Prayer
Gwener (duwies),Venus (mythology)
Gwener (planed),Venus
Gwenith,Wheat
Gwenithfaen,Granite
Gwennol,Barn Swallow
Gwenynen,Bee
Gwerddon,Oasis
Gweriniaeth,Republic
Gweriniaeth Canolbarth Affrica,Central African Republic
Gweriniaeth Ddemocrataidd Congo,Democratic Republic of the Congo
Gweriniaeth Ddemocrataidd yr Almaen,East Germany
Gweriniaeth Dominica,Dominican Republic
Gweriniaeth Iwerddon,Republic of Ireland
Gweriniaeth Pobl China,People's Republic of China
Gweriniaeth Rhufain,Roman Republic
Gweriniaeth Tsiec,Czech Republic
Gweriniaeth Tsieina,Republic of China
Gweriniaeth Weimar,Weimar Republic
Gweriniaeth fanana,Banana republic
Gweriniaeth y Congo,Republic of the Congo
Gwerinwr (gwyddbwyll),Pawn (chess)
Gwin,Wine
Gwiwer,Sciuridae
Gwiwer,Squirrel
Gwlad,Country
Gwlad Belg,Belgium
Gwlad Groeg,Greece
Gwlad Iorddonen,Jordan
Gwlad Pwyl,Poland
Gwlad Swazi,Swaziland
Gwlad Thai,Thailand
Gwlad yr Haf,Somerset
Gwlad yr Iâ,Iceland
Gwladgarwch,Patriotism
Gwladwriaeth,State
Gwleidydd,Politician
Gwleidyddiaeth,Politics
Gwlff Aden,Gulf of Aden
Gwlff Oman,Gulf of Oman
Gwlff Persia,Persian Gulf
Gwlff Riga,Gulf of Riga
Gwlff y Ffindir,Gulf of Finland
Gwobr Nobel,Nobel Prize
Gwobrau'r Academi,Academy Award
Gwregys Kuiper,Kuiper belt
Gwrth-Semitiaeth,Antisemitism
Gwrthwynebair,Antonym
Gwyach Fawr Gopog,Great Crested Grebe
Gwybodaeth,Information
Gwyddbwyll,Chess
Gwyddoniadur,Encyclopedia
Gwyddoniaeth,Science
Gwyddoniaeth naturiol,Natural science
Gwyddor (iaith),Alphabet
Gwyddor gwleidyddiaeth,Political science
Gwyddorau daear,Earth science
Gwydr,Glass
Gwylan y Penwaig,Herring Gull
Gwyrdd,Green
Gwythïen,Vein
Gâl,Gaul
Gŵydd Wyllt,Greylag Goose
Gŵyl Calan Gaeaf,Halloween
H,H
H. G. Wells,H. G. Wells
HTML,HTML
HTTP,Hypertext Transfer Protocol
Hadrian,Hadrian
Haearn,Iron
Haen osôn,Ozone layer
Haf,Summer
Hafaliad,Equation
Hafaliad cwadratig,Quadratic equation
Hagia Sophia,Hagia Sophia
Haidd,Barley
Haiku,Haiku
Haiti,Haiti
Hajj,Hajj
Halen,Sodium chloride
Halogen,Halogen
Hamburg,Hamburg
Hamlet,Hamlet
Hampshire,Hampshire
Hanes,History
Hannah Arendt,Hannah Arendt
Hannibal,Hannibal
Hanoi,Hanoi
Hans Christian Andersen,Hans Christian Andersen
Harriet Beecher Stowe,Harriet Beecher Stowe
Haul,Sun
Haute-Normandie,Haute-Normandie
Hawaii,Hawaii
Hebog Tramor,Peregrine Falcon
Hectar,Hectare
Hector Berlioz,Hector Berlioz
Heddlu,Police
Heddwch,Peace
Heddychaeth,Pacifism
Heinrich Himmler,Heinrich Himmler
Hel Achau,Genealogy
Helen Keller,Helen Keller
Heliwm,Helium
Helsinki,Helsinki
Hen Oes y Cerrig,Paleolithic
Hen Slafoneg Eglwysig,Old Church Slavonic
Henri Matisse,Henri Matisse
Henrik Ibsen,Henrik Ibsen
Henry Ford,Henry Ford
Henry Moore,Henry Moore
Heracles,Hercules
Heracles,Heracles
Heraclitos,Heraclitus
Herat,Herat
Herbert Hoover,Herbert Hoover
Herod Fawr,Herod the Great
Herodotus,Herodotus
Hessen,Hesse
Heterorywioldeb,Heterosexuality
Hil-laddiad,Genocide
Hiliaeth,Racism
Himalaya,Himalayas
Hindŵaeth,Hinduism
Hippocrates,Hippocrates
Hirohito,Hirohito
Hiroshima,Hiroshima
Hizballah,Hezbollah
Ho Chi Minh,Ho Chi Minh
Hobart,Hobart
Hoci iâ,Ice hockey
Hokusai,Hokusai
Hollywood,Hollywood
Homeros,Homer
Homo,Homo (genus)
Honduras,Honduras
Hong Kong,Hong Kong
Horas,Horace
Horatio Nelson,Horatio Nelson
Horn Affrica,Horn of Africa
Hoyw,Gay
Hunan leddfu,Masturbation
Hunangofiant,Autobiography
"Huw Capet, brenin Ffrainc",Hugh Capet
Hwngari,Hungary
Hwyaden,Duck
Hwyaden Wyllt,Mallard
Hyd,Length
Hyderabad,Hyderabad
Hydref,October
Hydref (tymor),Autumn
Hydrocarbon,Hydrocarbon
Hydrogen,Hydrogen
Hydroleg,Hydrology
Hyperion (lloeren),Hyperion (moon)
Hysbysebu,Advertising
I,I
I. M. Pei,I. M. Pei
Iago fab Sebedeus,James
Iaith,Language
Ian Fleming,Ian Fleming
Ianws (lloeren),Janus (moon)
Iapetws (lloeren),Iapetus (moon)
Iau (duw),Zeus
Iau (planed),Jupiter
Idaho,Idaho
Iddew,Jew
Iddewiaeth,Judaism
Ideoleg,Ideology
Ieitheg,Philology
Ieithyddiaeth,Linguistics
Iesu,Jesus
Igor Stravinsky,Igor Stravinsky
Iliad,Iliad
Illinois,Illinois
Illyria,Illyria
Imam,Imam
Immanuel Kant,Immanuel Kant
Imperialaeth,Imperialism
India,India
Indiana,Indiana
Indira Gandhi,Indira Gandhi
Indonesia,Indonesia
Indra,Indra
Indrawn,Maize
Infertebrat,Invertebrate
Ingmar Bergman,Ingmar Bergman
Interlingua,Interlingua
Ioan Fedyddiwr,John the Baptist
Iogwrt,Yoghurt
Ionawr,January
Ionia,Ionia
Iota,Iota
Iowa,Iowa
Irac,Iraq
Iran,Iran
Isaac Bashevis Singer,Isaac Bashevis Singer
Isaac Newton,Isaac Newton
Isadeiledd,Infrastructure
Isis,Isis
Islam,Islam
Islamabad,Islamabad
Isomer,Isomer
Isotop,Isotope
Israel,Israel
Istanbul,Istanbul
Ivan Turgenev,Ivan Turgenev
Iwerddon,Ireland
Iwgoslafia,Yugoslavia
Iâ,Ice
Iâr (ddof),Chicken
Iŵl Cesar,Julius Caesar
J,J
J. D. Salinger,J. D. Salinger
Jac-y-do,Jackdaw
Jack Lemmon,Jack Lemmon
Jacques Cartier,Jacques Cartier
Jacques Offenbach,Jacques Offenbach
Jainiaeth,Jainism
Jakarta,Jakarta
Jalalabad,Jalalabad
Jamaica,Jamaica
James A. Garfield,James A. Garfield
James Bond,James Bond
James Buchanan,James Buchanan
James Clerk Maxwell,James Clerk Maxwell
James Cook,James Cook
James Joyce,James Joyce
James K. Polk,James K. Polk
James Madison,James Madison
James Monroe,James Monroe
James Prescott Joule,James Prescott Joule
James Watt,James Watt
Jammu a Kashmir,Jammu and Kashmir
Jan Hus,Jan Hus
Jane Austen,Jane Austen
Jane Fonda,Jane Fonda
Jane Seymour,Jane Seymour
Japan,Japan
Jawa,Java
Jawaharlal Nehru,Jawaharlal Nehru
Jazz,Jazz
Jean Calvin,John Calvin
Jean Racine,Jean Racine
Jean Sibelius,Jean Sibelius
Jean-Jacques Rousseau,Jean-Jacques Rousseau
Jean-Philippe Rameau,Jean-Philippe Rameau
Jeanne d’Arc,Joan of Arc
Jeddah,Jeddah
Jerez de la Frontera,Jerez de la Frontera
Jeriwsalem,Jerusalem
Jersey,Jersey
Ji-binc,Chaffinch
Jihad,Jihad
Jimi Hendrix,Jimi Hendrix
Jimmy Carter,Jimmy Carter
Johann Gutenberg,Johannes Gutenberg
Johann Sebastian Bach,Johann Sebastian Bach
Johann Wolfgang von Goethe,Johann Wolfgang von Goethe
Johannes Brahms,Johannes Brahms
Johannes Kepler,Johannes Kepler
John Adams,John Adams
John Keats,John Keats
John Lennon,John Lennon
John Locke,John Locke
John Major,John Major
John Maynard Keynes,John Maynard Keynes
John Milton,John Milton
John Quincy Adams,John Quincy Adams
John Tyler,John Tyler
John von Neumann,John von Neumann
Jonathan Swift,Jonathan Swift
Jorge Luis Borges,Jorge Luis Borges
Josef Haydn,Joseph Haydn
Joseff Stalin,Joseph Stalin
Joseph Conrad,Joseph Conrad
Josephus,Josephus
Jovian,Jovian
Judy Garland,Judy Garland
Julian,Julian the Apostate
Justinianus I,Justinian I
K,K
K2,K2
Kabul,Kabul
Kansas,Kansas
Kappa,Kappa
Karachi,Karachi
Karl Marx,Karl Marx
Karnataka,Karnataka
Katharine Hepburn,Katharine Hepburn
Kathmandu,Kathmandu
Katowice,Katowice
Kazakstan,Kazakhstan
Kazan’,Kazan
Kentucky,Kentucky
Kenya,Kenya
Khartoum,Khartoum
Khufu,Khufu
Kiev,Kiev
Kilimanjaro,Mount Kilimanjaro
Kingston (Jamaica),Kingston
Kiribati,Kiribati
Kiwi,Kiwi
Kolkata,Kolkata
Kosovo,Kosovo
Krakatoa,Krakatoa
Krishna,Krishna
Ku Klux Klan,Ku Klux Klan
Kurt Vonnegut,Kurt Vonnegut
Kurt Waldheim,Kurt Waldheim
Kuwait,Kuwait
Kyoto,Kyoto
Kyrgyzstan,Kyrgyzstan
L,L
La Spezia,La Spezia
Lactos,Lactose
Laissez-faire,Laissez-faire
Lambda,Lambda
Laos,Laos
Las Vegas,Las Vegas
Latfia,Latvia
Lausanne,Lausanne
Lawrasia,Laurasia
Lawrence o Arabia,T. E. Lawrence
Le Corbusier,Le Corbusier
Leeds,Leeds
Lefant,Levant
Lefiathan,Leviathan
Leiden,Leiden
Leipzig,Leipzig
Lemon,Lemon
Leo I,Leo I (emperor)
Leon Trotsky,Leon Trotsky
Leonard Bernstein,Leonard Bernstein
Leonardo da Vinci,Leonardo da Vinci
Lerpwl,Liverpool
Lesotho,Lesotho
Lhasa,Lhasa
Libanus,Lebanon
Liberia,Liberia
Libreville,Libreville
Libya,Libya
Liechtenstein,Liechtenstein
Liguria,Liguria
Lilith,Lilith
Lille,Lille
Lima,Lima
Lingua franca,Lingua franca
Linux,Linux
Lisbon,Lisbon
Lisp,Lisp (programming language)
Lithiwm,Lithium
Lithosffer,Lithosphere
Lithwania,Lithuania
Ljubljana,Ljubljana
Lladin,Latin
Llaeth,Milk
Llanw,Tide
Llaswyr,Rosary
Llaw,Hand
Llawysgrif,Manuscript
Lledred,Latitude
Lleng Rufeinig,Roman legion
Llenyddiaeth,Literature
Lleuad,Moon
Llew,Lion
Llifogydd,Flood
Lliw,Color
Lloegr,England
Lloegr Newydd,New England
Lloeren,Satellite
Llong,Ship
Llong danfor,Submarine
Llosgfynydd,Volcano
Llundain,London
Llundain Fwyaf,Greater London
Llwydni,Mold
Llwynog,Fox
Llychlyn,Scandinavia
Llyffant,Frog
Llyfr,Book
Llyfr Deuteronomium,Deuteronomy
Llyfr Dydd y Farn,Domesday Book
Llyfr Exodus,Exodus
Llyfr Genesis,Genesis
Llyfr Lefiticus,Leviticus
Llyfr Numeri,Book of Numbers
Llyfrgell,Library
Llygad,Eye
Llygredd,Pollution
Llyn,Lake
Llyn Baikal,Lake Baikal
Llyn Ilmen,Lake Ilmen
Llyn Ladoga,Lake Ladoga
Llyn Onega,Lake Onega
Llyn Tanganyika,Lake Tanganyika
Llyn Victoria,Lake Victoria
Llyngyren,Worm
Llyngyren gron,Nematode
Llyngyren ledog,Flatworm
Llys (cyfraith),Court
Llys Cyfiawnder Rhyngwladol,International Court of Justice
Llysieuyn,Vegetable
Llythrennedd,Literacy
Llythyr Paul at y Galatiaid,Epistle to the Galatians
Llythyren,Letter (alphabet)
Llywodraeth,Government
Loch Ness,Loch Ness
Loire (département),Loire
Lolita,Lolita
Lombardia,Lombardy
Lorraine,Lorraine (region)
Los Angeles,Los Angeles
Lot (département),Lot (department)
Louis Aragon,Louis Aragon
Louis Armstrong,Louis Armstrong
Louis Dduwiol,Louis the Pious
Louis Pasteur,Louis Pasteur
Louisiana,Louisiana
Luanda,Luanda
Luciano Pavarotti,Luciano Pavarotti
Ludwig Wittgenstein,Ludwig Wittgenstein
Ludwig van Beethoven,Ludwig van Beethoven
Lusaka,Lusaka
Lusitania (talaith),Lusitania
Lwcsembwrg,Luxembourg
Lydia,Lydia
Lyon,Lyon
M,M
Macau,Macau
Macbeth (drama),Macbeth
Macedonia,Macedonia
Macedonia (Gwlad Groeg),Macedonia (Greece)
Madagascar,Madagascar
Madfall,Lizard
Madrid,Madrid
Madrid (cymuned ymreolaethol),Madrid (autonomous community)
Maes magnetig,Magnetic field
Maghreb,Maghreb
Magned,Magnet
Magnesiwm,Magnesium
Maharashtra,Maharashtra
Mahatma Gandhi,Mahatma Gandhi
Mai,May
Maine,Maine
Malaria,Malaria
Malaysia,Malaysia
Malcolm X,Malcolm X
Maldives,Maldives
Mali,Mali
Mallorca,Majorca
Malta,Malta
Malteg,Maltese language
Mamal,Mammal
Mamoth,Mammoth
Manceinion,Manchester
Manganîs,Manganese
Manipur,Manipur
Manitoba,Manitoba
Mantell,Mantle (geology)
Mao Zedong,Mao Zedong
Maoaeth,Maoism
Map,Map
Marcel Marceau,Marcel Marceau
Marcel Proust,Marcel Proust
Marchnata,Marketing
Marchog (gwyddbwyll),Knight (chess)
Marco Polo,Marco Polo
Marcsiaeth,Marxism
Marcus Antonius,Mark Antony
Marcus Aurelius,Marcus Aurelius
Marcus Junius Brutus,Marcus Junius Brutus
Marcus Vipsanius Agrippa,Marcus Vipsanius Agrippa
Margaret Thatcher,Margaret Thatcher
Maria Callas,Maria Callas
Marie Curie,Marie Curie
Marilyn Monroe,Marilyn Monroe
Mark Twain,Mark Twain
Marlene Dietrich,Marlene Dietrich
Marmor,Marble
Marseille,Marseille
Martin Luther,Martin Luther
Martin Luther King,Martin Luther King
Martin Van Buren,Martin Van Buren
Marwolaeth,Death
Maryland,Maryland
Massachusetts,Massachusetts
Mater,Matter
Mathemateg,Mathematics
Mauna Kea,Mauna Kea
Mauna Loa,Mauna Loa
Maurice Ravel,Maurice Ravel
Mauritania,Mauritania
Mauritius,Mauritius
Mawn,Peat
Mawrth (mis),March
Max Bruch,Max Bruch
Max Ernst,Max Ernst
Max Weber,Max Weber
Mayenne,Mayenne
Mecca,Mecca
Medd,Mead
Medi,September
Medina,Medina
Mehefin,June
Meicrosgôp,Microscope
Meinwe cyswllt,Connective tissue
Mel Gibson,Mel Gibson
Melyn,Yellow
Menyn,Butter
Mercher (planed),Mercury (planet)
Mercwri,Mercury (element)
Mesopotamia,Mesopotamia
Metel,Metal
Metel alcalïaidd,Alkali metal
Meteoroleg,Meteorology
Metr,Metre
Meuse,Meuse
Mexico,Mexico
Michael Faraday,Michael Faraday
Michelangelo,Michelangelo
Michigan,Michigan
Mickey Mouse,Mickey Mouse
Miguel de Cervantes,Miguel de Cervantes
Mihangel,Michael (archangel)
Milan,Milan
Mileniwm,Millennium
Millard Fillmore,Millard Fillmore
Minaret,Minaret
Minnesota,Minnesota
Minsk,Minsk
Mintys,Mentha
Mishnah,Mishnah
Missouri,Missouri
Mitocondria,Mitochondrion
Mochyn cwta,Guinea pig
Mochyn daear,Eurasian Badger
Moesoldeb,Morality
Moldofa,Moldova
Moleciwl,Molecule
Molwsg,Mollusca
Monaco,Monaco
Mongolia,Mongolia
Monocotyledon,Monocotyledon
Monopoly,Monopoly (game)
Mont Blanc,Mont Blanc
Montana,Montana
Montenegro,Montenegro
Montevideo,Montevideo
Montreal,Montreal
Montserrat,Montserrat
Morafia,Moravia
Morffem,Morpheme
Morffoleg (daearyddiaeth),Geomorphology
Morffoleg (gwahaniaethu),Morphology
Morffoleg (iaith),Morphology (linguistics)
Morfil,Cetacea
Morfil,Whale
Morfuwch,Manatee
Morgi,Shark
Morgrugyn,Ant
Morlo,Pinniped
Moroco,Morocco
Moronen,Carrot
Mosambic,Mozambique
Moscfa,Moscow
Moselle,Moselle
Moses,Moses
Mosg,Mosque
Mosul,Mosul
Mu (llythyren),Mu (letter)
Muhammad,Muhammad
Mumbai,Mumbai
Mur Hadrian,Hadrian's Wall
Mur Mawr Tsieina,Great Wall of China
Muscat,Muscat
Mwsogl,Moss
Mwyn,Mineral
Mwynglawdd,Mining
Myanmar,Burma
Mynydd,Mountain
Mynydd Ararat,Mount Ararat
Mynydd Everest,Mount Everest
Mynydd Fuji,Mount Fuji
Mynydd St. Helens,Mount St. Helens
Mynydd Vesuvius,Mount Vesuvius
Mynyddoedd Altai,Altay Mountains
Mynyddoedd yr Atlas,Atlas Mountains
Mytholeg,Mythology
Mytholeg Roeg,Greek mythology
Mytholeg Rufeinig,Roman mythology
Màs,Mass
Mêl,Honey
Môr,Sea
Môr Adria,Adriatic Sea
Môr Aegeaidd,Aegean Sea
Môr Arabia,Arabian Sea
Môr Aral,Aral Sea
Môr Iwerddon,Irish Sea
Môr Japan,Sea of Japan
Môr Marw,Dead Sea
Môr Tasman,Tasman Sea
Môr Udd,English Channel
Môr y Caribî,Caribbean Sea
Môr y Gogledd,North Sea
Môr-ladrad,Piracy
München,Munich
N,N
Nadolig,Christmas
Naid hir,Long jump
Nairobi,Nairobi
Namibia,Namibia
Nancy,Nancy
Nanga Parbat,Nanga Parbat
Nanogwyddoniaeth,Nanotechnology
Naoned,Nantes
Napoli,Naples
Natur,Nature
Nauru,Nauru
Nebraska,Nebraska
Nebuchodnesar,Nebuchadrezzar II
Nefertiti,Nefertiti
Neidr,Snake
Neifion (planed),Neptune
Neil Armstrong,Neil Armstrong
Nelson Mandela,Nelson Mandela
Neon,Neon
Nepal,Nepal
Nereid (lloeren),Nereid (moon)
Nero,Nero
Nerva,Nerva
Nevada,Nevada
New Brunswick,New Brunswick
New Hampshire,New Hampshire
New Jersey,New Jersey
New Mexico,New Mexico
Newfoundland a Labrador,Newfoundland and Labrador
Newyddiaduraeth,Journalism
Niamey,Niamey
Nicaragua,Nicaragua
Nice,Nice
Nicolaus Copernicus,Nicolaus Copernicus
Niedersachsen,Lower Saxony
Niels Bohr,Niels Bohr
Niger,Niger
Nigeria,Nigeria
Nijmegen,Nijmegen
Nikola Tesla,Nikola Tesla
Nitrogen,Nitrogen
Niwtron,Neutron
Nix (lloeren),Nix (moon)
Noam Chomsky,Noam Chomsky
Nodyn:Stwbyn,Stub
Nofel,Novel
Nofio,Swimming
Norfolk,Norfolk
Norman Mailer,Norman Mailer
Norwy,Norway
Nos,Night
Nouakchott,Nouakchott
Nova Scotia,Nova Scotia
Novaya Zemlya,Novaya Zemlya
Novial,Novial
Novosibirsk,Novosibirsk
Nu (llythyren),Nu (letter)
Numidia,Numidia
Nunavut,Nunavut
Nwy,Gas
Nwy naturiol,Natural gas
Nwyon nobl,Noble gas
Nyx,Nyx (mythology)
O,O
Oaxaca,Oaxaca
Ocapi,Okapi
Oceania,Oceania
Ocsigen,Oxygen
Odessa,Odessa
Odl,Rhyme
Odysseia,Odyssey
Oed Crist,Anno Domini
Oes y Cerrig,Stone Age
Oes yr Efydd,Bronze Age
Oes yr Haearn,Iron Age
Oes yr Iâ,Ice age
Ofari,Ovary
Offeiriad,Priest
Offeryn cerdd,Musical instrument
Ofn,Fear
Ofydd,Ovid
Ogof,Cave
Ohio,Ohio
Oklahoma,Oklahoma
Olew,Oil
Olew,Oil (disambiguation)
Olewydden,Olive
Oligarchiaeth,Oligarchy
Oligopoli,Oligopoly
Oliver Cromwell,Oliver Cromwell
Olwyn,Wheel
"Omaha, Nebraska",Omaha
Oman,Oman
Omega,Omega
Omicron,Omicron
Ontario,Ontario
Opera,Opera
Opiwm,Opium
Opteg,Optics
Ordofigaidd,Ordovician
Oregon,Oregon
Oren (ffrwyth),Orange (fruit)
Organ (anatomeg),Organ (anatomy)
Organ (offeryn cerdd),Organ (music)
Orgasm,Orgasm
Orgraff,Orthography
Orissa,Orissa
Osaka,Osaka
Osama bin Laden,Osama bin Laden
Oscar Wilde,Oscar Wilde
Oslo,Oslo
Osôn,Ozone
Othello,Othello
Otho,Otho
Ottawa,Ottawa
Otto von Bismarck,Otto von Bismarck
Oviedo,Oviedo
P,P
PH,PH
Pab,Pope
Pablo Picasso,Pablo Picasso
Padua,Padua
Paganiaeth,Paganism
Pakistan,Pakistan
Palas Buckingham,Buckingham Palace
Palau,Palau
Paleontoleg,Paleontology
Palermo,Palermo
Palesteina,Palestine
Palmwydden,Arecaceae
Palmwydden ddatys,Date Palm
Palmyra,Palmyra
Pan (duw),Pan (mythology)
Panama,Panama
Panda Coch,Red Panda
Pandemig,Pandemic
Pangaea,Pangaea
Pantheistiaeth,Pantheism
Pantheon,Pantheon
Papua Guinea Newydd,Papua New Guinea
Paraffilia,Paraphilia
Paraguay,Paraguay
Paramaribo,Paramaribo
Parc Cenedlaethol,National park
Paris,Paris
Parodi,Parody
Parthenon,Parthenon
Parthia,Parthia
Parvati,Parvati
Passeriformes,Passerine
Patagonia,Patagonia
Patrick White,Patrick White
Paul McCartney,Paul McCartney
Paul Newman,Paul Newman
Paul Verlaine,Paul Verlaine
Pedwar,4 (number)
Pegwn y De,South Pole
Pegwn y Gogledd,North Pole
Peirianneg,Engineering
Peiriant ager,Steam engine
Peiriant cyfieithu,Machine translation
Pen,Head
Penglog,Skull
Pengwin,Penguin
Penhwyad,Northern pike
Pennsylvania,Pennsylvania
Penrhyn Gobaith Da,Cape of Good Hope
Pensaer,Architect
Pensaernïaeth,Architecture
Pensaernïaeth Gothig,Gothic architecture
Pensil,Pencil
Pepin Fychan,Pepin the Short
Pepsi,Pepsi
Percy Bysshe Shelley,Percy Bysshe Shelley
Periw,Peru
Permaidd,Permian
Perseus (cytser),Perseus (constellation)
Perseus (mytholeg),Perseus
Perth (Awstralia),Perth
Peter Paul Rubens,Peter Paul Rubens
Petroliwm,Petroleum
Phi (llythyren),Phi (letter)
Philadelphia,Philadelphia
Phnom Penh,Phnom Penh
Phobos (lloeren),Phobos (moon)
Pi,Pi
Pi (llythyren),Pi (letter)
Piano,Piano
Picardie,Picardie
Piemonte,Piedmont
Pilipinas,Philippines
Pioden,European Magpie
Pla Du,Black Death
Plaid Bolsiefic,Bolshevik
Plaid Ddemocrataidd (Unol Daleithiau),Democratic Party (United States)
Plaid Weriniaethol (Unol Daleithiau),Republican Party (United States)
Plaid wleidyddol,Political party
Plancton,Plankton
Planed,Planet
Planhigyn,Plant
Planhigyn blodeuol,Flowering plant
Planhigyn ŵy,Eggplant
Plastig,Plastic
Platinwm,Platinum
Platon,Plato
Plinius yr Hynaf,Pliny the Elder
Plinius yr Ieuengaf,Pliny the Younger
Plovdiv,Plovdiv
Plwm,Lead
Plwton,Pluto (disambiguation)
Plwton (planed gorrach),Pluto
Plwtoniwm,Plutonium
Plymouth,Plymouth
Poblogaeth,Population
Poitiers,Poitiers
Poliomyelitis,Poliomyelitis
Poloniwm,Polonium
Polynesia,Polynesia
Polynomial,Polynomial
Pompeii,Pompeii
Pont,Bridge
Pontius Pilat,Pontius Pilate
Porslen,Porcelain
Portiwgal,Portugal
Portland,Portland
Portland (Oregon),Portland
Potasiwm,Potassium
Powdwr gwn,Gunpowder
Prag,Prague
Pridd,Soil
Prifddinas,Capital
Prifysgol,University
Prince Edward Island,Prince Edward Island
Pris,Price
Propaganda,Propaganda
Protestaniaeth,Protestantism
Protist,Protist
Proton,Proton
Prydain Fawr,Great Britain
Pryf,Insect
Psi (llythyren),Psi (letter)
Ptolemi,Ptolemy
Puerto Rico,Puerto Rico
Puglia,Apulia
Pump,5 (number)
Punt sterling,Pound sterling
Pyramid,Pyramid
Pyreneau,Pyrenees
Pysgodyn,Fish
Pysgodyn esgyrnog,Osteichthyes
Pysgota,Fishing
Pythagoras,Pythagoras
P'yŏngyang,Pyongyang
Pêl fasged,Basketball
Pêl-droed,Football (soccer)
Q,Q
Qatar,Qatar
Quechua,Quechua
Queensland,Queensland
Quito,Quito
Québec (dinas),Quebec City
Québec (talaith),Quebec
R,R
Rabat (Moroco),Rabat
Rabindranath Tagore,Rabindranath Tagore
Raffaello Sanzio,Raphael
Ramayana,Ramayana
Ramesses II,Ramesses II
Rasio ceffylau,Horse racing
Rasio ceir,Auto racing
Ravenna,Ravenna
Rawalpindi,Rawalpindi
Ray Bradbury,Ray Bradbury
Refferendwm,Referendum
Reggae,Reggae
Reims,Reims
Reis,Rice
Rembrandt,Rembrandt
Rhaeadr,Waterfall
Rhaeadr Niagara,Niagara Falls
Rhaeadrau Iguazú,Iguazu Falls
Rhagfyr,December
Rhanbarth,Region
Rhannu (mathemateg),Division (mathematics)
Rhea (lloeren),Rhea (moon)
Rhedynen,Fern
Rhewlif,Glacier
Rhif Atomig,Atomic number
Rhif cysefin,Prime number
Rhif màs,Mass number
Rhif naturiol,Natural number
Rho (llythyren),Rho (letter)
Rhode Island,Rhode Island
Rhodes,Rhodes
Rhufain,Rome
Rhyddiaith,Prose
Rhydweli,Artery
Rhydychen,Oxford
Rhyfel Cartref America,American Civil War
Rhyfel Cartref Lloegr,English Civil War
Rhyfel Cartref Sbaen,Spanish Civil War
Rhyfel Chwe Diwrnod,Six-Day War
Rhyfel Corea,Korean War
Rhyfel Deng Mlynedd ar Hugain,Thirty Years' War
Rhyfel Fiet Nam,Vietnam War
Rhyfel cartref,Civil war
Rhyfeloedd y Balcanau,Balkan Wars
Rhyfeloedd y Rhosynnau,Wars of the Roses
Rhyg,Rye
Rhyngrwyd,Internet
Rhythm a blŵs,Rhythm and blues
Rhyw,Sex
Rhywogaeth,Species
Ribosom,Ribosome
Richard Feynman,Richard Feynman
Richard Nixon,Richard Nixon
Richard Wagner,Richard Wagner
Riga,Riga
Rio de Janeiro,Rio de Janeiro
Riyadh,Riyadh
Roald Amundsen,Roald Amundsen
Robert Boyle,Robert Boyle
Robert Burns,Robert Burns
Robert Louis Stevenson,Robert Louis Stevenson
Robert Owen,Robert Owen
Robert Schumann,Robert Schumann
Rockies,Rocky Mountains
Romaunsch,Romansh
Ronald Reagan,Ronald Reagan
Rosa Parks,Rosa Parks
Rotterdam,Rotterdam
Rudyard Kipling,Rudyard Kipling
Rupert Murdoch,Rupert Murdoch
Rutherford B. Hayes,Rutherford B. Hayes
Rwanda,Rwanda
Rwbidiwm,Rubidium
Rwmania,Romania
Rêp,Rapeseed
S,S
Saddam Hussein,Saddam Hussein
Sadwrn (duw),Saturn (mythology)
Sadwrn (planed),Saturn
Saesneg,English language
Saeson,English people
Sahara,Sahara
Sain,Sound
Saint Kitts a Nevis,Saint Kitts and Nevis
Saint Lucia,Saint Lucia
Saint Vincent a'r Grenadines,Saint Vincent and the Grenadines
Saladin,Saladin
Salman Rushdie,Salman Rushdie
"Salvador, Brasil",Salvador
Samoa,Samoa
Samuel Beckett,Samuel Beckett
San Francisco,San Francisco
San Juan (Puerto Rico),San Juan
San Marino,San Marino
Sandro Botticelli,Sandro Botticelli
Sansgrit,Sanskrit
Sant,Saint
Sant Padrig,Saint Patrick
Sant Pedr,Saint Peter
Santa Fe,Santa Fe
Santiago (gwahaniaethu),Santiago
Santiago de Chile,Santiago
Sappho,Sappho
Sarah Bernhardt,Sarah Bernhardt
Sarajevo,Sarajevo
Sardinia,Sardinia
Sardîn,Sardine
Saskatchewan,Saskatchewan
Saudi Arabia,Saudi Arabia
Sbaen,Spain
Sbeis,Spice
Sbwng,Sponge
Sbwriel,Waste
Schutzstaffel,Schutzstaffel
Scipio Africanus,Scipio Africanus
Scrabble,Scrabble
Sefydliad Cytundeb Gogledd yr Iwerydd,NATO
Segovia,Segovia
Seicoleg,Psychology
Seineg,Phonetics
Seioniaeth,Zionism
Seismoleg,Seismology
Seland Newydd,New Zealand
Seleniwm,Selenium
Semen,Semen
Senedd,Parliament
Senon,Xenon
Seoul,Seoul
Serbia,Serbia
Serbia a Montenegro,Serbia and Montenegro
Seren,Star
Seryddiaeth,Astronomy
Sevilla,Seville
Seychelles,Seychelles
Sgwâr,Square (geometry)
Shah,Shah
Shanghai,Shanghai
Sheffield,Sheffield
Shetland,Shetland
Shintō,Shinto
Shiva,Shiva
Siamanaeth,Shamanism
Siarl Foel,Charles the Bald
Siarlymaen,Charlemagne
Siberia,Siberia
Siciaeth,Sikhism
Sicilia,Sicily
Siddhartha Gotama,Gautama Buddha
Sidydd,Zodiac
Sielo,Cello
Sierra Leone,Sierra Leone
Sierôm,Jerome
Sigmund Freud,Sigmund Freud
Sigrid Undset,Sigrid Undset
Sikkim,Sikkim
Silicon,Silicon
Sillaf,Syllable
Silwraidd,Silurian
Simone de Beauvoir,Simone de Beauvoir
Sinai,Sinai Peninsula
Sinc,Zinc
Singapore,Singapore
Sinsir,Ginger
Siocled,Chocolate
Siracusa,Syracuse
Siwgr,Sugar
Skopje,Skopje
Slofacia,Slovakia
Slofenia,Slovenia
Snwcer,Snooker
Socrates,Socrates
Sodiwm,Sodium
Soffocles,Sophocles
Sofia,Sofia
Somalia,Somalia
Somme (département),Somme
Soned,Sonnet
Sorghwm,Sorghum
Sosialaeth,Socialism
Sparta,Sparta
Sri Lanka,Sri Lanka
St Petersburg,Saint Petersburg
Stanley Kubrick,Stanley Kubrick
Stavanger,Stavanger
Stephen Hawking,Stephen Hawking
Steven Spielberg,Steven Spielberg
Stockholm,Stockholm
Strasbourg,Strasbourg
Strontiwm,Strontium
Stupa,Stupa
Suharto,Suharto
Sul y Blodau,Palm Sunday
Sulawesi,Sulawesi
Sumatera,Sumatra
Suriname,Suriname
Surrey,Surrey
Swdan,Sudan
Swdocw,Sudoku
Sweden,Sweden
Swrealistiaeth,Surrealism
Swydd Gaerhirfryn,Lancashire
Swydd Gaerloyw,Gloucestershire
Swydd Gaerwrangon,Worcestershire
Swydd Gogledd Efrog,North Yorkshire
Swydd Hertford,Hertfordshire
Swydd Lincoln,Lincolnshire
Sydney,Sydney
Sylffwr,Sulfur
Sylffwr deuocsid,Sulfur dioxide
Sylvia Plath,Sylvia Plath
Symffoni,Symphony
Syria,Syria
System atgenhedlol,Sex organ
System dreulio,Gastrointestinal tract
System resbiradol,Respiratory system
Sénégal,Senegal
Sŵoleg,Zoology
Sŵra,Sura
T,T
T. S. Eliot,T. S. Eliot
Tabl Cyfnodol,Periodic table
Tachwedd,November
Tacitus,Tacitus
Tacson,Taxon
Taeog,Serfdom
Tafod,Tongue
Tafodiaith,Dialect
Taiwan,Taiwan
Taj Mahal,Taj Mahal
Tajikistan,Tajikistan
Taleithiau Ffederal Micronesia,Federated States of Micronesia
Tamil Nadu,Tamil Nadu
Tanwydd ffosil,Fossil fuel
Tanzania,Tanzania
Taoaeth,Taoism
Tarn,Tarn
Tasmania,Tasmania
Tatanka Lyotake,Sitting Bull
Taten,Potato
Tau,Tau
Tchad,Chad
Te,Tea
Technoleg,Technology
Tectoneg platiau,Plate tectonics
Tegan,Toy
Tegucigalpa,Tegucigalpa
Tehran,Tehran
Teigr,Tiger
Teisen,Cake
Tel Aviv,Tel Aviv
Teledu,Television
Telyn,Harp
Teml,Temple
Teml Artemis (Effesus),Temple of Artemis
Tenis,Tennis
Tennessee,Tennessee
Tenzing Norgay,Tenzing Norgay
Terfysgaeth,Terrorism
Tetanws,Tetanus
Tethys (lloeren),Tethys (moon)
Tetrahydrocannabinol,Tetrahydrocannabinol
Teulu (bioleg),Family (biology)
Texas,Texas
Teyrn (gwyddbwyll),King (chess)
Teyrnas (bioleg),Kingdom (biology)
Thebai,Thebes
Themistocles,Themistocles
Theocrataeth,Theocracy
Theodore Roosevelt,Theodore Roosevelt
Theodosius I,Theodosius I
Thermodynameg,Thermodynamics
Thessaloníci,Thessaloniki
Theta,Theta
Thomas Aquinas,Thomas Aquinas
Thomas Edison,Thomas Edison
Thomas Hardy,Thomas Hardy
Thomas Hobbes,Thomas Hobbes
Thomas Jefferson,Thomas Jefferson
Thomas Malthus,Thomas Malthus
Thomas More,Thomas More
Thomas Paine,Thomas Paine
Thrace,Thrace
Tiberius,Tiberius
Tibet,Tibet
Tierra del Fuego,Tierra del Fuego
Timor,Timor
Tiranë,Tirana
Tiriogaeth y Gogledd,Northern Territory
Tiriogaethau'r Gogledd-orllewin,Northwest Territories
Titan,Titan (disambiguation)
Titan (lloeren),Titan (moon)
Titania (lloeren),Titania (moon)
Titus,Titus
Titus Livius,Livy
Titw,Tit (bird)
Tivoli,Tivoli
Tiwbiau Ffalopaidd,Fallopian tube
Tiwlip,Tulip
Tlodi,Poverty
Togo,Togo
Tokyo,Tokyo
Toledo,Toledo
Tom Hanks,Tom Hanks
Tomato,Tomato
Tombouctou,Timbuktu
Ton,Wave
Tonga,Tonga
Tony Blair,Tony Blair
Torino,Turin
Toronto,Toronto
Toscana,Tuscany
Toulouse,Toulouse
Tour de France,Tour de France
Traeth,Beach
Trajan,Trajan
Traphont,Aqueduct
Tref,Town
Tref y Penrhyn,Cape Town
Treth,Tax
Tri,3 (number)
Triangulum (cytser),Triangulum
Trigonometreg,Trigonometry
Trinidad a Tobago,Trinidad and Tobago
Triongl,Triangle
Tripoli,Tripoli
Triton (lloeren),Triton (moon)
Troed,Foot
Trofannau,Tropics
Trol,Troll
Trondheim,Trondheim
Troseddeg,Criminology
Trosiad,Metaphor
Trwyn,Nose
Trydan,Electricity
Trên,Train
Tsiecoslofacia,Czechoslovakia
Tsieina,China
Tsimpansî,Chimpanzee
Tsunami,Tsunami
Tun,Tin
Tunis,Tunis
Tunisia,Tunisia
Turkmenistan,Turkmenistan
Twfalw,Tuvalu
Twngsten,Tungsten
Twrci,Turkey
Twristiaeth,Tourism
Tybaco,Tobacco
Tycho Brahe,Tycho Brahe
Tylluan,Owl
Tylluan Fach,Little Owl
Tylluan Frech,Tawny Owl
Tylluan Gorniog,Long-eared Owl
Tylluan Wen,Barn Owl
Tylwyth Teg,Fairy
Tyrus,Tyre
Tywod,Sand
Tywodfaen,Sandstone
Tywysog Cymru,Prince of Wales
Tân,Fire
Tŵr,Tower
Tŷ,House
U,U
UNESCO,UNESCO
UNICEF,United Nations Children's Fund
URL,Uniform Resource Locator
UTC,Coordinated Universal Time
Ucheldiroedd Golan,Golan Heights
Ulan Bator,Ulan Bator
Ulster,Ulster
Ulysses S. Grant,Ulysses S. Grant
Un deg wyth,18 (number)
Undduwiaeth,Monotheism
Undeb Ewropeaidd,European Union
Uned seryddol,Astronomical unit
Unol Daleithiau America,United States
Upsilon,Upsilon
Urdd (bioleg),Order (biology)
Urdd Sant Bened,Order of Saint Benedict
Urdd Sant Ffransis,Franciscan
Uruguay,Uruguay
Utah,Utah
Utrecht (dinas),Utrecht (city)
Utrecht (talaith),Utrecht (province)
Uttar Pradesh,Uttar Pradesh
Uzbekistan,Uzbekistan
V,V
Vaduz,Vaduz
Valencia,Valencia
Valletta,Valletta
Vancouver,Vancouver
Vanuatu,Vanuatu
Var,Var (department)
Varna,Varna
Veneto,Veneto
Venezuela,Venezuela
Vermont,Vermont
Verona,Verona
Vespasian,Vespasian
Victor Hugo,Victor Hugo
Victoria,Victoria
Victoria (Awstralia),Victoria (Australia)
Victoria (British Columbia),Victoria
"Victoria, Seychelles",Victoria
Vienne,Vienne
Vientiane,Vientiane
Vincent van Gogh,Vincent van Gogh
Virginia,Virginia
Virginia Woolf,Virginia Woolf
Vishnu,Vishnu
Vitus Bering,Vitus Bering
Vladimir Lenin,Vladimir Lenin
Vladimir Nabokov,Vladimir Nabokov
Vladimir Putin,Vladimir Putin
Volgograd,Volgograd
Voltaire,Voltaire
W,W
Walt Disney,Walt Disney
Walter Scott,Walter Scott
Warsaw,Warsaw
Washington,Washington (disambiguation)
Washington (talaith),Washington
"Washington, D.C.",Washington
Wcráin,Ukraine
Wganda,Uganda
Whitehorse,Whitehorse
Wien,Vienna
Wiesbaden,Wiesbaden
"Wiliam II, ymerawdwr yr Almaen",William II
William Butler Yeats,William Butler Yeats
William Ewart Gladstone,William Gladstone
William Henry Harrison,William Henry Harrison
William Herschel,William Herschel
William Howard Taft,William Howard Taft
William McKinley,William McKinley
William Shakespeare,William Shakespeare
William Wordsworth,William Wordsworth
Windhoek,Windhoek
Winnipeg,Winnipeg
Winston Churchill,Winston Churchill
Wisconsin,Wisconsin
Wolfgang Amadeus Mozart,Wolfgang Amadeus Mozart
Woodrow Wilson,Woodrow Wilson
Woody Allen,Woody Allen
Wranws (planed),Uranus
Wrdw,Urdu
Wyneb,Face
Wyoming,Wyoming
Wythnos,Week
X,X
Xi,Xi
Y,Y
Y Bedwaredd Groesgad,Fourth Crusade
Y Beibl,Bible
Y Blaid Lafur (DU),Labour Party (UK)
Y Carolingiaid,Carolingian dynasty
Y Cefnfor Tawel,Pacific Ocean
Y Cenhedloedd Unedig,United Nations
Y Chwyldro Diwydiannol,Industrial Revolution
Y Chwyldro Ffrengig,French Revolution
Y Cynghrair Arabaidd,Arab League
Y Ddaear,Earth
Y Deyrnas Unedig,United Kingdom
Y Diwygiad Protestannaidd,Protestant Reformation
Y Drydedd Groesgad,Third Crusade
Y Dwyrain Canol,Middle East
Y Fam Teresa,Mother Teresa
Y Fatican,Vatican City
Y Ffindir,Finland
Y Forwyn Fair,Mary (mother of Jesus)
Y Fwlgat,Vulgate
Y Gambia,The Gambia
Y Gamp Lawn (tenis),Grand Slam (tennis)
Y Greal Santaidd,Holy Grail
Y Groesgad Gyntaf,First Crusade
Y Gymanwlad,Commonwealth of Nations
Y Gymdeithas Frenhinol,Royal Society
Y Lan Orllewinol,West Bank
Y Llychlynwyr,Viking
Y Llynnoedd Mawr,Great Lakes
Y Môr Baltig,Baltic Sea
Y Môr Canoldir,Mediterranean Sea
Y Môr Coch,Red Sea
Y Môr Du,Black Sea
Y Rhyfel Byd Cyntaf,World War I
Y Rhyfel Can Mlynedd,Hundred Years' War
Y Rhyfel Oer,Cold War
Y Rhyfel Saith Mlynedd,Seven Years' War
Y Swistir,Switzerland
Y Taleban,Taliban
Y Testament Newydd,New Testament
"Y Tywysog Siarl, Tywysog Cymru",Charles
Y Weriniaeth Arabaidd Unedig,United Arab Republic
Y felan,Blues
Y gosb eithaf,Capital punishment
Yasser Arafat,Yasser Arafat
Ydfran,Rook (bird)
Yemen,Yemen
Yerevan,Yerevan
Yeti,Yeti
Ymennydd,Brain
Ymerodraeth Persia,Persian Empire
Ymerodraeth yr Otomaniaid,Ottoman Empire
Ymgarthion,Feces
Ymlusgiad,Reptile
Ymosodiadau 11 Medi 2001,September 11
Ynni niwclear,Nuclear power
Ynys,Island
Ynys Baffin,Baffin Island
Ynys Bouvet,Bouvet Island
Ynys Manaw,Isle of Man
Ynys Norfolk,Norfolk Island
Ynys Wyth,Isle of Wight
Ynys y Garn,Guernsey
Ynysoedd Balearig,Balearic Islands
Ynysoedd Heledd,Hebrides
Ynysoedd Marshall,Marshall Islands
Ynysoedd Prydain ac Iwerddon,British Isles
Ynysoedd Solomon,Solomon Islands
Ynysoedd y Falklands,Falkland Islands
Yoko Ono,Yoko Ono
Yokohama,Yokohama
Yr Aifft,Egypt
Yr Ail Ryfel Byd,World War II
Yr Alban,Scotland
Yr Almaen,Germany
Yr Almaen Natsïaidd,Nazi Germany
Yr Antarctig,Antarctica
Yr Apostol Paul,Paul the Apostle
Yr Arctig,Arctic
Yr Arglwyddes Jane Grey,Lady Jane Grey
Yr Ariannin,Argentina
Yr Asiantaeth Ynni Atomig Ryngwladol,International Atomic Energy Agency
Yr Awyrlu Brenhinol,Royal Air Force
Yr Efengyl yn ôl Luc,Gospel of Luke
Yr Eglwys Gatholig Rufeinig,Roman Catholic Church
Yr Eidal,Italy
Yr Emiradau Arabaidd Unedig,United Arab Emirates
Yr Hen Destament,Old Testament
Yr Horn,Cape Horn
Yr Iseldiroedd,Netherlands
Yr Oesoedd Canol,Middle Ages
Yr Undeb Sofietaidd,Soviet Union
Yr Ymerodraeth Brydeinig,British Empire
Yr Ymerodraeth Lân Rufeinig,Holy Roman Empire
Yr Ymerodraeth Rufeinig,Roman Empire
Yr Ynysoedd Dedwydd,Canary Islands
Yr wyddor Arabeg,Arabic alphabet
Yr wyddor Gyrilig,Cyrillic alphabet
Yr wyddor Ladin,Latin alphabet
Yr wyddor Roeg,Greek alphabet
Ysglyfaethwr,Carnivora
Ysgol (addysg),School
Ysgyfant,Lung
Ysgymuno,Excommunication
Ystadegaeth,Statistics
Ystlum,Bat
Ytriwm,Yttrium
Yukon,Yukon
Yunnan,Yunnan
Yuri Gagarin,Yuri Gagarin
Z,Z
Zachary Taylor,Zachary Taylor
Zambia,Zambia
Zaragoza,Zaragoza
Zarathustra,Zoroaster
Zeno (ymerawdwr),Zeno (emperor)
Zeta (llythyren),Zeta
Zimbabwe,Zimbabwe
Zoroastriaeth,Zoroastrianism
Zulu,Zulu
welsh,english
Ŵy,Egg (biology)
