Other,English
Abidjan,Abidjan
Abkhàzia,Abkhazia
Abraham Lincoln,Abraham Lincoln
Abraham Lincoln,Abraham Lincoln
Abraham Lincoln,Abraham Lincoln
Abraham Lincoln,Abraham Lincoln
Abraham Lincoln,Abraham Lincoln
Abraham Lincoln,Abraham Lincoln
Abraham Lincoln,Abraham Lincoln
Abraham Lincoln,Abraham Lincoln
Abraham Lincoln,Abraham Lincoln
Abraham Lincoln,Abraham Lincoln
Abraham Lincoln,Abraham Lincoln
Abraham Lincoln,Abraham Lincoln
Abraham Lincoln,Abraham Lincoln
Abraham Lincoln,Abraham Lincoln
Abraham Lincoln,Abraham Lincoln
Abraham Lincoln,Abraham Lincoln
Abraham Lincoln,Abraham Lincoln
Abraham Lincoln,Abraham Lincoln
Abraham Lincoln,Abraham Lincoln
Abraham Lincoln,Abraham Lincoln
Abraham Lincoln,Abraham Lincoln
Abraham Lincoln,Abraham Lincoln
Abraham Lincoln,Abraham Lincoln
Abraham Lincoln,Abraham Lincoln
Abraham Lincoln,Abraham Lincoln
Abraham Lincoln,Abraham Lincoln
Abraham Lincoln,Abraham Lincoln
Abraham Lincoln,Abraham Lincoln
Abraham Lincoln,Abraham Lincoln
Abraham Lincoln,Abraham Lincoln
Abraham Lincoln,Abraham Lincoln
Abraham Lincoln,Abraham Lincoln
Abraham Lincoln,Abraham Lincoln
Abraham Lincoln,Abraham Lincoln
Abraham Lincoln,Abraham Lincoln
Abraham Lincoln,Abraham Lincoln
Abraham Lincoln,Abraham Lincoln
Abraham Lincoln,Abraham Lincoln
Abraham Lincoln,Abraham Lincoln
Abraham Lincoln,Abraham Lincoln
Abraham Lincoln,Abraham Lincoln
Abraham Lincoln,Abraham Lincoln
Abraham Lincoln,Abraham Lincoln
Abraham Lincoln,Abraham Lincoln
Abraham Lincoln,Abraham Lincoln
Abraham Lincoln,Abraham Lincoln
Abraham Lincoln,Abraham Lincoln
Abraham Lincoln,Abraham Lincoln
Abraham Lincoln,Abraham Lincoln
Abraham Lincoln,Abraham Lincoln
Abraham Lincoln,Abraham Lincoln
Abraham Lincoln,Abraham Lincoln
Abraham Lincoln,Abraham Lincoln
Abraham Lincoln,Abraham Lincoln
Abraham Lincoln,Abraham Lincoln
Abuja,Abuja
Adelaida,Adelaide
Afganistan,Afghanistan
Afganistan,Transitional Islamic State of Afghanistan
Albània,Albania
Albània,Republic of Albania
Alemanya,Federal Republic of Germany
Alemanya,Germany
Algèria,Algeria
Algèria,People's Democratic Republic of Algeria
Alps,Alps
Amsterdam,Amsterdam
Andorra,Andorra
Andorra,Principality of Andorra
Anglaterra,England
Angola,Angola
Angola,Republic of Angola
Anguilla,Anguilla
Antigua i Barbuda,Antigua and Barbuda
Antàrtida,Antarctica
Aquari,Aquarius
Argentina,Argentina
Argentina,Argentine Republic
Arizona,Arizona
Aruba,Aruba
Aràbia Saudita,Kingdom of Saudi Arabia
Aràbia Saudita,Saudi Arabia
Asteràcia,Asteraceae
Asteràcia,Compositae
Asteràcia,aster family
Asteràcia,daisy family
Asteràcia,sunflower family
Au del Paradís,Apus
Austràlia,Australia
Austràlia,Commonwealth of Australia
Azerbaidjan,Azerbaijan
Azerbaidjan,Republic of Azerbaijan
Açores,Azores
Bahames,Bahama Islands
Bahames,Bahamas
Bahames,Commonwealth of the Bahamas
Bahrain,Bahrain
Baixa Saxònia,Lower Saxony
Bangla Desh,Bangladesh
Bangla Desh,People's Republic of Bangladesh
Belgrad,Belgrade
Belize,Belize
Belmopan,Belmopan
Bermudes,Bermuda
Berna,Berne
Bessons,Gemini
Betlem,Bethlehem
Bhutan,Bhutan
Bhutan,Kingdom of Bhutan
Bielorússia,Belarus
Bielorússia,Republic of Belarus
Birmingham,Birmingham
Bon Nadal,Merry Christmas
Borgonya,Bourgogne
Borneo,Borneo
Borneo,Kalimantan
Botswana,Botswana
Botswana,Republic of Botswana
Bouvet,Bouvet Island
Bover,Boötes
Brasil,Brazil
Brunei,Brunei
Brunei,Negara Brunei Darussalam
Bulgària,Bulgaria
Bulgària,Republic of Bulgaria
Burundi,Burundi
Burundi,Republic of Burundi
Bèlgica,Belgium
Bèlgica,Kingdom of Belgium
Bíblia,Bible
Bòsnia i Hercegovina,Bosnia and Herzegovina
Bòsnia i Hercegovina,Republic of Bosnia and Herzegovina
Ca Major,Canis Major
Ca Menor,Canis Minor
Cambodja,Cambodia
Cambodja,Kingdom of Cambodia
Camerun,Cameroon
Camerun,Republic of Cameroon
Canadà,Canada
Capricorn,Capricorn
Carib,Caribbean
Carib,Caribbean Area
Cassiopea,Cassiopeia
Charente,Charente
Ciutat del Vaticà,State of the Vatican City
Ciutat del Vaticà,The Holy See
Ciutat del Vaticà,Vatican City
Colòmbia,Colombia
Colòmbia,Republic of Colombia
Colònia,Cologne
Corea del Nord,Democratic People's Republic of Korea
Corea del Nord,North Korea
Corea del sud,Republic of Korea
Corea del sud,South Korea
Corfú,Corfu
Costa d'Ivori,Cote d'Ivoire
Costa d'Ivori,Ivory Coast
Costa d'Ivori,Republic of Cote d'Ivoire
Cracòvia,Cracow
Cracòvia,Krakow
Cranc,Cancer
Cuba,Cuba
Cuba,Republic of Cuba
Daguestan,Dagestan
Dakar,Dakar
Egipte,Arab Republic of Egypt
Egipte,Egypt
El Caire,Cairo
El Salvador,El Salvador
El Salvador,Republic of El Salvador
Eritrea,Eritrea
Escorpió,Scorpio
Escòcia,Scotland
Eslovàquia,Slovakia
Eslovènia,Slovenia
Espanya,Spain
Estats Units d'Amèrica,America
Estats Units d'Amèrica,States
Estats Units d'Amèrica,U.S.
Estats Units d'Amèrica,U.S. of A.
Estats Units d'Amèrica,U.S.A.
Estats Units d'Amèrica,US
Estats Units d'Amèrica,United States
Estats Units d'Amèrica,United States of America
Estònia,Estonia
Estònia,Republic of Estonia
Etiòpia,Ethiopia
Etiòpia,Federal Democratic Republic of Ethiopia
Feliç Nadal,Merry Christmas
Fiji,Fiji
Fiji,Republic of the Fiji Islands
Filadèlfia,Philadelphia
Filipines,Philippines
Finlàndia,Finland
Finlàndia,Republic of Finland
Flandes,Flanders
Flandes,Flemish region
Flauta,flute
Flevoland,Flevoland
Fobos,Phobos
Franja de Gaza,Gaza Strip
França,France
Gabon,Gabon
Gabon,Gabonese Republic
Gal·les,Wales
Geòrgia,Georgia
Ghana,Ghana
Ghana,Republic of Ghana
Gibraltar,Gibraltar
Gran Bretanya,Britain
Gran Bretanya,Great Britain
Grenada,Grenada
Grècia,Greece
Grècia,Hellenic Republic
Guadeloupe,Guadeloupe
Guaiana Francesa,French Guiana
Guam,Guam
Guam,Guam
Guam,Guam
Guinea Equatorial,Equatorial Guinea
Guinea Equatorial,Republic of Equatorial Guinea
Gàmbia,Gambia
Gàmbia,Gambia
Gàmbia,Gambia
Gàmbia,Gambia
Gàmbia,Republic of The Gambia
Gàmbia,The Gambia
Haití,Haiti
Haití,Republic of Haiti
Holanda,Holland
Holanda,Kingdom of the Netherlands
Holanda,The Netherlands
Hondures,Honduras
Hondures,Republic of Honduras
Hongria,Hungary
Hongria,Republic of Hungary
Hèracles,Hercules
Hèrcules,Hercules
Hèrcules,Hercules
Ido,Ido
Ido,Ido
Illa Christmas,Christmas Island
Illes Balears,Balearic Islands
Illes Caiman,Cayman Islands
Illes Fèroe,Faroe Islands
Illes Marshall,Marshall Islands
Illes Marshall,Republic of the Marshall Islands
Illes Åland,Åland Islands
Ilíada,Iliad
Indonesiera,Indonesian
Indonèsia,Indonesia
Indonèsia,Republic of Indonesia
Indre,Indre
Irac,Iraq
Irac,Republic of Iraq
Iran,Iran
Iran,Islamic Republic of Iran
Irlanda,Ireland
Irlanda,Republic of Ireland
Irlanda del Nord,Northern Ireland
Islàndia,Iceland
Islàndia,Republic of Iceland
Israel,Israel
Israel,State of Israel
Itàlia,Italian Republic
Itàlia,Italy
Iugoslàvia,Yugoslavia
Jakarta,DKI Jakarta
Jakarta,Djakarta
Jakarta,Jakarta
Jamaica,Jamaica
Jersey,Bailiwick of Jersey
Jersey,Jersey
Jordània,Hashemite Kingdom of Jordan
Jordània,Jordan
Júpiter,Jupiter
Kazakhstan,Kazakhstan
Kazakhstan,Republic of Kazakhstan
Kenya,Kenya
Kenya,Republic of Kenya
Khartum,Khartoum
Kirguizistan,Kyrgyz Republic
Kirguizistan,Kyrgyzstan
Kiribati,Kiribati
Kiribati,Republic of Kiribati
Kosovo,Kosovo
Kosovo i Metohija,Kosovo
La Meca,Mecca
Lagos,Lagos
Laos,Lao People's Democratic Republic
Laos,Laos
Lausana,Lausanne
Lesotho,Kingdom of Lesotho
Lesotho,Lesotho
Letònia,Latvia
Letònia,Republic of Latvia
Libèria,Liberia
Libèria,Republic of Liberia
Lisboa,Lisbon
Lituània,Lithuania
Lituània,Republic of Lithuania
Lió,Lyon
Llebrers,Canes Venatici
Lleó,Leo
Lliura,Libra
Lluna,Luna
Lluna,Moon
Lluna,moon
Líbia,Great Socialist People's Libyan Arab Jamahiriya
Líbia,Libya
Macedònia,Macedonia
Macedònia,Republic of Macedonia
Maldives,Maldives
Maldives,Republic of the Maldives
Malta,Malta
Malta,Republic of Malta
Malàisia,Malaysia
Man,Isle of Man
Man,Isle of Mann
Man,Mann
Marroc,Kingdom of Morocco
Marroc,Morocco
Martinica,Martinique
Massachusetts,Massachusetts
Mauritània,Islamic Republic of Mauritania
Mauritània,Mauritania
Mayotte,Mayotte
Mercuri,Mercury
Milà,Milan
Mont Fuji,Mount Fuji
Montenegro,Montenegro
Moçambic,Mozambique
Myanmar,Myanmar
Mèxic,Mexico
Mèxic,United Mexican States
Mònaco,Monaco
Nadal,Christmas
Nairobi,Nairobi
Namíbia,Namibia
Nepal,Nepal
Neptú,Neptune
Nicaragua,Nicaragua
Niue,Niue
Noruega,Kingdom of Norway
Noruega,Norway
Nova Caledònia,New Caledonia
Nova Zelanda,New Zealand
Orleans,Orleans
PDG,POW
PDG,PW
PDG,PoW
PDG,prisoner of war
Pakistan,Islamic Republic of Pakistan
Pakistan,Pakistan
Panamà,Panama
Papua Nova Guinea,Papua New Guinea
Pasqua,Easter
Països Baixos,Holland
Països Baixos,Kingdom of the Netherlands
Països Baixos,The Netherlands
Perú,Peru
Perú,Republic of Peru
Pirineus,Pyrenees
Polinèsia Francesa,French Polynesia
Polònia,Poland
Portugal,Portugal
Puerto Rico,Puerto Rico
Qatar,Qatar
Regne Unit,UK
Regne Unit,United Kingdom
Regne Unit,United Kingdom of Great Britain and Northern Ireland
Regne Unit de la Gran Bretanya i Irlanda del Nord,UK
Regne Unit de la Gran Bretanya i Irlanda del Nord,United Kingdom
Regne Unit de la Gran Bretanya i Irlanda del Nord,United Kingdom of Great Britain and Northern Ireland
Regne dels Països Baixos,Holland
Regne dels Països Baixos,Kingdom of the Netherlands
Regne dels Països Baixos,The Netherlands
Rei Sol,Sun King
República Dominicana,Dominican Republic
Roine,Rhône
Romania,Romania
Rússia,Russia
Rússia,Russian Federation
Sagitari,Sagittarius
Saint-Pierre i Miquelon,Saint-Pierre and Miquelon
Sakhalín,Saghalien
Sakhalín,Sakhalin
Samoa Nord-americana,American Samoa
Sant Petersburg,Leningrad
Sant Petersburg,Petrograd
Sant Petersburg,Saint Petersburg
Sant Petersburg,St. Petersburg
Saturn,Saturn
Saxònia,Saxony
Senegal,Senegal
Singapur,Singapore
Sri Lanka,Sri Lanka
Sud-àfrica,South Africa
Sudan,Sudan
Surinam,Suriname
Suècia,Sweden
Suïssa,Switzerland
Sèrbia,Serbia
Sèrbia i Montenegro,Serbia and Montenegro
Síria,Syria
Síria,Syrian Arab Republic
Tailàndia,Thailand
Taiwan,Taiwan
Tanzània,Tanzania
Taure,Taurus
Tennessee,Tennessee
Terra,Blue Planet
Terra,Earth
Terra,earth
Terra,the world
Terres Australs i Antàrtiques Franceses,French Southern Territories
Terres Australs i Antàrtiques Franceses,French Southern and Antarctic Lands
Terres Australs i Antàrtiques Franceses,French Southern and Antarctic LandsA
Terres Australs i Antàrtiques Franceses,Territory of the French Southern and Antarctic Lands
Territori Britànic de l'Oceà Índic,BIOT
Territori Britànic de l'Oceà Índic,British Indian Ocean Territory
Timor Oriental,Democratic Republic of Timor-Leste
Timor Oriental,East Timor
Togo,Togo
Tonga,Tonga
Toronto,Toronto
Turquia,Turkey
Turíngia,Thuringia
Txèquia,Czech Republic
Txèquia,Czechia
Uganda,Republic of Uganda
Uganda,Uganda
Unió Europea,EU
Unió Europea,European Union
Urà,Uranus
Utah,Utah
Vaduz,Vaduz
Veneçuela,Venezuela
Venus,Venus
Venècia,Venice
Via Làctia,Galaxy
Via Làctia,Milky Way
Viccionari,Wiktionary
View lemma information,turkey
Viquipèdia,Wikipedia
Volga,Volga
Wallis i Futuna,Territory of the Wallis and Futuna Islands
Wallis i Futuna,Wallis and Futuna
Wyoming,Wyoming
Xile,Chile
Xile,Republic of Chile
Xina,China
Xina,People's Republic of China
Xipre,Cyprus
Xipre,Republic of Cyprus
Zanzíbar,Zanzibar
Zimbabwe,Republic of Zimbabwe
Zimbabwe,Zimbabwe
Zàmbia,Republic of Zambia
Zàmbia,Zambia
abella,bee
abolicionista,abolitionist
abrasiu,abrasive
abreviació,abbreviation
abreviatura,abbreviation
abril,April
absolutament,absolutely
acceptació,acceptance
acceptació,credence
acne,acne
acompte,advance
acord,agreement
acord,agreement
acordió,accordion
acordió,piano accordion
acordió,squeeze box
acte,act
acte,deed
actini,actinium
activista,activist
acusat,accused
acusat,defendant
adaptar,accommodate
adaptar,adapt
adaptar,adjust
adaptar,arrange
adaptar,conform
adaptar,suit
addició,addition
adjectiu,adjective
adjectiu,describing word
adquisició,acquisition
adéu,adieu
adéu,bye
adéu,cheerio
adéu,farewell
adéu,good day
adéu,goodbye
aforisme,aphorism
afrikaans,Afrikaans
agorafòbia,agoraphobia
agorafòbia,agoraphobia
agorafòbia,agoraphobia
agorafòbia,agoraphobia
agorafòbia,agoraphobia
agorafòbia,agoraphobia
agorafòbia,agoraphobia
agorafòbia,agoraphobia
agost,August
agró,heron
aigua,body of water
aigua,water
aigua,water
aire,air
albercoc,apricot
alcoholisme,alcoholism
alemany,German
alemany (Suïssa),German (Switzerland)
alemany (Àustria),German (Austria)
alfabet grec,Greek alphabet
algorisme,algorithm
aliatge,alloy
alquimista,alchemist
alquímia,alchemy
alumini,aluminium
amalgama,amalgam
amb,alongside
amb,amongst
amb,with
ambiciós,ambitious
ambre,amber
ambulància,ambulance
americi,americium
ametista,amethyst
ametlla,almond
amfiteatre,amphitheatre
amplitud,aAmplitude
amplitud,amplitude
anagrama,anagram
anar,go
anarquisme,anarchism
anglès,English
animal,animal
anime,anime
aniversari,birthday
antimoni,antimony
antipartícula,antiparticle
antropologia,anthropology
antropòleg,anthropologist
antílop,antelope
antònim,antonym
anual,anniversary
anunci,advertisement
anunci,promotion
any de traspàs,leap year
anís,anise
apartheid,apartheid
apatia,apathy
api,celery
apicultor,apiculturist
apicultor,beekeeper
aprendre,learn
aprovació,approbation
aprovació,approval
apòstol,apostle
aquari,aquarium
aqüeducte,aqueduct
arada,plough
aragonès,Aragonese
aragonès,Aragonese
aranya,spider
arbre de Nadal,Christmas tree
arc,bow
argent,silver
argó,argon
aritmètica,arithmetic
aritmètica,arithmetics
arma,weapon
armeni,Armenian
arpó,harpoon
arquebisbe,archbishop
arquetip,archetype
arqueòleg,archaeologist
arqueòleg,archeologist
arquitecte,architect
arquitectura,architecture
arranjar,adjust
arribada,arrival
arròs,rice
arsènic,arsenic
articulació,articulation
articulació,joint
artista,artist
artista,creative person
artèria,artery
arxiduc,archduke
arxiu,archive
asbest,asbestos
ase,ass
ase,donkey
asfalt,asphalt
asimètric,asymmetric
asimètric,asymmetrical
asma,asthma
aspirador,vacuum cleaner
astenosfera,asthenosphere
astrofísica,astrophysics
astrometria,astrometry
astronomia,astronomy
astròleg,astrologer
astrònom,astronomer
asturià,Astur
asturià,Astur-Leonese
asturià,Asturian
asturià,Asturian-Leonese
asíntota,asymptote
atac,attack
ateu,atheist
atol,atoll
avi,grandfather
avorrir,abhor
avorrir,detest
avorrir,loathe
axioma,axiom
babuí,baboon
banana,banana
barca,boat
bari,barium
baròmetre,barometer
basc,Basque
basc,Basque
basquetbol,basketball
basquetbol,basketball game
bateria,drum kit
beatificació,beatification
beguda,beverage
beguda,drink
beguda de xampanya,champagne
beisbol,baseball
beisbol,baseball game
bengalí,Bengali
bengalí,Bengali
benzina,petrol
benzè,benzene
beril·li,beryllium
beril·li,glucinium
berkeli,berkelium
bessó,twin
beure,drink
beure,gulp
beure,quaff
beure,sip
biblioteca,library
bibliotecari,librarian
bicicleta,bicycle
bicicleta,bike
bicicleta,cycle
bielorrús,Belarusan
bielorrús,Belarusan
bielorrús,Belarusian
bielorrús,Belorussian
bielorrús,Byelorussian
bielorús,Belarusan
bielorús,Belarusan
bielorús,Belarusian
bielorús,Belorussian
bielorús,Byelorussian
bilateral,bilateral
bilis,bile
bioma,biome
bioquímica,biochemistry
bisbo,bishop
bismut,bismuth
blanc,white
blat,wheat
blau,blue
bloc,blog
bloc,web log
bloc,weblog
bohri,bohrium
boira,fog
boira,haze
boira,mist
boirim,mist
boirina,mist
boirum,smog
bokmål,Bokmål
bolquer,nappy
bon profit,enjoy your meal
bon profit,have a nice meal
bona tarda,good evening
bonsai,bonsai
bor,boron
borinot,bumblebee
borratxo,boozer
borratxo,drunk
borratxo,drunkard
bosc,wood
botxí,executioner
branca,branch
brau,bull
braç,arm
bretó,Breton
bretó,Breton
brom,bromine
broma,mist
bromitja,mist
bruixa,witch
bròquil,broccoli
buit,empty
bàdminton,badminton
bàsquet,basketball
bàsquet,basketball game
búlgar,Bulgarian
búlgar,Bulgarian
búlgar,Bulgarian
cadena de Màrkov,Markoff chain
cadena de Màrkov,Markov chain
cadira,chair
cadira de rodes,wheelchair
cadmi,cadmium
cafeïna,caffeine
cafè,coffee
calci,calcium
calendari,calendar
californi,californium
calitja,haze
cama,leg
camell,camel
camp,acre
camp,field
camp,land
camp,land
camp,patch
camuflatge,camouflage
canvi climàtic,climate change
canvi climàtic,climatic change
capítol,chapter
cara,face
carboni,carbon
carelià,Karelian
cargol,screw
carrera,career
carter,postman
carxofera,artichoke
castor,beaver
catalan,english
català,Catalan
català,Catalan
ceba,onion
cec,blind
cefalòpode,cephalopod
cella,eyebrow
ceri,cerium
cervesa,beer
cesi,caesium
cigonya,stork
cirera,cherry
cirurgia,surgery
cirurgià,surgeon
clarinet,clarinet
clor,chlorine
clítoris,button
clítoris,clit
clítoris,clitoris
cobalt,cobalt
coco,coconut
coco,kokosnoot
cogombre,cucumber
colesterol,cholesterol
colom,dove
colom,pigeon
colze,elbow
comestible,edible
cometa,comet
compassió,compassion
compassió,pity
compost químic,chemical compound
compost químic,compound
comprar,buy
comprar,purchase
compte,account
comunisme,communism
concordança,agreement
conductivitat elèctrica,conductivity
conductivitat elèctrica,electrical conductivity
conill,rabbit
consideració,consideration
constitució,constitution
contaminació,pollution
coreà,Korean
coreà,Korean
cors,Corsican
cors,Corsican
cosir,sew
cosmologia,cosmology
coure,copper
crani,skull
creativitat,creativity
creativitat,inventiveness
creure,obey
crim,crime
criptó,krypton
cristall,crystal
croat,Croatian
croat,Croation
crom,chromium
cullera,spoon
curi,curium
càmera fotogràfica,camera
cèl·lula,cell
cèl·lula,cell
daguestan,Dagestan
dansa,dance
danys,damage
danès,Danish
darmstadi,darmstadtium
dau,dice
dau,die
dau,die
dau,die
democràcia,democracy
dengue,dengue fever
dentista,dentist
dermatologia,dermatology
descompte,discount
desembre,December
desert,desert
desinfectant,disinfectant
despertador,alarm clock
deuteri,deuterium
devantal,apron
dia,day
dia,daytime
dialecte,dialect
diari,diary
diari,newspaper
diarrea,diarrhea
diccionari,dictionary
dijous,Thursday
dilluns,Monday
dilluns,Monday
dimarts,Tuesday
dimarts,Tuesday
dimecres,Wednesday
dimecres,quarta-feira
diplomàtic,diplomat
disc dur,HD
disc dur,hard disk
disc dur,hard disk drive
discriminació,discrimination
disprosi,dysprosium
disputa,argument
dissabte,Saturday
dit,finger
dit del peu,toe
diumenge,Monday
diumenge,Sunday
divendres,Friday
divisió,division
divorci,divorce
diòxid de carboni,carbon dioxide
diòxid de sofre,sulphur dioxide
dofí,dolphin
dolç,sweet
dromedari,dromedary
dubni,dubnium
edafologia,edaphology
edifici,building
efímer,ephemeral
einsteini,einsteinium
electromagnetisme,electromagnetism
electró,electron
element químic,chemical element
element químic,element
ell,he
embaixador,ambassador
empresari,entrepreneur
encant,auction
encefalitis,encephalitis
enciam,lettuce
enclusa,anvil
endocrinologia,endocrinology
ensenyar,teach
entrar,enter
epicentre,epicentre
equació,equation
erbi,erbium
escacs,chess
escandi,scandium
escarabat,cockroach
"escenari,",stage
escultor,sculptor
esfinx,sphinx
esforç,effort
esforç,exertion
eslovac,Slovak
eslovac,Slovak
eslovè,Slovene
eslovè,Slovenian
eslovè,Slovenian
esmorzar,breakfast
espanyol,Castilian
espanyol,Spanish
espanyol,Spanish
espasa,sword
espelma,candle
esperanto,Esperanto
esperanto,Esperanto
esperança,hope
espinac,spinach
espàrrec,asparagus
espècie,species
esquelet,skeleton
estany,tin
estel,star
estiu,summer
estonià,Estonian
estrany,odd
estrany,strange
estrella binària,binary star
estronci,strontium
estruç,ostrich
euga,mare
europi,europium
excepció,exception
explícit,explicit
factible,feasible
factible,viable
factible,viable
faisà,pheasant
fallida,bankruptcy
família,family
farmacèutic,chemist
farmacèutic,pharmacist
farmàcia,chemist's
farmàcia,chemist's shop
farmàcia,pharmacy
febrer,February
fecundació,fecundation
fecundació,fertilisation
feixisme,fascism
fer,do
fermi,fermium
ferro,iron
fetge,liver
filla,daughter
filologia,philology
filosofia,philosophy
finès,Finnish
fisiologia,physiology
flamenc,Flemish
flauta,flute
flauta dolça,recorder
fluor,fluorine
foc artificial,firework
fonètica,phonetics
formatge,cheese
formiga,ant
forner,baker
fosc,black
fosc,dark
fotó,photon
fractura,fracture
franci,francium
francès,French
francès,French
francès,Frenchman
frau,fraud
frisó,Frisian
frisó,Western Frisian
frontera,boundary
fullam,foliage
fullatge,foliage
fullatge,foliage
fusta,wood
futbol,football
futbol americà,American football
futbol americà,American football
fòbia,phobia
fòsfor,phosphorus
gadolini,gadolinium
gairebé,almost
gaita,bagpipes
galeria,tunnel
gall dindi,turkey
gallec,Galician
gallec,Galician
gal·li,gallium
gana,hunger
gana,hunger
gana,hunger
gana,hunger
gana,hunger
gana,hunger
gana,hunger
gana,hunger
gana,hunger
gangrena,gangrene
ganivet,knife
garatge,garage
gasolina,petrol
gavina,gull
gaŀlès,Welsh
gaŀlès,Welsh
gel,ice
genealogia,genealogy
gener,January
general,general
genoma,genome
genotip,genotype
gent,people
geografia,geography
georgià,Georgian
georgià,Georgian
gerani,geranium
germani,germanium
girafa,giraffe
gla,acorn
glaucoma,glaucoma
glucòlisi,glycolysis
gong,gong
gonorrea,gonorrhea
gos,dog
governador,governor
granit,granite
granja,farm
gravitó,graviton
grec,Greek
grec,Greek
grip,flu
grip,influenza
gràcies,cheers
gràcies,thank you
gràcies,thanks
guepard,cheetah
guepard,chetah
guillotina,guillotine
guillotina,guillotine
guillotina,guillotine
guillotina,guillotine
guillotina,guillotine
guillotina,guillotine
guillotina,guillotine
guillotina,guillotine
guillotina,guillotine
gujarati,Gujarati
gujarati,Gujarati
guèiser,geyser
hafni,hafnium
haiku,haiku
hassi,hassium
hebreu,Hebrew
hegemonia,hegemony
heli,helium
helicòpter,helicopter
hematologia,haematology
hemorràgia,bleeding
hemorràgia,haemorrhage
heroïna,heroin
hidrogen,hydrogen
hindi,Hindi
hindi,Hindi
hiperònim,broader term
hiperònim,broader terms
hiperònim,holonym
hiperònim,hypernym
hipòfisi,pituitary gland
hipònim,hyponym
hipònim,narrower term
hipònim,narrower terms
hipòtesi de Sapir-Whorf,Sapir–Whorf hypothesis
historiografia,historiography
hivern,winter
hola,hello
hola,hey
hola,hi
hola,howdy
holandès,Dutch
holmi,holmium
homonímia,homonym
hongarès,Hungarian
hoquei sobre gel,ice hockey
hora,hour
horitzó,horizon
hormona,hormone
i,and
i,as well as
i,in addition to
i,together with
i,too
iac,yak
ideologia,ideology
idioma oficial,official language
ido,Ido
ido,Ido
illes Falkland,Falkland Islands
illes Malvines,Falkland Islands
indi,indium
individu,individual
indonesiera,Indonesian
instrument musical,instrument
instrument musical,musical instrument
interlingua,Interlingua
interlingua,"Interlingua, ""Simplified"" Latin"
interlingua,"Interlingua, ""Simplified"" Latin"
intèrpret,interpreter
iode,iodine
iot,yacht
iridi,iridium
irlandès,Irish
irlandès,Irish
irlandès,Irish
irlandès,Irish Gaelic
islam,Islam
islandès,Icelandic
italià,Italian
italià,Italian
iterbi,ytterbium
itri,yttrium
ió,ion
jaguar,jaguar
japonès,Japanese
japonès,Japanese
jardí,garden
javelina,pike
javelina,spear
jazz,jazz
jemer,Central Khmer
jemer,Khmer
jerarquia,hierarchy
jiddisch,Yiddish
jo,I
judaisme,Judaism
judo,judo
juliol,July
juny,June
kalaallisut,Kalaallisut
karate,karate
lantani,lanthanum
laurenci,lawrencium
lavanda,lavander
lavanda,lavender
letargia,languor
letargia,lethargy
letargia,sluggishness
letó,Latvian
letó,Latvian
liberalisme,liberalism
lingüística,linguistics
liti,lithium
litografia,lithography
lituà,Lithuanian
lituà,Lithuanian
llagosta,locust
llanterna,lantern
llatí,Latin
llatí,Latin
llavi,lip
llegir,read
llegum,vegetable
llengua,language
llengua de signes,sign language
llengua oficial,official language
llenguatge,language
llenguatge de signes,sign language
llenyataire,lumberjack
llet,milk
llimona,lemon
llit,bed
lloc,location
lloc,place
llombrígol,belly button
llombrígol,bellybutton
llombrígol,navel
llombrígol,omphalos
llombrígol,omphalus
llombrígol,umbilicus
llop,wolf
lluna,moon
lluna,moon
lluna,satelite
lluna,satelite
locomotora,locomotive
loteria,lottery
lubricant,lubricant
luteci,lutetium
lògica,logic
macedònic,Macedonian
macedònic,Macedonian
macroscòpic,macroscopic
maduixa,strawberry
mag,magician
mag,sorcerer
mag,wizard
magnesi,magnesium
maig,May
maionesa,mayonnaise
malaltia,affliction
malaltia,disease
malaltia,illness
maltès,Maltese
malària,malaria
manganès,manganese
maori,Maori
mar Adriàtic,Adriatic Sea
mar Adriàtica,Adriatic Sea
mar Carib,Caribbean Sea
mar Egea,Aegean Sea
mar Egeu,Aegean Sea
mar de les Antilles,Caribbean Sea
marsupial,marsupial
març,March
massa,mass
massa atòmica,atomic mass
maternitat,maternity
maternitat,motherhood
megabyte,megabyte
meitneri,meitnerium
mel,honey
melic,belly button
melic,bellybutton
melic,navel
melic,omphalos
melic,omphalus
melic,umbilicus
melodia,melody
melodia,tune
melsa,spleen
mendelevi,mendelevium
menjar,eat
mercuri,mercury
metafísica,metaphysics
metanol,methanol
meteor,falling star
meteor,falling star
meteor,falling star
meteor,falling star
meteor,falling star
meteor,meteor
meteor,meteor
meteor,meteor
meteor,meteor
meteor,meteor
meteor,meteor
meteor,meteor
meteor,meteor
meteor,meteor
meteor,meteor
meteor,meteor
meteor,meteor
meteor,meteor
meteor,meteor
meteor,meteor
meteor,meteor
meteor,meteor
meteor,meteor
meteor,meteor
meteor,meteor
meteor,meteor
meteor,meteor
meteor,meteor
meteor,meteor
meteor,meteor
meteor,shooting star
meteor,shooting star
meteor,shooting star
meteor,shooting star
meteor,shooting star
meteorit,meteorite
metàfora,metaphor
micròfon,microphone
mil,thousand
milana,red kite
mill,millet
mineralogia,mineralogy
mirtil,blueberry
mirtil,huckleberry
mocador,handkerchief
molibdè,molybdenum
moneda,currency
morfina,morphine
morsa,walrus
mosquit,mosquito
mosquit,musquito
mot,word
motet,motet
mul,mule
museu,museum
mut,dumb
músic,musician
música,music
nadir,nadir
naixença,birth
naixença,birth
naixença,birth
naixença,childbirth
naixença,childbirth
naixença,childbirth
naixença,parturition
napolità,Neapolitan
napolità,Neapolitan
nas,nose
nau,ship
neerlandès,Dutch
negoci,business
neodimi,neodymium
neologisme,neologism
neptuni,neptunium
neptú,Neptune
neurologia,neurology
neó,neon
niobi,niobium
nitrogen,nitrogen
no,no
nobeli,nobelium
noia,girl
nombre primer,prime
nombre primer,prime number
nosaltres,nosotros
nosaltres,we
nota,note
nou,9
nou,nine
novembre,November
nynorsk,Nynorsk
nét,grandson
níquel,nickel
núvol,cloud
obeir,obey
obesitat,obesity
obscur,black
obscur,dark
observatori,observatory
obsolet,obsolete
obstacle,obstacle
obstacle,obstruction
obès,fat
obès,obese
oca,goose
oceanografia,oceanography
octava,octave
octubre,October
odi,hate
odi,hatred
oftalmologia,ophthalmology
ohm,ohm
oligarquia,oligarchy
oligopoli,oligopoly
omega,omega
oncologia,oncology
ontologia,ontology
opi,opium
optimisme,optimism
optimisme,optimism
optimisme,optimism
optimisme,optimism
optimisme,optimism
optimisme,optimism
optimisme,optimism
optimisme,optimism
optimisme,optimism
optimisme,optimism
optimisme,optimism
optimisme,optimism
optimisme,optimism
optimisme,optimism
optimisme,optimism
optimisme,optimism
optimisme,optimism
optimisme,optimism
optimisme,optimism
optimisme,optimism
optimisme,optimism
optimisme,optimism
optimisme,optimism
optimisme,optimism
optimisme,optimism
optimisme,optimism
optimisme,optimism
optimisme,optimism
optimisme,optimism
optimisme,optimism
optimisme,optimism
optimisme,optimism
optimisme,optimism
optimisme,optimism
optimisme,optimism
optimisme,optimism
optimisme,optimism
optimisme,optimism
optimisme,optimism
optimisme,optimism
optimisme,optimism
optimisme,optimism
optimisme,optimism
optimisme,optimism
optimisme,optimism
optimisme,optimism
optimisme,optimism
optimisme,optimism
optimisme,optimism
or,gold
ordi,barley
orella,ear
orfe,orphan
ornitologia,ornithology
orquestra,orchestra
ortografia,orthography
osmi,osmium
ostra,oyster
ou,egg
ovari,ovary
ovella,sheep
oxigen,oxygen
ozó,ozone
pa,bread
pacifista,pacifist
pagà,heathen
pagà,infidel
pagà,pagan
paleta,bricklayer
paleta,mason
paleta,stonemason
paludisme,malaria
pal·ladi,palladium
palíndrom,palindrome
pandèmia,pandemic
papa,father
papa,pope
paracaigudes,parachute
paraula,word
pare,father
parir,deliver
partit,party
partit,political party
paràbola,parabola
pastor,shepherd
patata,patato
patata,potato
patologia,pathology
pau,peace
pediatre,paediatrician
pena de mort,capital punishment
pena de mort,death penalty
pena de mort,death sentence
península,peninsula
pera,pear
perineu,perineum
periodisme,journalism
periodista,journalist
persona,person
pesca,angling
pesca,fishing
pesca,line-fishing
pessimisme,pessmism
piemontès,Piedmontese
piemontès,Piedmontese
piemontès,Piemontese
piemontès,Piemontese
pila de combustible,fuel cell
pingüí,penguin
pintallavis,lipstick
piròlisi,pyrolysis
piscina,swimming pool
pizza,pizza
pla,plane
plasma sanguini,blood plasma
plata,silver
platí,platinum
ple,full
plom,lead
pluma,feather
plutoni,plutonium
plutoni,plutonium
plutoni,plutonium
plutoni,plutonium
plutoni,plutonium
plutoni,plutonium
plutoni,plutonium
plutoni,plutonium
plutoni,plutonium
plàtan,banana
pobresa,poverty
poloni,polonium
polonès,Polish
polonès,Polish
pols,dust
polze,thumb
polímer,polymer
poma,apple
pop,octopus
porta,door
portuguès,Portuguese
portuguès,Portuguese
positró,positron
possessió,possession
potassi,potassium
pragmàtica,pragmatics
praseodimi,praseodymium
president,president
presoner de guerra,POW
presoner de guerra,PW
presoner de guerra,PoW
presoner de guerra,prisoner of war
primavera,spring
primer,first
primera,first
prometi,promethium
prostat,prostate
prostitució,prostitution
proteïna,poly peptide
proteïna,protein
protoactini,protactinium
pròstata,prostate
psiquiatra,psychiatrist
pàncrees,pancreas
pèl,hair
quadrilàter,quadrilateral
quasi,almost
química,chemistry
radi,radium
radiació solar,solar radiation
radó,radon
rai,ferry
ramadà,Ramadan
rapinyaire,bird of prey
ratolí,mouse
raïm,grape
realitat,reality
referèndum,plebiscite
referèndum,referendum
ren,reindeer
renaixement,renaissance
reni,rhenium
resolució,decision
riure,laugh
robar,bag
robar,pocket
robar,steal
robí,ruby
rodi,rhodium
roentgueni,roentgenium
romanès,Romanaian
romanès,Romanian
rombe,rhomb
rombe,rhombus
ronyó,kidney
rosa,rose
rubidi,rubidium
rus,Russian
rus,Russian
ruteni,ruthenium
rutherfordi,rutherfordium
rèptil,reptile
rèptil,reptile
rèptil,reptile
sabatilla,slipper
sacrifici,sacrifice
sageta,arrow
sal,salt
sal,salt
sal de cuina,salt
salari,salary
salmó,salmon
salut,health
salze,willow
samari,samarium
sardina,sardine
sastre,tailor
seaborgi,seaborgium
secret,secret
seient,chair
seleni,selenium
semiconductor,semiconductor
sempre,anytime
semàntica,semantics
serbi,Serbian
serbi,Serbian
servidor,server
set,thirst
setembre,September
setmana,week
sexe oral,oral sex
sexologia,sexology
sextant,sextant
sicilià,Sicilian
sicilià,Sicilian
silici,silicon
simfonia,symphony
sinagoga,synagogue
sindhi,Sindhi
sindhi,Sindhi
sintaxi,syntax
sociolingüística,sociolinguistics
sociolingüística,sociology of language
sodi,sodium
sofre,sulphur
somiar,dream
somriure,smile
sord,deaf
soterrani,basement
sspinac,spinach
substantiu,noun
substantiu,substantive
suec,Swedish
suma,addition
sumar,add
supernova,supernova
sàhara,sahara
sànscrit,Sanskrit
sànscrit,Sanskrit
sífilis,syphilis
sílex,flint
sílex,flintstone
tabac,tobacco
tagalog,Tagalog
tal·li,thallium
tardor,autumn
taronja,orange
taula,table
taula periòdica,periodic table
tauró,shark
te,tea
teclat,keyboard
tecneci,technetium
telluri,tellurium
telugu,Telugu
telugu,Telugu
telèfon,phone
telèfon,telephone
tempesta,storm
tempesta,tempest
teocràcia,theocracy
teologia,theology
teoria del caos,chaos theory
teranyina,cobweb
teranyina,spider web
teranyina,web
terbi,terbium
terra,land
terratrèmol,earthquake
terrorista,terrorist
tigre,tiger
titani,titanium
tomàquet,tomato
tonyina,tunafish
topografia,topography
tori,thorium
tornavís,screwdriver
toro,bull
torpede,torpedo
traducció,translation
traduïr,interpret
traduïr,translate
tren,train
triangle,triangle
tro,thunder
trompeta,trumpet
tròpic,torrid zone
tròpic,tropics
tswana,Tswana
tuli,thulium
tulipa,tulip
tundra,tundra
tungstè,tungsten
turc,Turkish
turc,Turkish
turmell,ankle
turmell,talocrural joint
txad,Chad
txad,Republic of Chad
txec,Czech
txec,Czech
txetxè,Chechen
txetxè,Chechen
tàntal,tantalum
ull,eye
unitat monetària,currency
universitat,academy
universitat,academy
universitat,university
universitat,university
universitat,university
universitat,university
ununbi,ununbium
ununhexi,ununhexium
ununocti,ununoctium
ununpenti,ununpentium
ununquadi,ununquadium
ununsepti,ununseptium
ununtri,ununtrium
urani,uranium
urbanització,urbanisation
urdú,Urdu
urdú,Urdu
vaca,cow
vacunació,vaccination
vampir,vampire
vanadi,vanadium
veler,sailing ship
vendre,sell
venir,come
verb,verb
verola,smallpox
vertebrat,vertebrate
vespa,wasp
vestir,clothe
vestir,dress
vestit,dress
veterinari,veterinarian
veterinari,veterinarian
veterinari,veterinary
veí,neighbour
veí,vecino
vi,wine
vidre,glass
vietnamita,Vietnamese
vietnamita,Vietnamese
vigilant,lifeguard
vinagre,vinegar
vinya,vineyard
vist i plau,approbation
vist i plau,approval
vocal,vowel
volapük,Volapük
voleibol,volleyball
voltatge,voltage
vosaltres,y'all
vosaltres,you
vosaltres,you lot
vosaltres,yous
wiki,wiki
xampany,champagne
xenó,xenon
xeringa,syringe
xilòfon,xylophone
ximpanzé,chimpanzee
xiqueta,girl
xocolat,chocolate
xocolata,chocolate
xocolate,chocolate
zebra,zebra
zero,null
zero,zero
zinc,zinc
zirconi,zirconium
zodíac,zodiac
zona horària,timezone
zulú,Zulu
Àguila,Aquila
Àries,Aries
Àustria,Austria
Àustria,Republic of Austria
Índia,India
Índia,Republic of India
àbac,abacus
àcid,acid
àncora,anchor
ànec,duck
àngel,angel
àrab,Arabic
àrab,Standard Arabic
àstat,astatine
àtom,atom
àzeri,Azerbaijani
àzeri,Azerbaijani Cluster
àzeri,Azeri
ètica,ethics
òpera,opera
òptica,optics
ós,bear
ós blanc,polar bear
óssos,ursid
útil,useful
čaj,tea
საჰარა,sahara
