Other,English
A Meca,Mecca
Abidjan,Abidjan
Acerbaixán,Azerbaijan
Acerbaixán,Republic of Azerbaijan
Adelaida,Adelaide
Albania,Albania
Albania,Republic of Albania
Alpes,Alps
Alxeria,Algeria
Alxeria,People's Democratic Republic of Algeria
Andorra,Andorra
Andorra,Principality of Andorra
Angola,Angola
Angola,Republic of Angola
Anguila,Anguilla
Antiga e Barbuda,Antigua and Barbuda
Antártida,Antarctica
Armenia,Armenia
Aruba,Aruba
Arxentina,Argentina
Arxentina,Argentine Republic
Australia,Australia
Australia,Commonwealth of Australia
Austria,Austria
Austria,Republic of Austria
Bahrain,Bahrain
Baixa Saxonia,Lower Saxony
Bangladesh,Bangladesh
Bangladesh,People's Republic of Bangladesh
Bermuda,Bermuda
Berna,Berne
Biblia,Bible
Bo Nadal e próspero aninovo,Merry Christmas and a happy New Year
Borgoña,Bourgogne
Botsuana,Botswana
Botsuana,Republic of Botswana
Boötes,Boötes
Brunei,Brunei
Brunei,Negara Brunei Darussalam
Bulgaria,Bulgaria
Bulgaria,Republic of Bulgaria
Cairo,Cairo
Cairo,Cairo
Cairo,Cairo
Camboxa,Cambodia
Camboxa,Kingdom of Cambodia
Camerún,Cameroon
Camerún,Republic of Cameroon
Chihuahua,Chihuahua
Chile,Chile
Chile,Republic of Chile
Cidade do Vaticano,Vatican City
Cidade do Vaticano,The Holy See
Cidade do Vaticano,State of the Vatican City
Costa do Marfil,Ivory Coast
Costa do Marfil,Cote d'Ivoire
Costa do Marfil,Republic of Cote d'Ivoire
Cuba,Cuba
Cuba,Republic of Cuba
Daguestán,Dagestan
Delaware,Delaware
Eslovaquia,Slovakia
España,Spain
Estonia,Estonia
Estonia,Republic of Estonia
Etiopía,Ethiopia
Etiopía,Federal Democratic Republic of Ethiopia
Exipto,Egypt
Exipto,Arab Republic of Egypt
Flandres,Flanders
Flandres,Flemish region
Francia,France
Gabón,Gabon
Gabón,Gabonese Republic
Grecia,Greece
Grecia,Hellenic Republic
Guadalupe,Guadeloupe
Guam,Guam
Guam,Guam
Guam,Guam
Honduras,Honduras
Honduras,Republic of Honduras
Iacarta,Jakarta
Iacarta,Djakarta
Iacarta,DKI Jakarta
Illas Baleares,Balearic Islands
Illas Caimán,Cayman Islands
Ilíada,Iliad
India,India
India,Republic of India
Indonesia,Indonesia
Indonesia,Republic of Indonesia
Irán,Iran
Irán,Islamic Republic of Iran
Khartún,Khartoum
Lagos,Lagos
Lesoto,Lesotho
Lesoto,Kingdom of Lesotho
Liberia,Liberia
Liberia,Republic of Liberia
Libia,Libya
Libia,Great Socialist People's Libyan Arab Jamahiriya
Lión,Lyon
Macedonia,Macedonia
Macedonia,Republic of Macedonia
Malaui,Malawi
Malaui,Republic of Malaŵi
Mar Exeo,Aegean Sea
Marrocos,Morocco
Marrocos,Kingdom of Morocco
Martinica,Martinique
Mauritania,Mauritania
Mauritania,Islamic Republic of Mauritania
Mayotte,Mayotte
Monte Fuji,Mount Fuji
Montenegro,Montenegro
Myanmar,Myanmar
Málta,Malta
Málta,Republic of Malta
Malta,Malta
Malta,Republic of Malta
Mónaco,Monaco
Namibia,Namibia
Nicaragua,Nicaragua
Niue,Niue
Nova Celandia,New Zealand
O Salvador,El Salvador
O Salvador,Republic of El Salvador
Paquistán,Pakistan
Paquistán,Islamic Republic of Pakistan
Países Baixos,Holland
Países Baixos,Kingdom of the Netherlands
Países Baixos,The Netherlands
Pireneos,Pyrenees
Polinesia Francesa,French Polynesia
Polonia,Poland
Porto Rico,Puerto Rico
Portugal,Portugal
Qatar,Qatar
Quiribati,Kiribati
Quiribati,Republic of Kiribati
República Democrática do Congo,Democratic Republic of the Congo
República Democrática do Congo,Congo-Kinshasa
República Dominicana,Dominican Republic
Ródano,Rhône
San Petersburgo,Leningrad
San Petersburgo,Petrograd
San Petersburgo,Saint Petersburg
San Petersburgo,St. Petersburg
Sena,Seine
Senegal,Senegal
Sochi,Sochi
Sri Lanka,Sri Lanka
Suecia,Sweden
Suíza,Switzerland
Territorio Británico do Océano Índico,British Indian Ocean Territory
Territorio Británico do Océano Índico,BIOT
Timor Leste,East Timor
Timor Leste,Democratic Republic of Timor-Leste
Togo,Togo
Toronto,Toronto
Turinxia,Thuringia
Turquía,Turkey
Uganda,Uganda
Uganda,Republic of Uganda
Unión Europea,EU
Unión Europea,European Union
Volga,Volga
Wallis e Futuna,Wallis and Futuna
Wallis e Futuna,Territory of the Wallis and Futuna Islands
Xamaica,Jamaica
Xapón,Japan
Xapón,State of Japan
Xibraltar,Gibraltar
Zambia,Zambia
Zambia,Republic of Zambia
abella,bee
abolicionista,abolitionist
abreviación,abbreviation
abril,April
absceso,abscess
absolutamente,absolutely
aceptación,acceptance
aceptación,credence
actinio,actinium
activista,activist
acusado,defendant
acusado,accused
acuífero,aquifer
adquisición,acquisition
aforismo,aphorism
agorafobia,agoraphobia
agorafobia,agoraphobia
agorafobia,agoraphobia
agorafobia,agoraphobia
agorafobia,agoraphobia
agorafobia,agoraphobia
agorafobia,agoraphobia
agorafobia,agoraphobia
alcachofa,artichoke
alcoholismo,alcoholism
alegoría,allegory
aliaxe,alloy
almorzo,breakfast
alquimia,alchemy
alquimista,alchemist
alucinación,hallucination
aluminio,aluminium
ambicioso,ambitious
ambulancia,ambulance
americio,americium
amianto,asbestos
anaconda,anaconda
analfabeto,illiterate
analoxía,analogy
anarquismo,anarchism
anfetamina,amphetamine
aniversario,anniversary
ano bisesto,leap year
anticipar,advance
antipartícula,antiparticle
antítese,antithesis
análogo,analogous
anís,anise
apartheid,apartheid
apatía,apathy
apoptose,apoptosis
apóstolo,apostle
arandeira,huckleberry
arandeira,blueberry
argono,argon
armisticio,armistice
arquetipo,archetype
arquiduque,archduke
arquitectura,architecture
arsénico,arsenic
asfalto,asphalt
asimétrico,asymmetric
asimétrico,asymmetrical
asma,asthma
aspiradora,vacuum cleaner
aspirina,aspirin
astato,astatine
asteroide,asteroid
ateo,atheist
atrazina,atrazine
avarento,avaricious
aventura,adventure
avespa,wasp
avestruz,ostrich
axila,armpit
axioma,axiom
babuíno,baboon
badminton,badminton
bancarrota,bankruptcy
barómetro,barometer
beatificación,beatification
bengalí,Bengali
bengalí,Bengali
berilio,beryllium
berilio,glucinium
berquelio,berkelium
bilateral,bilateral
bile,bile
bioquímica,biochemistry
bismuto,bismuth
bohrio,bohrium
bonsai,bonsai
boro,boron
botánica,botany
botánica,phytology
botánica,botany
bromo,bromine
burocracia,bureaucracy
cacto,cactus
cadmio,cadmium
cafeína,caffeine
calcio,calcium
calendario,calendar
calendario gregoriano,Gregorian calendar
calibre,caliber
californio,californium
caligrafía,calligraphy
can,dog
cuzo,dog
cantroxo,lavender
cantroxo,lavander
capítulo,chapter
característico,characteristic
carbono,carbon
carelio,Karelian
cargar,debit
carreira,career
casa,home
casa,home
casa,house
castor,beaver
categoría,category
cebra,zebra
celibato,celibacy
cella,eyebrow
cereixa,cherry
cerio,cerium
cesio,caesium
chancleta,slipper
chegada,arrival
chihuahua,Chihuahua
chihuahua,chihuahua
chumbo,lead
cirurxián,surgeon
cloro,chlorine
clítoris,button
clítoris,clit
clítoris,clitoris
cobalto,cobalt
cobre,copper
coco,kokosnoot
coco,coconut
coello,rabbit
cometa,comet
composto,compound
composto,chemical compound
comunismo,communism
cranio,skull
creatividade,creativity
creatividade,inventiveness
cripton,krypton
cromo,chromium
cueiro,nappy
curio,curium
cámara fotográfica,camera
córnico,Cornish
darmstadtio,darmstadtium
decisión,decision
demografía,demography
desaparafusador,screwdriver
despertador,alarm clock
dialecto,dialect
diarrea,diarrhea
disco ríxido,hard disk drive
disco ríxido,hard disk
disco ríxido,HD
disco duro,hard disk drive
disco duro,hard disk
disco duro,HD
dislexia,dyslexia
disprosio,dysprosium
divorcio,divorce
dióxido de carbono,carbon dioxide
dromedario,dromedary
døv,deaf
xordo,deaf
ecuación,equation
efímero,ephemeral
einstenio,einsteinium
embaixada,embassy
embaixada,diplomatic mission
embaixador,ambassador
embigo,belly button
embigo,bellybutton
embigo,navel
embigo,omphalos
embigo,omphalus
embigo,umbilicus
emerxencia,emergency
empresario,entrepreneur
epicentro,epicentre
epigrama,epigram
epilepsia,epilepsy
erbio,erbium
escandio,scandium
esforzo,effort
esforzo,exertion
esperanza,hope
espárrago,asparagus
estaño,tin
etnografía,ethnography
europio,europium
exaculación,ejaculation
excepción,exception
explícito,explicit
factible,viable
factible,viable
factible,feasible
fagot,bassoon
farmacia,chemist's
farmacia,chemist's shop
farmacia,pharmacy
feliz aninovo,Happy New Year
fermio,fermium
feroés,Faroese
feroés,Faeroese
ferreiro,blacksmith
filosofía,philosophy
flúor,fluorine
fonética,phonetics
formiga,ant
fotón,photon
fractura,fracture
francio,francium
francés,Frenchman
fraude,fraud
fronteira,boundary
fuso horario,timezone
fósforo,phosphorus
fósil,fossil
gadolinio,gadolinium
gaita,bagpipes
galego,Galician
galego,Galician
galio,gallium
ganso,goose
garaxe,garage
geyser,geyser
glándula,gland
gobernador,governor
gong,gong
gorila,gorilla
gramática,grammer
gramática,grammar
granito,granite
gravitón,graviton
grazas,cheers
grazas,thank you
grazas,thanks
gripe,influenza
gripe,flu
hafnio,hafnium
haiku,haiku
hassio,hassium
heroína,heroin
hidróxeno,hydrogen
hiena,hyena
homonymie,homonym
horizonte,horizon
ideolingua,constructed language
ideolingua,artificial language
ideoloxía,ideology
incendiario,arsonist
independencia,independence
indio,indium
inglés,English
iodo,iodine
iridio,iridium
iterbio,ytterbium
itrio,yttrium
jazz,jazz
judo,judo
karate,karate
landra,acorn
lantano,lanthanum
lanterna,lantern
latín,Latin
latín,Latin
laurencio,lawrencium
letargo,lethargy
letargo,sluggishness
letargo,languor
leñador,lumberjack
liberdade,freedom
liberdade,liberty
limburgués,Limburgish
limburgués,Limburgian
litio,lithium
locomotora,locomotive
longo,long
lotaría,lottery
lugar,place
lugar,location
lutecio,lutetium
magnesi,magnesium
mago,wizard
mago,sorcerer
mago,magician
malaria,malaria
paludismo,malaria
manganeso,manganese
mar Caribe,Caribbean Sea
mar das Antillas,Caribbean Sea
maternidade,motherhood
maternidade,maternity
mendelevio,mendelevium
meninxite,meningitis
mercurio,mercury
merlo,blackbird
metafísica,metaphysics
metáfora,metaphor
micrófono,microphone
millafre real,red kite
moeda,currency
morfina,morphine
morsa,walrus
mosquito,musquito
mosquito,mosquito
mottetto,motet
mudo,dumb
músico,musician
nadir,nadir
neodimio,neodymium
neptunium,neptunium
neptunioa,neptunium
neptunio,neptunium
niobio,niobium
nitróxeno,nitrogen
nivelliitos,joint
nivelliitos,articulation
nobelio,nobelium
non,no
níquel,nickel
obedecer,obey
obesidade,obesity
observatorio,observatory
obsoleto,obsolete
obstáculo,obstacle
obstáculo,obstruction
oceanografía,oceanography
oitava,octave
oligarquía,oligarchy
oliva,olive
opio,opium
ornitoloxía,ornithology
orquesta,orchestra
ortografía,orthography
osmio,osmium
osíxeno,oxygen
ou,or
ourizo,hedgehog
ouro,gold
ovario,ovary
ovella,sheep
ozono,ozone
pacifista,pacifist
pagán,heathen
pagán,infidel
pagán,pagan
paladio,palladium
pano,handkerchief
pavo,turkey
peixe,fish
pel,skin
pena capital,death penalty
pena capital,capital punishment
pena capital,death sentence
pena de morte,death penalty
pena de morte,capital punishment
pena de morte,death sentence
península,peninsula
petición,petition
pingüin,penguin
piscina,swimming pool
platino,platinum
plutonio,plutonium
plutonio,plutonium
plutonio,plutonium
plutonio,plutonium
plutonio,plutonium
plutonio,plutonium
plutonio,plutonium
plutonio,plutonium
plutonio,plutonium
polbo,octopus
pole,pollen
polonio,polonium
polución,pollution
pomba,pigeon
pomba,dove
porcelana,porcelain
positrón,positron
posteridade,posterity
potasio,potassium
pragmática,pragmatics
praseodimio,praseodymium
prata,silver
precioso,valuable
prelado,prelate
prometio,promethium
protactinio,protactinium
príncipe,prince
psiquiatra,psychiatrist
páncreas,pancreas
radio,radium
radon,radon
rebaixa,discount
receita,recipe
refén,hostage
renacemento,renaissance
renio,rhenium
ril,kidney
rodio,rhodium
rubidio,rubidium
rubí,ruby
rutenio,ruthenium
rutherfordio,rutherfordium
samario,samarium
sardiña,sardine
seaborxio,seaborgium
sedimentoloxía,sedimentology
semántica,semantics
sextante,sextant
silicio,silicon
sinc,zinc
cinc,zinc
sintaxe,syntax
sociolingüística,sociolinguistics
sociolingüística,sociology of language
soto,basement
supermercado,supermarket
supernova,supernova
suposición,assumption
suposición,supposition
sánscrito,Sanskrit
sánscrito,Sanskrit
síndrome de Down,Down syndrome
síndrome de Down,Down’s syndrome
talio,thallium
tecnecio,technetium
telurio,tellurium
teléfono,phone
teléfono,telephone
teocracia,theocracy
teoría do caos,chaos theory
terbio,terbium
terrorismo,terrorism
teteira,kettle
titanio,titanium
tomate,tomato
topografía,topography
torio,thorium
touciño,bacon
tradución,translation
tren,train
trombón,trombone
trono,thunder
ununbio,ununbium
ununoctio,ununoctium
ununpentio,ununpentium
ununquadio,ununquadium
ununseptio,ununseptium
ununtrio,ununtrium
uranio,uranium
usurpar,usurp
vaca,cow
vanadio,vanadium
veterano,veteran
vitoria pírrica,Pyrrhic victory
vocal,vowel
xenon,xenon
xeranio,geranium
xerarquía,hierarchy
xermanio,germanium
xiringa,syringe
xofre,sulphur
xornalista,journalist
xuño,June
xémeo,twin
Åland,Åland Islands
árbore,tree
ética,ethics
óptica,optics
galician,english
